{
"type": "FeatureCollection",
"name": "Texas",
"crs": { "type": "name", "properties": { "name": "urn:ogc:def:crs:EPSG::3081" } },
"features": [
{ "type": "Feature", "properties": { "fid": 1, "OBJECTID": 1855.0, "NAME": "Lipscomb", "STATE_NAME": "Texas", "STATE_FIPS": "48", "CNTY_FIPS": "295", "FIPS": "48295", "AREA": 911.6296, "POP1990": 3143.0, "POP1999": 2958.0, "POP90_SQMI": 3.0, "HOUSEHOLDS": 1230.0, "MALES": 1580.0, "FEMALES": 1563.0, "WHITE": 3092.0, "BLACK": 1.0, "AMERI_ES": 34.0, "ASIAN_PI": 13.0, "OTHER": 3.0, "HISPANIC": 379.0, "AGE_UNDER5": 218.0, "AGE_5_17": 697.0, "AGE_18_29": 387.0, "AGE_30_49": 838.0, "AGE_50_64": 489.0, "AGE_65_UP": 514.0, "NEVERMARRY": 369.0, "MARRIED": 1686.0, "SEPARATED": 24.0, "WIDOWED": 184.0, "DIVORCED": 138.0, "HSEHLD_1_M": 136.0, "HSEHLD_1_F": 173.0, "MARHH_CHD": 385.0, "MARHH_NO_C": 437.0, "MHH_CHILD": 19.0, "FHH_CHILD": 47.0, "HSE_UNITS": 1683.0, "VACANT": 453.0, "OWNER_OCC": 950.0, "RENTER_OCC": 280.0, "MEDIAN_VAL": 35500.0, "MEDIANRENT": 198, "UNITS_1DET": 1363.0, "UNITS_1ATT": 3.0, "UNITS2": 25.0, "UNITS3_9": 84.0, "UNITS10_49": 3.0, "UNITS50_UP": 0.0, "MOBILEHOME": 196.0, "NO_FARMS87": 314.0, "AVG_SIZE87": 1778.0, "CROP_ACR87": 185901.0, "AVG_SALE87": 101648.0, "Shape_Leng": 1.958301240433812, "Shape_Area": 0.236825402425166, "Datacenter": null, "GDP_Change": 1.2, "HP_Change": null, "Talent-Bachelor": null, "Talent-Master": null, "Talent-Doctor": null, "NetADD": null, "NewDatacenter2023": null, "NewDatacenter2024": null, "NewDatacenter2025": null, "NewDatacenter2022": null, "NewDatacenter2021": null, "1_DC": 0, "1_TT": -0.1119605, "1_TPM": -0.0007872, "1_GDP": -0.2097635, "1_TA": -0.7172131, "1_WI": -0.4878197, "1_SO": -0.3707, "1_ST": -0.3565562, "1_LP": -1.020585, "1_PF": 0.069318, "1_CP": -0.1614918, "1_T": -2.031073, "1_NR": -0.685418, "1_GW": -0.2251265, "1_SW": -0.220112, "1_RW": -0.1722456, "1_EG": -0.5380116, "1_OF": 0.6342789 }, "geometry": { "type": "MultiPolygon", "coordinates": [ [ [ [ -100.00727294855534, 36.493912715763763 ], [ -100.001550693503361, 36.49255478225092 ], [ -99.997553618742018, 36.057591380932138 ], [ -100.541013604722934, 36.058175867578029 ], [ -100.549839323196124, 36.489479089440493 ], [ -100.00727294855534, 36.493912715763763 ] ] ] ] } },
{ "type": "Feature", "properties": { "fid": 2, "OBJECTID": 1856.0, "NAME": "Sherman", "STATE_NAME": "Texas", "STATE_FIPS": "48", "CNTY_FIPS": "421", "FIPS": "48421", "AREA": 920.3315, "POP1990": 2858.0, "POP1999": 2858.0, "POP90_SQMI": 3.0, "HOUSEHOLDS": 1053.0, "MALES": 1424.0, "FEMALES": 1434.0, "WHITE": 2816.0, "BLACK": 4.0, "AMERI_ES": 12.0, "ASIAN_PI": 7.0, "OTHER": 19.0, "HISPANIC": 538.0, "AGE_UNDER5": 215.0, "AGE_5_17": 621.0, "AGE_18_29": 416.0, "AGE_30_49": 783.0, "AGE_50_64": 434.0, "AGE_65_UP": 389.0, "NEVERMARRY": 333.0, "MARRIED": 1541.0, "SEPARATED": 23.0, "WIDOWED": 157.0, "DIVORCED": 114.0, "HSEHLD_1_M": 98.0, "HSEHLD_1_F": 127.0, "MARHH_CHD": 379.0, "MARHH_NO_C": 376.0, "MHH_CHILD": 15.0, "FHH_CHILD": 26.0, "HSE_UNITS": 1293.0, "VACANT": 240.0, "OWNER_OCC": 738.0, "RENTER_OCC": 315.0, "MEDIAN_VAL": 36900.0, "MEDIANRENT": 215, "UNITS_1DET": 1075.0, "UNITS_1ATT": 9.0, "UNITS2": 10.0, "UNITS3_9": 33.0, "UNITS10_49": 1.0, "UNITS50_UP": 0.0, "MOBILEHOME": 155.0, "NO_FARMS87": 297.0, "AVG_SIZE87": 1839.0, "CROP_ACR87": 343316.0, "AVG_SALE87": 729019.0, "Shape_Leng": 1.96590226364404, "Shape_Area": 0.239140006270112, "Datacenter": 1, "GDP_Change": -6.4, "HP_Change": null, "Talent-Bachelor": null, "Talent-Master": null, "Talent-Doctor": null, "NetADD": null, "NewDatacenter2023": null, "NewDatacenter2024": null, "NewDatacenter2025": null, "NewDatacenter2022": null, "NewDatacenter2021": null, "1_DC": 1, "1_TT": -0.1119605, "1_TPM": -0.0007872, "1_GDP": -0.2090702, "1_TA": -0.666769, "1_WI": -0.4356827, "1_SO": -0.3707, "1_ST": -0.3565562, "1_LP": -0.7799427, "1_PF": 0.069318, "1_CP": -0.1614918, "1_T": -2.30506, "1_NR": -0.6074589, "1_GW": -0.2280963, "1_SW": -0.220112, "1_RW": -0.1722456, "1_EG": -0.5362009, "1_OF": 1.381742 }, "geometry": { "type": "MultiPolygon", "coordinates": [ [ [ [ -102.168032095070259, 36.05466096352459 ], [ -102.165673606983319, 36.490234136197124 ], [ -102.034658387679087, 36.492980959687188 ], [ -101.620755555269909, 36.492031444570387 ], [ -101.619943756292514, 36.054745769838732 ], [ -102.168032095070259, 36.05466096352459 ] ] ] ] } },
{ "type": "Feature", "properties": { "fid": 3, "OBJECTID": 1858.0, "NAME": "Dallam", "STATE_NAME": "Texas", "STATE_FIPS": "48", "CNTY_FIPS": "111", "FIPS": "48111", "AREA": 1441.1399, "POP1990": 5461.0, "POP1999": 6730.0, "POP90_SQMI": 4.0, "HOUSEHOLDS": 2122.0, "MALES": 2657.0, "FEMALES": 2804.0, "WHITE": 4600.0, "BLACK": 112.0, "AMERI_ES": 43.0, "ASIAN_PI": 14.0, "OTHER": 692.0, "HISPANIC": 1151.0, "AGE_UNDER5": 458.0, "AGE_5_17": 1202.0, "AGE_18_29": 851.0, "AGE_30_49": 1377.0, "AGE_50_64": 778.0, "AGE_65_UP": 795.0, "NEVERMARRY": 686.0, "MARRIED": 2594.0, "SEPARATED": 66.0, "WIDOWED": 366.0, "DIVORCED": 341.0, "HSEHLD_1_M": 248.0, "HSEHLD_1_F": 331.0, "MARHH_CHD": 635.0, "MARHH_NO_C": 622.0, "MHH_CHILD": 39.0, "FHH_CHILD": 123.0, "HSE_UNITS": 2577.0, "VACANT": 455.0, "OWNER_OCC": 1457.0, "RENTER_OCC": 665.0, "MEDIAN_VAL": 28100.0, "MEDIANRENT": 222, "UNITS_1DET": 2018.0, "UNITS_1ATT": 33.0, "UNITS2": 62.0, "UNITS3_9": 46.0, "UNITS10_49": 41.0, "UNITS50_UP": 0.0, "MOBILEHOME": 348.0, "NO_FARMS87": 397.0, "AVG_SIZE87": 1981.0, "CROP_ACR87": 383903.0, "AVG_SALE87": 420286.0, "Shape_Leng": 2.5887646606534389, "Shape_Area": 0.37441301925506698, "Datacenter": null, "GDP_Change": -3.1, "HP_Change": null, "Talent-Bachelor": null, "Talent-Master": null, "Talent-Doctor": null, "NetADD": null, "NewDatacenter2023": null, "NewDatacenter2024": null, "NewDatacenter2025": null, "NewDatacenter2022": null, "NewDatacenter2021": null, "1_DC": 0, "1_TT": -0.1119605, "1_TPM": -0.0007872, "1_GDP": -0.2016825, "1_TA": -0.6645935, "1_WI": -0.4878197, "1_SO": -0.3707, "1_ST": -0.3565562, "1_LP": -0.7799427, "1_PF": 0.069318, "1_CP": -0.1614918, "1_T": -2.77831, "1_NR": 0.0744233, "1_GW": -0.1913964, "1_SW": -0.220112, "1_RW": -0.1722456, "1_EG": -0.5380116, "1_OF": 1.796245 }, "geometry": { "type": "MultiPolygon", "coordinates": [ [ [ [ -102.168032095070259, 36.05466096352459 ], [ -103.024047954518267, 36.056061850311245 ], [ -103.027286789536049, 36.491591845507976 ], [ -102.997400999016463, 36.49237018398464 ], [ -102.165673606983319, 36.490234136197124 ], [ -102.168032095070259, 36.05466096352459 ] ] ] ] } },
{ "type": "Feature", "properties": { "fid": 4, "OBJECTID": 1859.0, "NAME": "Hansford", "STATE_NAME": "Texas", "STATE_FIPS": "48", "CNTY_FIPS": "195", "FIPS": "48195", "AREA": 893.074, "POP1990": 5848.0, "POP1999": 5371.0, "POP90_SQMI": 7.0, "HOUSEHOLDS": 2112.0, "MALES": 2913.0, "FEMALES": 2935.0, "WHITE": 4821.0, "BLACK": 0.0, "AMERI_ES": 23.0, "ASIAN_PI": 14.0, "OTHER": 990.0, "HISPANIC": 1174.0, "AGE_UNDER5": 450.0, "AGE_5_17": 1370.0, "AGE_18_29": 841.0, "AGE_30_49": 1585.0, "AGE_50_64": 851.0, "AGE_65_UP": 751.0, "NEVERMARRY": 657.0, "MARRIED": 3015.0, "SEPARATED": 46.0, "WIDOWED": 315.0, "DIVORCED": 267.0, "HSEHLD_1_M": 203.0, "HSEHLD_1_F": 260.0, "MARHH_CHD": 774.0, "MARHH_NO_C": 685.0, "MHH_CHILD": 27.0, "FHH_CHILD": 80.0, "HSE_UNITS": 2525.0, "VACANT": 413.0, "OWNER_OCC": 1565.0, "RENTER_OCC": 547.0, "MEDIAN_VAL": 43800.0, "MEDIANRENT": 235, "UNITS_1DET": 2022.0, "UNITS_1ATT": 14.0, "UNITS2": 25.0, "UNITS3_9": 69.0, "UNITS10_49": 3.0, "UNITS50_UP": 0.0, "MOBILEHOME": 362.0, "NO_FARMS87": 343.0, "AVG_SIZE87": 1679.0, "CROP_ACR87": 342682.0, "AVG_SALE87": 906248.0, "Shape_Leng": 1.9369683350101861, "Shape_Area": 0.231995480280375, "Datacenter": null, "GDP_Change": -7.8, "HP_Change": null, "Talent-Bachelor": null, "Talent-Master": null, "Talent-Doctor": null, "NetADD": null, "NewDatacenter2023": null, "NewDatacenter2024": null, "NewDatacenter2025": null, "NewDatacenter2022": null, "NewDatacenter2021": null, "1_DC": 0, "1_TT": -0.1119605, "1_TPM": -0.0007872, "1_GDP": -0.2041268, "1_TA": -0.4831516, "1_WI": 2.702965, "1_SO": -0.3707, "1_ST": -0.3565562, "1_LP": -0.7799427, "1_PF": 0.069318, "1_CP": -0.1614918, "1_T": -2.006165, "1_NR": -0.2249396, "1_GW": -0.2076748, "1_SW": -0.220112, "1_RW": -0.1722456, "1_EG": 0.4496455, "1_OF": 1.113335 }, "geometry": { "type": "MultiPolygon", "coordinates": [ [ [ [ -101.619943756292514, 36.054745769838732 ], [ -101.620755555269909, 36.492031444570387 ], [ -101.090102366885162, 36.488050271326514 ], [ -101.082745969807036, 36.05629918592264 ], [ -101.619943756292514, 36.054745769838732 ] ] ] ] } },
{ "type": "Feature", "properties": { "fid": 5, "OBJECTID": 1868.0, "NAME": "Ochiltree", "STATE_NAME": "Texas", "STATE_FIPS": "48", "CNTY_FIPS": "357", "FIPS": "48357", "AREA": 899.7897, "POP1990": 9128.0, "POP1999": 8910.0, "POP90_SQMI": 10.0, "HOUSEHOLDS": 3328.0, "MALES": 4562.0, "FEMALES": 4566.0, "WHITE": 8023.0, "BLACK": 2.0, "AMERI_ES": 105.0, "ASIAN_PI": 8.0, "OTHER": 990.0, "HISPANIC": 1641.0, "AGE_UNDER5": 757.0, "AGE_5_17": 2065.0, "AGE_18_29": 1476.0, "AGE_30_49": 2627.0, "AGE_50_64": 1208.0, "AGE_65_UP": 995.0, "NEVERMARRY": 1032.0, "MARRIED": 4649.0, "SEPARATED": 89.0, "WIDOWED": 425.0, "DIVORCED": 514.0, "HSEHLD_1_M": 302.0, "HSEHLD_1_F": 383.0, "MARHH_CHD": 1218.0, "MARHH_NO_C": 1045.0, "MHH_CHILD": 55.0, "FHH_CHILD": 177.0, "HSE_UNITS": 3996.0, "VACANT": 668.0, "OWNER_OCC": 2376.0, "RENTER_OCC": 952.0, "MEDIAN_VAL": 45400.0, "MEDIANRENT": 266, "UNITS_1DET": 3055.0, "UNITS_1ATT": 38.0, "UNITS2": 70.0, "UNITS3_9": 92.0, "UNITS10_49": 150.0, "UNITS50_UP": 0.0, "MOBILEHOME": 557.0, "NO_FARMS87": 391.0, "AVG_SIZE87": 1553.0, "CROP_ACR87": 362682.0, "AVG_SALE87": 278565.0, "Shape_Leng": 1.945215444279641, "Shape_Area": 0.23380253295824299, "Datacenter": null, "GDP_Change": -7.5, "HP_Change": null, "Talent-Bachelor": null, "Talent-Master": null, "Talent-Doctor": null, "NetADD": null, "NewDatacenter2023": null, "NewDatacenter2024": null, "NewDatacenter2025": null, "NewDatacenter2022": null, "NewDatacenter2021": null, "1_DC": 0, "1_TT": -0.1119605, "1_TPM": -0.0007872, "1_GDP": -0.2015314, "1_TA": -0.6730379, "1_WI": 0.1638929, "1_SO": -0.3707, "1_ST": -0.3565562, "1_LP": -0.7799427, "1_PF": 0.069318, "1_CP": -0.1614918, "1_T": -1.981257, "1_NR": -0.4577774, "1_GW": -0.1708283, "1_SW": -0.220112, "1_RW": 0.0528667, "1_EG": -0.310874, "1_OF": 1.239045 }, "geometry": { "type": "MultiPolygon", "coordinates": [ [ [ [ -101.082745969807036, 36.05629918592264 ], [ -101.090102366885162, 36.488050271326514 ], [ -100.957341408628452, 36.489637670654048 ], [ -100.549839323196124, 36.489479089440493 ], [ -100.541013604722934, 36.058175867578029 ], [ -101.082745969807036, 36.05629918592264 ] ] ] ] } },
{ "type": "Feature", "properties": { "fid": 6, "OBJECTID": 1939.0, "NAME": "Roberts", "STATE_NAME": "Texas", "STATE_FIPS": "48", "CNTY_FIPS": "393", "FIPS": "48393", "AREA": 913.5487, "POP1990": 1025.0, "POP1999": 917.0, "POP90_SQMI": 1.0, "HOUSEHOLDS": 391.0, "MALES": 500.0, "FEMALES": 525.0, "WHITE": 1002.0, "BLACK": 0.0, "AMERI_ES": 1.0, "ASIAN_PI": 2.0, "OTHER": 20.0, "HISPANIC": 34.0, "AGE_UNDER5": 70.0, "AGE_5_17": 237.0, "AGE_18_29": 114.0, "AGE_30_49": 324.0, "AGE_50_64": 163.0, "AGE_65_UP": 117.0, "NEVERMARRY": 110.0, "MARRIED": 562.0, "SEPARATED": 6.0, "WIDOWED": 58.0, "DIVORCED": 37.0, "HSEHLD_1_M": 29.0, "HSEHLD_1_F": 57.0, "MARHH_CHD": 147.0, "MARHH_NO_C": 131.0, "MHH_CHILD": 5.0, "FHH_CHILD": 9.0, "HSE_UNITS": 492.0, "VACANT": 101.0, "OWNER_OCC": 281.0, "RENTER_OCC": 110.0, "MEDIAN_VAL": 42200.0, "MEDIANRENT": 191, "UNITS_1DET": 403.0, "UNITS_1ATT": 2.0, "UNITS2": 12.0, "UNITS3_9": 4.0, "UNITS10_49": 0.0, "UNITS50_UP": 0.0, "MOBILEHOME": 69.0, "NO_FARMS87": 106.0, "AVG_SIZE87": 4945.0, "CROP_ACR87": 58088.0, "AVG_SALE87": 217001.0, "Shape_Leng": 1.9569154989476669, "Shape_Area": 0.23603443090853299, "Datacenter": null, "GDP_Change": -13.2, "HP_Change": null, "Talent-Bachelor": null, "Talent-Master": null, "Talent-Doctor": null, "NetADD": null, "NewDatacenter2023": null, "NewDatacenter2024": null, "NewDatacenter2025": null, "NewDatacenter2022": null, "NewDatacenter2021": null, "1_DC": 0, "1_TT": -0.1119605, "1_TPM": -0.0007872, "1_GDP": -0.2186943, "1_TA": -1.045641, "1_WI": -0.4878197, "1_SO": -0.3707, "1_ST": -0.3565562, "1_LP": -1.020585, "1_PF": 0.069318, "1_CP": -0.1614918, "1_T": -1.582731, "1_NR": -1.495153, "1_GW": -0.2401951, "1_SW": -0.220112, "1_RW": -0.1722456, "1_EG": -0.3762474, "1_OF": -1.448426 }, "geometry": { "type": "MultiPolygon", "coordinates": [ [ [ [ -101.09415897553373, 35.624696262301917 ], [ -101.082745969807036, 36.05629918592264 ], [ -100.541013604722934, 36.058175867578029 ], [ -100.543593749108823, 35.625323311614324 ], [ -101.086239348570871, 35.624768743816034 ], [ -101.09415897553373, 35.624696262301917 ] ] ] ] } },
{ "type": "Feature", "properties": { "fid": 7, "OBJECTID": 1940.0, "NAME": "Hemphill", "STATE_NAME": "Texas", "STATE_FIPS": "48", "CNTY_FIPS": "211", "FIPS": "48211", "AREA": 916.94, "POP1990": 3720.0, "POP1999": 3513.0, "POP90_SQMI": 4.0, "HOUSEHOLDS": 1348.0, "MALES": 1816.0, "FEMALES": 1904.0, "WHITE": 3503.0, "BLACK": 7.0, "AMERI_ES": 22.0, "ASIAN_PI": 5.0, "OTHER": 183.0, "HISPANIC": 412.0, "AGE_UNDER5": 277.0, "AGE_5_17": 873.0, "AGE_18_29": 498.0, "AGE_30_49": 1085.0, "AGE_50_64": 494.0, "AGE_65_UP": 493.0, "NEVERMARRY": 393.0, "MARRIED": 1903.0, "SEPARATED": 22.0, "WIDOWED": 242.0, "DIVORCED": 184.0, "HSEHLD_1_M": 117.0, "HSEHLD_1_F": 179.0, "MARHH_CHD": 494.0, "MARHH_NO_C": 428.0, "MHH_CHILD": 18.0, "FHH_CHILD": 57.0, "HSE_UNITS": 1712.0, "VACANT": 364.0, "OWNER_OCC": 991.0, "RENTER_OCC": 357.0, "MEDIAN_VAL": 47500.0, "MEDIANRENT": 241, "UNITS_1DET": 1265.0, "UNITS_1ATT": 10.0, "UNITS2": 27.0, "UNITS3_9": 12.0, "UNITS10_49": 42.0, "UNITS50_UP": 0.0, "MOBILEHOME": 337.0, "NO_FARMS87": 228.0, "AVG_SIZE87": 2699.0, "CROP_ACR87": 68984.0, "AVG_SALE87": 217232.0, "Shape_Leng": 1.958306121176258, "Shape_Area": 0.23691140394521101, "Datacenter": null, "GDP_Change": -10.7, "HP_Change": null, "Talent-Bachelor": null, "Talent-Master": null, "Talent-Doctor": null, "NetADD": null, "NewDatacenter2023": null, "NewDatacenter2024": null, "NewDatacenter2025": null, "NewDatacenter2022": null, "NewDatacenter2021": null, "1_DC": 0, "1_TT": -0.1119605, "1_TPM": -0.0007872, "1_GDP": -0.2134934, "1_TA": -0.7792246, "1_WI": 0.2655601, "1_SO": -0.3707, "1_ST": -0.3565562, "1_LP": -1.020585, "1_PF": 0.069318, "1_CP": -0.1614918, "1_T": -1.682362, "1_NR": -1.057543, "1_GW": -0.2286462, "1_SW": -0.220112, "1_RW": -0.1722456, "1_EG": -0.5380116, "1_OF": 1.252635 }, "geometry": { "type": "MultiPolygon", "coordinates": [ [ [ [ -100.000392481851691, 35.618856219504195 ], [ -100.543593749108823, 35.625323311614324 ], [ -100.541013604722934, 36.058175867578029 ], [ -99.997553618742018, 36.057591380932138 ], [ -99.998123125064467, 35.883837525295533 ], [ -100.000392481851691, 35.618856219504195 ] ] ] ] } },
{ "type": "Feature", "properties": { "fid": 8, "OBJECTID": 1942.0, "NAME": "Hutchinson", "STATE_NAME": "Texas", "STATE_FIPS": "48", "CNTY_FIPS": "233", "FIPS": "48233", "AREA": 887.759, "POP1990": 25689.0, "POP1999": 24008.0, "POP90_SQMI": 29.0, "HOUSEHOLDS": 9642.0, "MALES": 12680.0, "FEMALES": 13009.0, "WHITE": 22661.0, "BLACK": 677.0, "AMERI_ES": 362.0, "ASIAN_PI": 105.0, "OTHER": 1884.0, "HISPANIC": 2509.0, "AGE_UNDER5": 1843.0, "AGE_5_17": 5630.0, "AGE_18_29": 3680.0, "AGE_30_49": 6909.0, "AGE_50_64": 3778.0, "AGE_65_UP": 3849.0, "NEVERMARRY": 3049.0, "MARRIED": 13068.0, "SEPARATED": 266.0, "WIDOWED": 1567.0, "DIVORCED": 1437.0, "HSEHLD_1_M": 878.0, "HSEHLD_1_F": 1292.0, "MARHH_CHD": 3106.0, "MARHH_NO_C": 3256.0, "MHH_CHILD": 161.0, "FHH_CHILD": 471.0, "HSE_UNITS": 11419.0, "VACANT": 1777.0, "OWNER_OCC": 7469.0, "RENTER_OCC": 2173.0, "MEDIAN_VAL": 38200.0, "MEDIANRENT": 239, "UNITS_1DET": 8823.0, "UNITS_1ATT": 125.0, "UNITS2": 167.0, "UNITS3_9": 442.0, "UNITS10_49": 289.0, "UNITS50_UP": 62.0, "MOBILEHOME": 1416.0, "NO_FARMS87": 173.0, "AVG_SIZE87": 2571.0, "CROP_ACR87": 102705.0, "AVG_SALE87": 234311.0, "Shape_Leng": 1.926814018542979, "Shape_Area": 0.22937354317248501, "Datacenter": null, "GDP_Change": 56.0, "HP_Change": null, "Talent-Bachelor": null, "Talent-Master": null, "Talent-Doctor": null, "NetADD": null, "NewDatacenter2023": null, "NewDatacenter2024": null, "NewDatacenter2025": null, "NewDatacenter2022": null, "NewDatacenter2021": null, "1_DC": 0, "1_TT": -0.1119605, "1_TPM": -0.0007872, "1_GDP": -0.0154737, "1_TA": -0.5409867, "1_WI": -0.4356827, "1_SO": -0.3707, "1_ST": -0.3565562, "1_LP": -1.020585, "1_PF": 0.069318, "1_CP": -0.1614918, "1_T": -1.632546, "1_NR": 0.6149397, "1_GW": -0.0614985, "1_SW": -0.220112, "1_RW": -0.1722456, "1_EG": -0.1852769, "1_OF": -0.3306286 }, "geometry": { "type": "MultiPolygon", "coordinates": [ [ [ [ -101.09415897553373, 35.624696262301917 ], [ -101.62271201657984, 35.625448080814444 ], [ -101.619943756292514, 36.054745769838732 ], [ -101.082745969807036, 36.05629918592264 ], [ -101.09415897553373, 35.624696262301917 ] ] ] ] } },
{ "type": "Feature", "properties": { "fid": 9, "OBJECTID": 1943.0, "NAME": "Hartley", "STATE_NAME": "Texas", "STATE_FIPS": "48", "CNTY_FIPS": "205", "FIPS": "48205", "AREA": 1432.3468, "POP1990": 3634.0, "POP1999": 5076.0, "POP90_SQMI": 3.0, "HOUSEHOLDS": 1332.0, "MALES": 1746.0, "FEMALES": 1888.0, "WHITE": 3510.0, "BLACK": 9.0, "AMERI_ES": 30.0, "ASIAN_PI": 7.0, "OTHER": 78.0, "HISPANIC": 201.0, "AGE_UNDER5": 234.0, "AGE_5_17": 819.0, "AGE_18_29": 386.0, "AGE_30_49": 1062.0, "AGE_50_64": 564.0, "AGE_65_UP": 569.0, "NEVERMARRY": 418.0, "MARRIED": 1958.0, "SEPARATED": 26.0, "WIDOWED": 241.0, "DIVORCED": 136.0, "HSEHLD_1_M": 100.0, "HSEHLD_1_F": 172.0, "MARHH_CHD": 481.0, "MARHH_NO_C": 476.0, "MHH_CHILD": 11.0, "FHH_CHILD": 35.0, "HSE_UNITS": 1541.0, "VACANT": 209.0, "OWNER_OCC": 1030.0, "RENTER_OCC": 302.0, "MEDIAN_VAL": 60600.0, "MEDIANRENT": 258, "UNITS_1DET": 1322.0, "UNITS_1ATT": 5.0, "UNITS2": 9.0, "UNITS3_9": 47.0, "UNITS10_49": 24.0, "UNITS50_UP": 0.0, "MOBILEHOME": 129.0, "NO_FARMS87": 246.0, "AVG_SIZE87": 3890.0, "CROP_ACR87": 251460.0, "AVG_SALE87": 899505.0, "Shape_Leng": 2.579517424442197, "Shape_Area": 0.370086189011259, "Datacenter": null, "GDP_Change": 9.6, "HP_Change": null, "Talent-Bachelor": null, "Talent-Master": null, "Talent-Doctor": null, "NetADD": null, "NewDatacenter2023": null, "NewDatacenter2024": null, "NewDatacenter2025": null, "NewDatacenter2022": null, "NewDatacenter2021": null, "1_DC": 0, "1_TT": -0.1119605, "1_TPM": -0.0007872, "1_GDP": -0.1971305, "1_TA": -0.8394213, "1_WI": -0.4773923, "1_SO": -0.3707, "1_ST": -0.3565562, "1_LP": -0.7799427, "1_PF": 0.069318, "1_CP": -0.1614918, "1_T": -2.429599, "1_NR": -0.5149474, "1_GW": -0.202982, "1_SW": -0.220112, "1_RW": -0.1722456, "1_EG": -0.5380116, "1_OF": 1.504055 }, "geometry": { "type": "MultiPolygon", "coordinates": [ [ [ [ -103.022294048010053, 35.623648017052055 ], [ -103.022612263712745, 35.742327298720291 ], [ -103.024047954518267, 36.056061850311245 ], [ -102.168032095070259, 36.05466096352459 ], [ -102.160906753940083, 35.625025566701282 ], [ -103.022294048010053, 35.623648017052055 ] ] ] ] } },
{ "type": "Feature", "properties": { "fid": 10, "OBJECTID": 1945.0, "NAME": "Moore", "STATE_NAME": "Texas", "STATE_FIPS": "48", "CNTY_FIPS": "341", "FIPS": "48341", "AREA": 902.812, "POP1990": 17865.0, "POP1999": 19907.0, "POP90_SQMI": 20.0, "HOUSEHOLDS": 6101.0, "MALES": 8941.0, "FEMALES": 8924.0, "WHITE": 12789.0, "BLACK": 95.0, "AMERI_ES": 123.0, "ASIAN_PI": 282.0, "OTHER": 4576.0, "HISPANIC": 5693.0, "AGE_UNDER5": 1689.0, "AGE_5_17": 4213.0, "AGE_18_29": 3228.0, "AGE_30_49": 4737.0, "AGE_50_64": 2231.0, "AGE_65_UP": 1767.0, "NEVERMARRY": 2281.0, "MARRIED": 8720.0, "SEPARATED": 210.0, "WIDOWED": 800.0, "DIVORCED": 861.0, "HSEHLD_1_M": 497.0, "HSEHLD_1_F": 651.0, "MARHH_CHD": 2351.0, "MARHH_NO_C": 1817.0, "MHH_CHILD": 137.0, "FHH_CHILD": 332.0, "HSE_UNITS": 6837.0, "VACANT": 736.0, "OWNER_OCC": 4236.0, "RENTER_OCC": 1865.0, "MEDIAN_VAL": 46400.0, "MEDIANRENT": 251, "UNITS_1DET": 5108.0, "UNITS_1ATT": 57.0, "UNITS2": 168.0, "UNITS3_9": 552.0, "UNITS10_49": 201.0, "UNITS50_UP": 0.0, "MOBILEHOME": 694.0, "NO_FARMS87": 297.0, "AVG_SIZE87": 1902.0, "CROP_ACR87": 262265.0, "AVG_SALE87": 701946.0, "Shape_Leng": 1.945284341148932, "Shape_Area": 0.233261671284238, "Datacenter": 1, "GDP_Change": 15.4, "HP_Change": null, "Talent-Bachelor": null, "Talent-Master": null, "Talent-Doctor": null, "NetADD": null, "NewDatacenter2023": null, "NewDatacenter2024": null, "NewDatacenter2025": null, "NewDatacenter2022": null, "NewDatacenter2021": null, "1_DC": 1, "1_TT": -0.1119605, "1_TPM": -0.0007872, "1_GDP": -0.121125, "1_TA": -0.5690111, "1_WI": -0.2271347, "1_SO": -0.3707, "1_ST": -0.3565562, "1_LP": -0.7799427, "1_PF": 0.069318, "1_CP": -0.1614918, "1_T": -2.006165, "1_NR": 0.425759, "1_GW": -0.0517461, "1_SW": -0.220112, "1_RW": -0.1722456, "1_EG": -0.5008568, "1_OF": 1.041986 }, "geometry": { "type": "MultiPolygon", "coordinates": [ [ [ [ -102.160906753940083, 35.625025566701282 ], [ -102.168032095070259, 36.05466096352459 ], [ -101.619943756292514, 36.054745769838732 ], [ -101.62271201657984, 35.625448080814444 ], [ -102.160906753940083, 35.625025566701282 ] ] ] ] } },
{ "type": "Feature", "properties": { "fid": 11, "OBJECTID": 2021.0, "NAME": "Potter", "STATE_NAME": "Texas", "STATE_FIPS": "48", "CNTY_FIPS": "375", "FIPS": "48375", "AREA": 917.7564, "POP1990": 97874.0, "POP1999": 109448.0, "POP90_SQMI": 107.0, "HOUSEHOLDS": 37344.0, "MALES": 47044.0, "FEMALES": 50830.0, "WHITE": 73884.0, "BLACK": 8673.0, "AMERI_ES": 901.0, "ASIAN_PI": 2570.0, "OTHER": 11846.0, "HISPANIC": 19246.0, "AGE_UNDER5": 8742.0, "AGE_5_17": 19398.0, "AGE_18_29": 18545.0, "AGE_30_49": 25800.0, "AGE_50_64": 12583.0, "AGE_65_UP": 12806.0, "NEVERMARRY": 15692.0, "MARRIED": 40347.0, "SEPARATED": 2319.0, "WIDOWED": 6576.0, "DIVORCED": 8786.0, "HSEHLD_1_M": 4274.0, "HSEHLD_1_F": 6287.0, "MARHH_CHD": 9801.0, "MARHH_NO_C": 9323.0, "MHH_CHILD": 831.0, "FHH_CHILD": 3434.0, "HSE_UNITS": 42927.0, "VACANT": 5583.0, "OWNER_OCC": 22490.0, "RENTER_OCC": 14854.0, "MEDIAN_VAL": 39100.0, "MEDIANRENT": 274, "UNITS_1DET": 29308.0, "UNITS_1ATT": 1522.0, "UNITS2": 1951.0, "UNITS3_9": 2291.0, "UNITS10_49": 2984.0, "UNITS50_UP": 1613.0, "MOBILEHOME": 2651.0, "NO_FARMS87": 177.0, "AVG_SIZE87": 3089.0, "CROP_ACR87": 58311.0, "AVG_SALE87": 101282.0, "Shape_Leng": 1.950728321398322, "Shape_Area": 0.235855924991836, "Datacenter": 17, "GDP_Change": 2.0, "HP_Change": 0.7, "Talent-Bachelor": null, "Talent-Master": null, "Talent-Doctor": null, "NetADD": null, "NewDatacenter2023": null, "NewDatacenter2024": null, "NewDatacenter2025": null, "NewDatacenter2022": null, "NewDatacenter2021": null, "1_DC": 17, "1_TT": -0.1119605, "1_TPM": -0.0007872, "1_GDP": 0.0084294, "1_TA": 0.2319947, "1_WI": -0.4878197, "1_SO": -0.3707, "1_ST": -0.3565562, "1_LP": -1.020585, "1_PF": 0.069318, "1_CP": -0.1614918, "1_T": -1.781994, "1_NR": 1.360229, "1_GW": 0.3937488, "1_SW": -0.1739978, "1_RW": -0.1722456, "1_EG": 0.3555829, "1_OF": 1.425911 }, "geometry": { "type": "MultiPolygon", "coordinates": [ [ [ [ -102.151788994770641, 35.181198391020523 ], [ -102.160906753940083, 35.625025566701282 ], [ -101.62271201657984, 35.625448080814444 ], [ -101.626279850221238, 35.182360276960509 ], [ -102.151788994770641, 35.181198391020523 ] ] ] ] } },
{ "type": "Feature", "properties": { "fid": 12, "OBJECTID": 2022.0, "NAME": "Carson", "STATE_NAME": "Texas", "STATE_FIPS": "48", "CNTY_FIPS": "065", "FIPS": "48065", "AREA": 926.4785, "POP1990": 6576.0, "POP1999": 6712.0, "POP90_SQMI": 7.0, "HOUSEHOLDS": 2402.0, "MALES": 3190.0, "FEMALES": 3386.0, "WHITE": 6315.0, "BLACK": 11.0, "AMERI_ES": 44.0, "ASIAN_PI": 9.0, "OTHER": 197.0, "HISPANIC": 354.0, "AGE_UNDER5": 466.0, "AGE_5_17": 1501.0, "AGE_18_29": 808.0, "AGE_30_49": 1808.0, "AGE_50_64": 977.0, "AGE_65_UP": 1016.0, "NEVERMARRY": 744.0, "MARRIED": 3430.0, "SEPARATED": 45.0, "WIDOWED": 386.0, "DIVORCED": 325.0, "HSEHLD_1_M": 188.0, "HSEHLD_1_F": 305.0, "MARHH_CHD": 850.0, "MARHH_NO_C": 831.0, "MHH_CHILD": 34.0, "FHH_CHILD": 91.0, "HSE_UNITS": 2856.0, "VACANT": 454.0, "OWNER_OCC": 1950.0, "RENTER_OCC": 452.0, "MEDIAN_VAL": 40200.0, "MEDIANRENT": 237, "UNITS_1DET": 2384.0, "UNITS_1ATT": 16.0, "UNITS2": 12.0, "UNITS3_9": 27.0, "UNITS10_49": 2.0, "UNITS50_UP": 0.0, "MOBILEHOME": 396.0, "NO_FARMS87": 335.0, "AVG_SIZE87": 1940.0, "CROP_ACR87": 288926.0, "AVG_SALE87": 181391.0, "Shape_Leng": 1.961038811847466, "Shape_Area": 0.23810171104910999, "Datacenter": null, "GDP_Change": -2.9, "HP_Change": null, "Talent-Bachelor": null, "Talent-Master": null, "Talent-Doctor": null, "NetADD": null, "NewDatacenter2023": null, "NewDatacenter2024": null, "NewDatacenter2025": 1, "NewDatacenter2022": null, "NewDatacenter2021": null, "1_DC": 0, "1_TT": -0.1119605, "1_TPM": -0.0007872, "1_GDP": -0.1932101, "1_TA": -0.0407494, "1_WI": 2.695145, "1_SO": -0.3707, "1_ST": -0.3565562, "1_LP": -1.016363, "1_PF": 0.069318, "1_CP": -0.1614918, "1_T": -1.757086, "1_NR": -0.7727322, "1_GW": -0.1714516, "1_SW": -0.1917893, "1_RW": -0.1722456, "1_EG": 0.3790986, "1_OF": 0.2469569 }, "geometry": { "type": "MultiPolygon", "coordinates": [ [ [ [ -101.086239348570871, 35.624768743816034 ], [ -101.08784162244973, 35.181747108805531 ], [ -101.626279850221238, 35.182360276960509 ], [ -101.62271201657984, 35.625448080814444 ], [ -101.09415897553373, 35.624696262301917 ], [ -101.086239348570871, 35.624768743816034 ] ] ] ] } },
{ "type": "Feature", "properties": { "fid": 13, "OBJECTID": 2023.0, "NAME": "Gray", "STATE_NAME": "Texas", "STATE_FIPS": "48", "CNTY_FIPS": "179", "FIPS": "48179", "AREA": 943.3527, "POP1990": 23967.0, "POP1999": 23477.0, "POP90_SQMI": 25.0, "HOUSEHOLDS": 9548.0, "MALES": 11497.0, "FEMALES": 12470.0, "WHITE": 21566.0, "BLACK": 899.0, "AMERI_ES": 216.0, "ASIAN_PI": 115.0, "OTHER": 1171.0, "HISPANIC": 1895.0, "AGE_UNDER5": 1612.0, "AGE_5_17": 4725.0, "AGE_18_29": 3415.0, "AGE_30_49": 6264.0, "AGE_50_64": 3789.0, "AGE_65_UP": 4162.0, "NEVERMARRY": 2780.0, "MARRIED": 12185.0, "SEPARATED": 309.0, "WIDOWED": 1850.0, "DIVORCED": 1491.0, "HSEHLD_1_M": 841.0, "HSEHLD_1_F": 1619.0, "MARHH_CHD": 2666.0, "MARHH_NO_C": 3261.0, "MHH_CHILD": 139.0, "FHH_CHILD": 532.0, "HSE_UNITS": 11532.0, "VACANT": 1984.0, "OWNER_OCC": 7222.0, "RENTER_OCC": 2326.0, "MEDIAN_VAL": 35500.0, "MEDIANRENT": 244, "UNITS_1DET": 9566.0, "UNITS_1ATT": 129.0, "UNITS2": 183.0, "UNITS3_9": 278.0, "UNITS10_49": 260.0, "UNITS50_UP": 125.0, "MOBILEHOME": 907.0, "NO_FARMS87": 323.0, "AVG_SIZE87": 1562.0, "CROP_ACR87": 162729.0, "AVG_SALE87": 273062.0, "Shape_Leng": 1.9804618816679309, "Shape_Area": 0.242433189373464, "Datacenter": null, "GDP_Change": 2.1, "HP_Change": null, "Talent-Bachelor": null, "Talent-Master": null, "Talent-Doctor": null, "NetADD": null, "NewDatacenter2023": null, "NewDatacenter2024": null, "NewDatacenter2025": null, "NewDatacenter2022": null, "NewDatacenter2021": null, "1_DC": 0, "1_TT": -0.1119605, "1_TPM": -0.0007872, "1_GDP": -0.1931553, "1_TA": -0.0994095, "1_WI": -0.4878197, "1_SO": -0.3707, "1_ST": -0.3565562, "1_LP": -1.016363, "1_PF": 0.069318, "1_CP": -0.1614918, "1_T": -1.607638, "1_NR": 0.3602733, "1_GW": -0.1911764, "1_SW": -0.1842121, "1_RW": -0.1479586, "1_EG": -0.5380116, "1_OF": 0.7396033 }, "geometry": { "type": "MultiPolygon", "coordinates": [ [ [ [ -101.08784162244973, 35.181747108805531 ], [ -101.086239348570871, 35.624768743816034 ], [ -100.543593749108823, 35.625323311614324 ], [ -100.536510692600928, 35.181919371760877 ], [ -101.08784162244973, 35.181747108805531 ] ] ] ] } },
{ "type": "Feature", "properties": { "fid": 14, "OBJECTID": 2024.0, "NAME": "Wheeler", "STATE_NAME": "Texas", "STATE_FIPS": "48", "CNTY_FIPS": "483", "FIPS": "48483", "AREA": 930.0891, "POP1990": 5879.0, "POP1999": 5261.0, "POP90_SQMI": 6.0, "HOUSEHOLDS": 2350.0, "MALES": 2791.0, "FEMALES": 3088.0, "WHITE": 5424.0, "BLACK": 154.0, "AMERI_ES": 42.0, "ASIAN_PI": 23.0, "OTHER": 236.0, "HISPANIC": 378.0, "AGE_UNDER5": 350.0, "AGE_5_17": 1217.0, "AGE_18_29": 657.0, "AGE_30_49": 1481.0, "AGE_50_64": 893.0, "AGE_65_UP": 1281.0, "NEVERMARRY": 626.0, "MARRIED": 3006.0, "SEPARATED": 66.0, "WIDOWED": 598.0, "DIVORCED": 268.0, "HSEHLD_1_M": 199.0, "HSEHLD_1_F": 467.0, "MARHH_CHD": 651.0, "MARHH_NO_C": 797.0, "MHH_CHILD": 30.0, "FHH_CHILD": 104.0, "HSE_UNITS": 3071.0, "VACANT": 721.0, "OWNER_OCC": 1844.0, "RENTER_OCC": 506.0, "MEDIAN_VAL": 31200.0, "MEDIANRENT": 176, "UNITS_1DET": 2549.0, "UNITS_1ATT": 29.0, "UNITS2": 31.0, "UNITS3_9": 44.0, "UNITS10_49": 20.0, "UNITS50_UP": 0.0, "MOBILEHOME": 366.0, "NO_FARMS87": 467.0, "AVG_SIZE87": 1041.0, "CROP_ACR87": 172978.0, "AVG_SALE87": 132912.0, "Shape_Leng": 1.9623605900841441, "Shape_Area": 0.23902189440690899, "Datacenter": null, "GDP_Change": -12.5, "HP_Change": null, "Talent-Bachelor": null, "Talent-Master": null, "Talent-Doctor": null, "NetADD": null, "NewDatacenter2023": null, "NewDatacenter2024": null, "NewDatacenter2025": null, "NewDatacenter2022": null, "NewDatacenter2021": null, "1_DC": 0, "1_TT": -0.1119605, "1_TPM": -0.0007872, "1_GDP": -0.2144194, "1_TA": -0.2456925, "1_WI": -0.4878197, "1_SO": -0.3707, "1_ST": -0.3565562, "1_LP": -0.9699233, "1_PF": 0.069318, "1_CP": -0.1614918, "1_T": -1.433283, "1_NR": -0.2478076, "1_GW": -0.1836238, "1_SW": -0.220112, "1_RW": -0.1722456, "1_EG": -0.5380116, "1_OF": -1.448426 }, "geometry": { "type": "MultiPolygon", "coordinates": [ [ [ [ -100.536510692600928, 35.181919371760877 ], [ -100.543593749108823, 35.625323311614324 ], [ -100.000392481851691, 35.618856219504195 ], [ -99.994743420599491, 35.424622163830307 ], [ -99.997570218092619, 35.182235082564354 ], [ -100.536510692600928, 35.181919371760877 ] ] ] ] } },
{ "type": "Feature", "properties": { "fid": 15, "OBJECTID": 2025.0, "NAME": "Oldham", "STATE_NAME": "Texas", "STATE_FIPS": "48", "CNTY_FIPS": "359", "FIPS": "48359", "AREA": 1503.4787, "POP1990": 2278.0, "POP1999": 2116.0, "POP90_SQMI": 2.0, "HOUSEHOLDS": 681.0, "MALES": 1288.0, "FEMALES": 990.0, "WHITE": 2112.0, "BLACK": 9.0, "AMERI_ES": 29.0, "ASIAN_PI": 18.0, "OTHER": 110.0, "HISPANIC": 200.0, "AGE_UNDER5": 136.0, "AGE_5_17": 804.0, "AGE_18_29": 252.0, "AGE_30_49": 543.0, "AGE_50_64": 303.0, "AGE_65_UP": 240.0, "NEVERMARRY": 441.0, "MARRIED": 1009.0, "SEPARATED": 20.0, "WIDOWED": 89.0, "DIVORCED": 63.0, "HSEHLD_1_M": 54.0, "HSEHLD_1_F": 82.0, "MARHH_CHD": 251.0, "MARHH_NO_C": 240.0, "MHH_CHILD": 5.0, "FHH_CHILD": 27.0, "HSE_UNITS": 861.0, "VACANT": 180.0, "OWNER_OCC": 442.0, "RENTER_OCC": 239.0, "MEDIAN_VAL": 42100.0, "MEDIANRENT": 242, "UNITS_1DET": 651.0, "UNITS_1ATT": 5.0, "UNITS2": 68.0, "UNITS3_9": 0.0, "UNITS10_49": 2.0, "UNITS50_UP": 0.0, "MOBILEHOME": 123.0, "NO_FARMS87": 133.0, "AVG_SIZE87": 6108.0, "CROP_ACR87": 114542.0, "AVG_SALE87": 471312.0, "Shape_Leng": 2.626080485990884, "Shape_Area": 0.38637016461114299, "Datacenter": 1, "GDP_Change": -2.3, "HP_Change": null, "Talent-Bachelor": null, "Talent-Master": null, "Talent-Doctor": null, "NetADD": null, "NewDatacenter2023": null, "NewDatacenter2024": null, "NewDatacenter2025": 1, "NewDatacenter2022": null, "NewDatacenter2021": null, "1_DC": 1, "1_TT": -0.1119605, "1_TPM": -0.0007872, "1_GDP": -0.2142114, "1_TA": -0.9631104, "1_WI": 2.027791, "1_SO": -0.3707, "1_ST": -0.3565562, "1_LP": -1.020585, "1_PF": 0.069318, "1_CP": -0.1614918, "1_T": -2.105797, "1_NR": -1.279986, "1_GW": -0.2250899, "1_SW": -0.220112, "1_RW": -0.1722456, "1_EG": 0.0498796, "1_OF": 0.4270276 }, "geometry": { "type": "MultiPolygon", "coordinates": [ [ [ [ -103.026151164683938, 35.177265514175566 ], [ -103.022294048010053, 35.623648017052055 ], [ -102.160906753940083, 35.625025566701282 ], [ -102.151788994770641, 35.181198391020523 ], [ -102.163035061884443, 35.180992407395863 ], [ -103.026151164683938, 35.177265514175566 ] ] ] ] } },
{ "type": "Feature", "properties": { "fid": 16, "OBJECTID": 2102.0, "NAME": "Randall", "STATE_NAME": "Texas", "STATE_FIPS": "48", "CNTY_FIPS": "381", "FIPS": "48381", "AREA": 906.2176, "POP1990": 89673.0, "POP1999": 100713.0, "POP90_SQMI": 99.0, "HOUSEHOLDS": 34553.0, "MALES": 43230.0, "FEMALES": 46443.0, "WHITE": 84633.0, "BLACK": 1115.0, "AMERI_ES": 454.0, "ASIAN_PI": 646.0, "OTHER": 2825.0, "HISPANIC": 6144.0, "AGE_UNDER5": 6566.0, "AGE_5_17": 17938.0, "AGE_18_29": 16604.0, "AGE_30_49": 27511.0, "AGE_50_64": 12151.0, "AGE_65_UP": 8903.0, "NEVERMARRY": 13820.0, "MARRIED": 43938.0, "SEPARATED": 1022.0, "WIDOWED": 3758.0, "DIVORCED": 6287.0, "HSEHLD_1_M": 3304.0, "HSEHLD_1_F": 4954.0, "MARHH_CHD": 10836.0, "MARHH_NO_C": 10632.0, "MHH_CHILD": 472.0, "FHH_CHILD": 2034.0, "HSE_UNITS": 37807.0, "VACANT": 3254.0, "OWNER_OCC": 23642.0, "RENTER_OCC": 10911.0, "MEDIAN_VAL": 64800.0, "MEDIANRENT": 318, "UNITS_1DET": 26016.0, "UNITS_1ATT": 1127.0, "UNITS2": 691.0, "UNITS3_9": 2036.0, "UNITS10_49": 2712.0, "UNITS50_UP": 2240.0, "MOBILEHOME": 2668.0, "NO_FARMS87": 619.0, "AVG_SIZE87": 720.0, "CROP_ACR87": 262518.0, "AVG_SALE87": 268711.0, "Shape_Leng": 1.9395935188974049, "Shape_Area": 0.23159714338974099, "Datacenter": null, "GDP_Change": 4.0, "HP_Change": null, "Talent-Bachelor": null, "Talent-Master": null, "Talent-Doctor": null, "NetADD": null, "NewDatacenter2023": null, "NewDatacenter2024": null, "NewDatacenter2025": null, "NewDatacenter2022": null, "NewDatacenter2021": null, "1_DC": 0, "1_TT": -0.1119605, "1_TPM": -0.0007872, "1_GDP": -0.0983089, "1_TA": 0.2887513, "1_WI": -0.0524757, "1_SO": -0.3707, "1_ST": -0.3565562, "1_LP": -1.016363, "1_PF": 0.069318, "1_CP": -0.1614918, "1_T": -1.881625, "1_NR": 1.238612, "1_GW": 0.5395585, "1_SW": -0.1716279, "1_RW": -0.1722456, "1_EG": -0.4146485, "1_OF": 1.605981 }, "geometry": { "type": "MultiPolygon", "coordinates": [ [ [ [ -101.994342355189929, 34.752518648111703 ], [ -102.16993623080532, 34.748944924035605 ], [ -102.163035061884443, 35.180992407395863 ], [ -102.151788994770641, 35.181198391020523 ], [ -101.626279850221238, 35.182360276960509 ], [ -101.628425202463859, 34.753181089845363 ], [ -101.994342355189929, 34.752518648111703 ] ] ] ] } },
{ "type": "Feature", "properties": { "fid": 17, "OBJECTID": 2103.0, "NAME": "Armstrong", "STATE_NAME": "Texas", "STATE_FIPS": "48", "CNTY_FIPS": "011", "FIPS": "48011", "AREA": 911.9109, "POP1990": 2021.0, "POP1999": 2175.0, "POP90_SQMI": 2.0, "HOUSEHOLDS": 768.0, "MALES": 978.0, "FEMALES": 1043.0, "WHITE": 1976.0, "BLACK": 0.0, "AMERI_ES": 10.0, "ASIAN_PI": 7.0, "OTHER": 28.0, "HISPANIC": 55.0, "AGE_UNDER5": 124.0, "AGE_5_17": 438.0, "AGE_18_29": 204.0, "AGE_30_49": 495.0, "AGE_50_64": 320.0, "AGE_65_UP": 440.0, "NEVERMARRY": 196.0, "MARRIED": 1072.0, "SEPARATED": 20.0, "WIDOWED": 169.0, "DIVORCED": 92.0, "HSEHLD_1_M": 79.0, "HSEHLD_1_F": 112.0, "MARHH_CHD": 230.0, "MARHH_NO_C": 292.0, "MHH_CHILD": 7.0, "FHH_CHILD": 26.0, "HSE_UNITS": 916.0, "VACANT": 148.0, "OWNER_OCC": 620.0, "RENTER_OCC": 148.0, "MEDIAN_VAL": 43700.0, "MEDIANRENT": 213, "UNITS_1DET": 802.0, "UNITS_1ATT": 4.0, "UNITS2": 1.0, "UNITS3_9": 1.0, "UNITS10_49": 1.0, "UNITS50_UP": 0.0, "MOBILEHOME": 104.0, "NO_FARMS87": 222.0, "AVG_SIZE87": 2171.0, "CROP_ACR87": 169785.0, "AVG_SALE87": 107047.0, "Shape_Leng": 1.940846761766271, "Shape_Area": 0.23304775998244301, "Datacenter": 1, "GDP_Change": 34.4, "HP_Change": 6.9, "Talent-Bachelor": null, "Talent-Master": null, "Talent-Doctor": null, "NetADD": null, "NewDatacenter2023": null, "NewDatacenter2024": null, "NewDatacenter2025": 1, "NewDatacenter2022": null, "NewDatacenter2021": null, "1_DC": 1, "1_TT": -0.1119605, "1_TPM": -0.0007872, "1_GDP": -0.2202629, "1_TA": -0.7857196, "1_WI": 0.1847477, "1_SO": -0.3707, "1_ST": -0.3565562, "1_LP": -1.016363, "1_PF": 0.069318, "1_CP": -0.1614918, "1_T": -1.532915, "1_NR": -0.9421633, "1_GW": -0.2357222, "1_SW": -0.220112, "1_RW": -0.1722456, "1_EG": -0.3670999, "1_OF": 1.344369 }, "geometry": { "type": "MultiPolygon", "coordinates": [ [ [ [ -101.088442382058247, 34.748544617429062 ], [ -101.470580556263656, 34.749820098781768 ], [ -101.628425202463859, 34.753181089845363 ], [ -101.626279850221238, 35.182360276960509 ], [ -101.08784162244973, 35.181747108805531 ], [ -101.088442382058247, 34.748544617429062 ] ] ] ] } },
{ "type": "Feature", "properties": { "fid": 18, "OBJECTID": 2104.0, "NAME": "Collingsworth", "STATE_NAME": "Texas", "STATE_FIPS": "48", "CNTY_FIPS": "087", "FIPS": "48087", "AREA": 925.7842, "POP1990": 3573.0, "POP1999": 3261.0, "POP90_SQMI": 4.0, "HOUSEHOLDS": 1447.0, "MALES": 1719.0, "FEMALES": 1854.0, "WHITE": 2977.0, "BLACK": 230.0, "AMERI_ES": 32.0, "ASIAN_PI": 3.0, "OTHER": 331.0, "HISPANIC": 561.0, "AGE_UNDER5": 235.0, "AGE_5_17": 716.0, "AGE_18_29": 448.0, "AGE_30_49": 822.0, "AGE_50_64": 504.0, "AGE_65_UP": 848.0, "NEVERMARRY": 410.0, "MARRIED": 1813.0, "SEPARATED": 38.0, "WIDOWED": 374.0, "DIVORCED": 148.0, "HSEHLD_1_M": 144.0, "HSEHLD_1_F": 291.0, "MARHH_CHD": 387.0, "MARHH_NO_C": 483.0, "MHH_CHILD": 11.0, "FHH_CHILD": 69.0, "HSE_UNITS": 1952.0, "VACANT": 505.0, "OWNER_OCC": 1141.0, "RENTER_OCC": 306.0, "MEDIAN_VAL": 25100.0, "MEDIANRENT": 156, "UNITS_1DET": 1721.0, "UNITS_1ATT": 23.0, "UNITS2": 59.0, "UNITS3_9": 29.0, "UNITS10_49": 1.0, "UNITS50_UP": 0.0, "MOBILEHOME": 96.0, "NO_FARMS87": 365.0, "AVG_SIZE87": 1245.0, "CROP_ACR87": 160146.0, "AVG_SALE87": 60337.0, "Shape_Leng": 1.9550490456047791, "Shape_Area": 0.236597327488029, "Datacenter": null, "GDP_Change": -7.5, "HP_Change": null, "Talent-Bachelor": 9, "Talent-Master": null, "Talent-Doctor": null, "NetADD": null, "NewDatacenter2023": null, "NewDatacenter2024": null, "NewDatacenter2025": null, "NewDatacenter2022": null, "NewDatacenter2021": null, "1_DC": 0, "1_TT": -0.0979124, "1_TPM": -0.0007872, "1_GDP": -0.2202993, "1_TA": -0.6541932, "1_WI": -0.4878197, "1_SO": -0.3707, "1_ST": -0.3565562, "1_LP": -0.9699233, "1_PF": 0.069318, "1_CP": -0.1614918, "1_T": -1.209112, "1_NR": -0.7010098, "1_GW": -0.2217169, "1_SW": -0.2200119, "1_RW": -0.1722456, "1_EG": -0.5380116, "1_OF": 0.6512667 }, "geometry": { "type": "MultiPolygon", "coordinates": [ [ [ [ -100.54522678811702, 34.746879242169705 ], [ -100.536510692600928, 35.181919371760877 ], [ -99.997570218092619, 35.182235082564354 ], [ -99.996455057916194, 35.031051032719759 ], [ -99.999259969251568, 34.747243367760554 ], [ -100.418803206190489, 34.746037318368842 ], [ -100.54522678811702, 34.746879242169705 ] ] ] ] } },
{ "type": "Feature", "properties": { "fid": 19, "OBJECTID": 2105.0, "NAME": "Donley", "STATE_NAME": "Texas", "STATE_FIPS": "48", "CNTY_FIPS": "129", "FIPS": "48129", "AREA": 930.7703, "POP1990": 3696.0, "POP1999": 3835.0, "POP90_SQMI": 4.0, "HOUSEHOLDS": 1515.0, "MALES": 1765.0, "FEMALES": 1931.0, "WHITE": 3522.0, "BLACK": 127.0, "AMERI_ES": 13.0, "ASIAN_PI": 2.0, "OTHER": 32.0, "HISPANIC": 139.0, "AGE_UNDER5": 182.0, "AGE_5_17": 619.0, "AGE_18_29": 558.0, "AGE_30_49": 785.0, "AGE_50_64": 607.0, "AGE_65_UP": 945.0, "NEVERMARRY": 562.0, "MARRIED": 1905.0, "SEPARATED": 43.0, "WIDOWED": 362.0, "DIVORCED": 176.0, "HSEHLD_1_M": 148.0, "HSEHLD_1_F": 276.0, "MARHH_CHD": 332.0, "MARHH_NO_C": 596.0, "MHH_CHILD": 25.0, "FHH_CHILD": 59.0, "HSE_UNITS": 2304.0, "VACANT": 789.0, "OWNER_OCC": 1105.0, "RENTER_OCC": 410.0, "MEDIAN_VAL": 31000.0, "MEDIANRENT": 175, "UNITS_1DET": 1679.0, "UNITS_1ATT": 29.0, "UNITS2": 78.0, "UNITS3_9": 56.0, "UNITS10_49": 0.0, "UNITS50_UP": 0.0, "MOBILEHOME": 444.0, "NO_FARMS87": 343.0, "AVG_SIZE87": 1716.0, "CROP_ACR87": 78979.0, "AVG_SALE87": 134994.0, "Shape_Leng": 1.9628844928845499, "Shape_Area": 0.23786739329468601, "Datacenter": null, "GDP_Change": -4.5, "HP_Change": null, "Talent-Bachelor": null, "Talent-Master": null, "Talent-Doctor": null, "NetADD": null, "NewDatacenter2023": null, "NewDatacenter2024": null, "NewDatacenter2025": null, "NewDatacenter2022": null, "NewDatacenter2021": null, "1_DC": 0, "1_TT": -0.1119605, "1_TPM": -0.0007872, "1_GDP": -0.2189036, "1_TA": -0.6310118, "1_WI": -0.0342277, "1_SO": -0.3707, "1_ST": -0.3565562, "1_LP": -0.9699233, "1_PF": 0.069318, "1_CP": -0.1614918, "1_T": -1.433283, "1_NR": -0.7269962, "1_GW": -0.2410384, "1_SW": -0.2158561, "1_RW": -0.1722456, "1_EG": -0.3774467, "1_OF": 0.7362058 }, "geometry": { "type": "MultiPolygon", "coordinates": [ [ [ [ -100.54522678811702, 34.746879242169705 ], [ -100.944087235046823, 34.747067735626317 ], [ -101.088442382058247, 34.748544617429062 ], [ -101.08784162244973, 35.181747108805531 ], [ -100.536510692600928, 35.181919371760877 ], [ -100.54522678811702, 34.746879242169705 ] ] ] ] } },
{ "type": "Feature", "properties": { "fid": 20, "OBJECTID": 2106.0, "NAME": "Deaf Smith", "STATE_NAME": "Texas", "STATE_FIPS": "48", "CNTY_FIPS": "117", "FIPS": "48117", "AREA": 1441.9687, "POP1990": 19153.0, "POP1999": 18998.0, "POP90_SQMI": 13.0, "HOUSEHOLDS": 6182.0, "MALES": 9487.0, "FEMALES": 9666.0, "WHITE": 14522.0, "BLACK": 307.0, "AMERI_ES": 49.0, "ASIAN_PI": 39.0, "OTHER": 4236.0, "HISPANIC": 9356.0, "AGE_UNDER5": 1831.0, "AGE_5_17": 4935.0, "AGE_18_29": 3306.0, "AGE_30_49": 4734.0, "AGE_50_64": 2276.0, "AGE_65_UP": 2071.0, "NEVERMARRY": 2560.0, "MARRIED": 8643.0, "SEPARATED": 360.0, "WIDOWED": 988.0, "DIVORCED": 819.0, "HSEHLD_1_M": 468.0, "HSEHLD_1_F": 685.0, "MARHH_CHD": 2423.0, "MARHH_NO_C": 1688.0, "MHH_CHILD": 137.0, "FHH_CHILD": 478.0, "HSE_UNITS": 7152.0, "VACANT": 970.0, "OWNER_OCC": 4096.0, "RENTER_OCC": 2086.0, "MEDIAN_VAL": 41700.0, "MEDIANRENT": 239, "UNITS_1DET": 5362.0, "UNITS_1ATT": 174.0, "UNITS2": 284.0, "UNITS3_9": 274.0, "UNITS10_49": 259.0, "UNITS50_UP": 0.0, "MOBILEHOME": 722.0, "NO_FARMS87": 687.0, "AVG_SIZE87": 1240.0, "CROP_ACR87": 519863.0, "AVG_SALE87": 841486.0, "Shape_Leng": 2.5799885133195231, "Shape_Area": 0.36828463256414801, "Datacenter": null, "GDP_Change": -0.8, "HP_Change": null, "Talent-Bachelor": null, "Talent-Master": null, "Talent-Doctor": null, "NetADD": null, "NewDatacenter2023": null, "NewDatacenter2024": null, "NewDatacenter2025": null, "NewDatacenter2022": null, "NewDatacenter2021": null, "1_DC": 0, "1_TT": -0.1119605, "1_TPM": -0.0007872, "1_GDP": -0.1789122, "1_TA": -0.7802212, "1_WI": -0.4878197, "1_SO": -0.3707, "1_ST": -0.3565562, "1_LP": -1.016363, "1_PF": 0.069318, "1_CP": -0.1614918, "1_T": -2.130704, "1_NR": 0.4226406, "1_GW": -0.0647249, "1_SW": -0.220112, "1_RW": -0.1722456, "1_EG": -0.0912143, "1_OF": 1.77586 }, "geometry": { "type": "MultiPolygon", "coordinates": [ [ [ [ -102.518140657260517, 34.753329490250536 ], [ -103.022657024630632, 34.745332754966178 ], [ -103.025251273923004, 34.964779875046773 ], [ -103.026151164683938, 35.177265514175566 ], [ -102.163035061884443, 35.180992407395863 ], [ -102.16993623080532, 34.748944924035605 ], [ -102.518140657260517, 34.753329490250536 ] ] ] ] } },
{ "type": "Feature", "properties": { "fid": 21, "OBJECTID": 2178.0, "NAME": "Parmer", "STATE_NAME": "Texas", "STATE_FIPS": "48", "CNTY_FIPS": "369", "FIPS": "48369", "AREA": 878.0186, "POP1990": 9863.0, "POP1999": 10313.0, "POP90_SQMI": 11.0, "HOUSEHOLDS": 3241.0, "MALES": 4964.0, "FEMALES": 4899.0, "WHITE": 8980.0, "BLACK": 123.0, "AMERI_ES": 29.0, "ASIAN_PI": 24.0, "OTHER": 707.0, "HISPANIC": 4096.0, "AGE_UNDER5": 897.0, "AGE_5_17": 2365.0, "AGE_18_29": 1606.0, "AGE_30_49": 2508.0, "AGE_50_64": 1256.0, "AGE_65_UP": 1231.0, "NEVERMARRY": 1318.0, "MARRIED": 4789.0, "SEPARATED": 128.0, "WIDOWED": 545.0, "DIVORCED": 343.0, "HSEHLD_1_M": 228.0, "HSEHLD_1_F": 375.0, "MARHH_CHD": 1258.0, "MARHH_NO_C": 1006.0, "MHH_CHILD": 49.0, "FHH_CHILD": 153.0, "HSE_UNITS": 3685.0, "VACANT": 444.0, "OWNER_OCC": 2266.0, "RENTER_OCC": 975.0, "MEDIAN_VAL": 39100.0, "MEDIANRENT": 223, "UNITS_1DET": 3065.0, "UNITS_1ATT": 62.0, "UNITS2": 27.0, "UNITS3_9": 84.0, "UNITS10_49": 29.0, "UNITS50_UP": 59.0, "MOBILEHOME": 331.0, "NO_FARMS87": 653.0, "AVG_SIZE87": 764.0, "CROP_ACR87": 430697.0, "AVG_SALE87": 524597.0, "Shape_Leng": 1.8942510777920041, "Shape_Area": 0.22324934652109801, "Datacenter": null, "GDP_Change": 2.5, "HP_Change": null, "Talent-Bachelor": null, "Talent-Master": null, "Talent-Doctor": null, "NetADD": null, "NewDatacenter2023": null, "NewDatacenter2024": null, "NewDatacenter2025": null, "NewDatacenter2022": null, "NewDatacenter2021": null, "1_DC": 0, "1_TT": -0.1119605, "1_TPM": -0.0007872, "1_GDP": -0.193681, "1_TA": -0.2926518, "1_WI": 0.510604, "1_SO": -0.3707, "1_ST": -0.3565562, "1_LP": -1.016363, "1_PF": 0.069318, "1_CP": -0.1614918, "1_T": -1.981257, "1_NR": 1.076458, "1_GW": -0.1968959, "1_SW": -0.220112, "1_RW": -0.1722456, "1_EG": -0.3238076, "1_OF": 1.884582 }, "geometry": { "type": "MultiPolygon", "coordinates": [ [ [ [ -103.02964583369652, 34.307820475423306 ], [ -103.022657024630632, 34.745332754966178 ], [ -102.518140657260517, 34.753329490250536 ], [ -102.522071507026681, 34.308820058111408 ], [ -102.609967774364065, 34.30824341779887 ], [ -103.02964583369652, 34.307820475423306 ] ] ] ] } },
{ "type": "Feature", "properties": { "fid": 22, "OBJECTID": 2179.0, "NAME": "Castro", "STATE_NAME": "Texas", "STATE_FIPS": "48", "CNTY_FIPS": "069", "FIPS": "48069", "AREA": 915.4556, "POP1990": 9070.0, "POP1999": 8343.0, "POP90_SQMI": 10.0, "HOUSEHOLDS": 2877.0, "MALES": 4504.0, "FEMALES": 4566.0, "WHITE": 5526.0, "BLACK": 261.0, "AMERI_ES": 10.0, "ASIAN_PI": 15.0, "OTHER": 3258.0, "HISPANIC": 4187.0, "AGE_UNDER5": 863.0, "AGE_5_17": 2433.0, "AGE_18_29": 1425.0, "AGE_30_49": 2258.0, "AGE_50_64": 1182.0, "AGE_65_UP": 909.0, "NEVERMARRY": 1308.0, "MARRIED": 4087.0, "SEPARATED": 120.0, "WIDOWED": 476.0, "DIVORCED": 333.0, "HSEHLD_1_M": 210.0, "HSEHLD_1_F": 339.0, "MARHH_CHD": 1171.0, "MARHH_NO_C": 785.0, "MHH_CHILD": 79.0, "FHH_CHILD": 181.0, "HSE_UNITS": 3357.0, "VACANT": 480.0, "OWNER_OCC": 1916.0, "RENTER_OCC": 961.0, "MEDIAN_VAL": 39900.0, "MEDIANRENT": 209, "UNITS_1DET": 2708.0, "UNITS_1ATT": 36.0, "UNITS2": 35.0, "UNITS3_9": 65.0, "UNITS10_49": 58.0, "UNITS50_UP": 0.0, "MOBILEHOME": 433.0, "NO_FARMS87": 573.0, "AVG_SIZE87": 911.0, "CROP_ACR87": 424688.0, "AVG_SALE87": 491190.0, "Shape_Leng": 1.9395710362339551, "Shape_Area": 0.23283540212259099, "Datacenter": null, "GDP_Change": 7.8, "HP_Change": null, "Talent-Bachelor": null, "Talent-Master": null, "Talent-Doctor": null, "NetADD": null, "NewDatacenter2023": null, "NewDatacenter2024": null, "NewDatacenter2025": null, "NewDatacenter2022": null, "NewDatacenter2021": null, "1_DC": 0, "1_TT": -0.1119605, "1_TPM": -0.0007872, "1_GDP": -0.1996534, "1_TA": -0.4568016, "1_WI": 1.535096, "1_SO": -0.3707, "1_ST": -0.3565562, "1_LP": -1.016363, "1_PF": 0.069318, "1_CP": -0.1614918, "1_T": -1.956349, "1_NR": -0.4723298, "1_GW": -0.0838631, "1_SW": -0.1390993, "1_RW": -0.1722456, "1_EG": -0.1617613, "1_OF": 1.130323 }, "geometry": { "type": "MultiPolygon", "coordinates": [ [ [ [ -102.522071507026681, 34.308820058111408 ], [ -102.518140657260517, 34.753329490250536 ], [ -102.16993623080532, 34.748944924035605 ], [ -101.994342355189929, 34.752518648111703 ], [ -101.992991453172579, 34.310442372322697 ], [ -102.086398920926968, 34.308355305320688 ], [ -102.522071507026681, 34.308820058111408 ] ] ] ] } },
{ "type": "Feature", "properties": { "fid": 23, "OBJECTID": 2180.0, "NAME": "Swisher", "STATE_NAME": "Texas", "STATE_FIPS": "48", "CNTY_FIPS": "437", "FIPS": "48437", "AREA": 912.2783, "POP1990": 8133.0, "POP1999": 8238.0, "POP90_SQMI": 9.0, "HOUSEHOLDS": 2993.0, "MALES": 4001.0, "FEMALES": 4132.0, "WHITE": 5702.0, "BLACK": 340.0, "AMERI_ES": 26.0, "ASIAN_PI": 17.0, "OTHER": 2048.0, "HISPANIC": 2496.0, "AGE_UNDER5": 676.0, "AGE_5_17": 1782.0, "AGE_18_29": 1164.0, "AGE_30_49": 1905.0, "AGE_50_64": 1250.0, "AGE_65_UP": 1356.0, "NEVERMARRY": 986.0, "MARRIED": 3960.0, "SEPARATED": 149.0, "WIDOWED": 588.0, "DIVORCED": 352.0, "HSEHLD_1_M": 264.0, "HSEHLD_1_F": 465.0, "MARHH_CHD": 927.0, "MARHH_NO_C": 968.0, "MHH_CHILD": 50.0, "FHH_CHILD": 164.0, "HSE_UNITS": 3497.0, "VACANT": 504.0, "OWNER_OCC": 2047.0, "RENTER_OCC": 946.0, "MEDIAN_VAL": 34200.0, "MEDIANRENT": 193, "UNITS_1DET": 3098.0, "UNITS_1ATT": 40.0, "UNITS2": 90.0, "UNITS3_9": 57.0, "UNITS10_49": 26.0, "UNITS50_UP": 0.0, "MOBILEHOME": 166.0, "NO_FARMS87": 546.0, "AVG_SIZE87": 972.0, "CROP_ACR87": 388578.0, "AVG_SALE87": 490510.0, "Shape_Leng": 1.930184594785662, "Shape_Area": 0.23202808455207699, "Datacenter": null, "GDP_Change": 0.7, "HP_Change": null, "Talent-Bachelor": null, "Talent-Master": null, "Talent-Doctor": null, "NetADD": null, "NewDatacenter2023": null, "NewDatacenter2024": null, "NewDatacenter2025": null, "NewDatacenter2022": null, "NewDatacenter2021": null, "1_DC": 0, "1_TT": -0.1119605, "1_TPM": -0.0007872, "1_GDP": -0.2087782, "1_TA": 0.0577896, "1_WI": -0.4878197, "1_SO": 1.383186, "1_ST": -0.3565562, "1_LP": -1.016363, "1_PF": 0.069318, "1_CP": -0.1614918, "1_T": -1.781994, "1_NR": -0.3735816, "1_GW": -0.2101313, "1_SW": -0.220112, "1_RW": -0.1722456, "1_EG": 0.0969108, "1_OF": 1.582199 }, "geometry": { "type": "MultiPolygon", "coordinates": [ [ [ [ -101.468912410335975, 34.309600256547753 ], [ -101.561796852093039, 34.308844771833677 ], [ -101.992991453172579, 34.310442372322697 ], [ -101.994342355189929, 34.752518648111703 ], [ -101.628425202463859, 34.753181089845363 ], [ -101.470580556263656, 34.749820098781768 ], [ -101.468912410335975, 34.309600256547753 ] ] ] ] } },
{ "type": "Feature", "properties": { "fid": 24, "OBJECTID": 2181.0, "NAME": "Briscoe", "STATE_NAME": "Texas", "STATE_FIPS": "48", "CNTY_FIPS": "045", "FIPS": "48045", "AREA": 900.991, "POP1990": 1971.0, "POP1999": 1875.0, "POP90_SQMI": 2.0, "HOUSEHOLDS": 789.0, "MALES": 977.0, "FEMALES": 994.0, "WHITE": 1559.0, "BLACK": 68.0, "AMERI_ES": 5.0, "ASIAN_PI": 0.0, "OTHER": 339.0, "HISPANIC": 367.0, "AGE_UNDER5": 129.0, "AGE_5_17": 422.0, "AGE_18_29": 201.0, "AGE_30_49": 496.0, "AGE_50_64": 314.0, "AGE_65_UP": 409.0, "NEVERMARRY": 238.0, "MARRIED": 1034.0, "SEPARATED": 10.0, "WIDOWED": 159.0, "DIVORCED": 67.0, "HSEHLD_1_M": 81.0, "HSEHLD_1_F": 130.0, "MARHH_CHD": 209.0, "MARHH_NO_C": 294.0, "MHH_CHILD": 9.0, "FHH_CHILD": 35.0, "HSE_UNITS": 1074.0, "VACANT": 285.0, "OWNER_OCC": 603.0, "RENTER_OCC": 186.0, "MEDIAN_VAL": 22400.0, "MEDIANRENT": 164, "UNITS_1DET": 962.0, "UNITS_1ATT": 5.0, "UNITS2": 7.0, "UNITS3_9": 10.0, "UNITS10_49": 0.0, "UNITS50_UP": 0.0, "MOBILEHOME": 77.0, "NO_FARMS87": 224.0, "AVG_SIZE87": 1803.0, "CROP_ACR87": 143804.0, "AVG_SALE87": 73322.0, "Shape_Leng": 1.919675531363239, "Shape_Area": 0.22915023935442899, "Datacenter": null, "GDP_Change": -39.1, "HP_Change": null, "Talent-Bachelor": null, "Talent-Master": null, "Talent-Doctor": null, "NetADD": null, "NewDatacenter2023": null, "NewDatacenter2024": null, "NewDatacenter2025": null, "NewDatacenter2022": null, "NewDatacenter2021": null, "1_DC": 0, "1_TT": -0.1119605, "1_TPM": -0.0007872, "1_GDP": -0.2206969, "1_TA": -0.8801438, "1_WI": 0.424578, "1_SO": -0.3707, "1_ST": -0.3565562, "1_LP": -1.016363, "1_PF": 0.069318, "1_CP": -0.1614918, "1_T": -1.333652, "1_NR": -1.31117, "1_GW": -0.1890499, "1_SW": -0.220112, "1_RW": -0.1722456, "1_EG": -0.2558238, "1_OF": 0.7022302 }, "geometry": { "type": "MultiPolygon", "coordinates": [ [ [ [ -101.048392106624647, 34.312330814138953 ], [ -101.468912410335975, 34.309600256547753 ], [ -101.470580556263656, 34.749820098781768 ], [ -101.088442382058247, 34.748544617429062 ], [ -100.944087235046823, 34.747067735626317 ], [ -100.94719103619974, 34.315923369074234 ], [ -101.048392106624647, 34.312330814138953 ] ] ] ] } },
{ "type": "Feature", "properties": { "fid": 25, "OBJECTID": 2182.0, "NAME": "Childress", "STATE_NAME": "Texas", "STATE_FIPS": "48", "CNTY_FIPS": "075", "FIPS": "48075", "AREA": 718.5413, "POP1990": 5953.0, "POP1999": 7446.0, "POP90_SQMI": 8.0, "HOUSEHOLDS": 2435.0, "MALES": 2768.0, "FEMALES": 3185.0, "WHITE": 4969.0, "BLACK": 321.0, "AMERI_ES": 26.0, "ASIAN_PI": 17.0, "OTHER": 620.0, "HISPANIC": 853.0, "AGE_UNDER5": 340.0, "AGE_5_17": 1213.0, "AGE_18_29": 701.0, "AGE_30_49": 1421.0, "AGE_50_64": 928.0, "AGE_65_UP": 1350.0, "NEVERMARRY": 725.0, "MARRIED": 2842.0, "SEPARATED": 86.0, "WIDOWED": 656.0, "DIVORCED": 369.0, "HSEHLD_1_M": 218.0, "HSEHLD_1_F": 508.0, "MARHH_CHD": 592.0, "MARHH_NO_C": 780.0, "MHH_CHILD": 35.0, "FHH_CHILD": 158.0, "HSE_UNITS": 3046.0, "VACANT": 611.0, "OWNER_OCC": 1799.0, "RENTER_OCC": 636.0, "MEDIAN_VAL": 31100.0, "MEDIANRENT": 170, "UNITS_1DET": 2536.0, "UNITS_1ATT": 31.0, "UNITS2": 91.0, "UNITS3_9": 100.0, "UNITS10_49": 89.0, "UNITS50_UP": 0.0, "MOBILEHOME": 167.0, "NO_FARMS87": 262.0, "AVG_SIZE87": 1552.0, "CROP_ACR87": 143093.0, "AVG_SALE87": 63961.0, "Shape_Leng": 1.707747026704131, "Shape_Area": 0.18273599042060701, "Datacenter": null, "GDP_Change": -3.9, "HP_Change": null, "Talent-Bachelor": null, "Talent-Master": null, "Talent-Doctor": null, "NetADD": null, "NewDatacenter2023": null, "NewDatacenter2024": null, "NewDatacenter2025": null, "NewDatacenter2022": null, "NewDatacenter2021": null, "1_DC": 0, "1_TT": -0.1119605, "1_TPM": -0.0007872, "1_GDP": -0.2154705, "1_TA": -0.3024552, "1_WI": -0.4878197, "1_SO": 0.467811, "1_ST": -0.3565562, "1_LP": -0.9699233, "1_PF": 0.069318, "1_CP": -0.1614918, "1_T": -0.7856776, "1_NR": -0.9577551, "1_GW": -0.2464279, "1_SW": -0.1962622, "1_RW": -0.1722456, "1_EG": -0.4442077, "1_OF": 1.402128 }, "geometry": { "type": "MultiPolygon", "coordinates": [ [ [ [ -99.998154111716929, 34.312509119520442 ], [ -100.420928409981116, 34.315385449683042 ], [ -100.418803206190489, 34.746037318368842 ], [ -99.999259969251568, 34.747243367760554 ], [ -99.996475262899196, 34.562383943670646 ], [ -99.998154111716929, 34.312509119520442 ] ] ] ] } },
{ "type": "Feature", "properties": { "fid": 26, "OBJECTID": 2183.0, "NAME": "Hall", "STATE_NAME": "Texas", "STATE_FIPS": "48", "CNTY_FIPS": "191", "FIPS": "48191", "AREA": 892.8789, "POP1990": 3905.0, "POP1999": 3613.0, "POP90_SQMI": 4.0, "HOUSEHOLDS": 1669.0, "MALES": 1832.0, "FEMALES": 2073.0, "WHITE": 2908.0, "BLACK": 303.0, "AMERI_ES": 15.0, "ASIAN_PI": 7.0, "OTHER": 672.0, "HISPANIC": 727.0, "AGE_UNDER5": 226.0, "AGE_5_17": 701.0, "AGE_18_29": 461.0, "AGE_30_49": 838.0, "AGE_50_64": 647.0, "AGE_65_UP": 1032.0, "NEVERMARRY": 460.0, "MARRIED": 1938.0, "SEPARATED": 65.0, "WIDOWED": 498.0, "DIVORCED": 192.0, "HSEHLD_1_M": 159.0, "HSEHLD_1_F": 403.0, "MARHH_CHD": 359.0, "MARHH_NO_C": 568.0, "MHH_CHILD": 22.0, "FHH_CHILD": 84.0, "HSE_UNITS": 2189.0, "VACANT": 520.0, "OWNER_OCC": 1247.0, "RENTER_OCC": 422.0, "MEDIAN_VAL": 21400.0, "MEDIANRENT": 145, "UNITS_1DET": 1969.0, "UNITS_1ATT": 17.0, "UNITS2": 44.0, "UNITS3_9": 75.0, "UNITS10_49": 0.0, "UNITS50_UP": 0.0, "MOBILEHOME": 73.0, "NO_FARMS87": 296.0, "AVG_SIZE87": 1331.0, "CROP_ACR87": 172590.0, "AVG_SALE87": 72464.0, "Shape_Leng": 1.913374837943153, "Shape_Area": 0.22708363063086101, "Datacenter": null, "GDP_Change": -11.4, "HP_Change": null, "Talent-Bachelor": null, "Talent-Master": null, "Talent-Doctor": null, "NetADD": null, "NewDatacenter2023": null, "NewDatacenter2024": null, "NewDatacenter2025": null, "NewDatacenter2022": null, "NewDatacenter2021": null, "1_DC": 0, "1_TT": -0.1119605, "1_TPM": -0.0007872, "1_GDP": -0.2202702, "1_TA": -0.6124667, "1_WI": -0.4878197, "1_SO": -0.3707, "1_ST": -0.3565562, "1_LP": -0.9699233, "1_PF": 0.069318, "1_CP": -0.1614918, "1_T": -0.9849409, "1_NR": -0.4660931, "1_GW": -0.2272897, "1_SW": -0.2181093, "1_RW": -0.1542262, "1_EG": -0.5380116, "1_OF": 0.3658715 }, "geometry": { "type": "MultiPolygon", "coordinates": [ [ [ [ -100.420928409981116, 34.315385449683042 ], [ -100.519381106365245, 34.314076698421388 ], [ -100.94719103619974, 34.315923369074234 ], [ -100.944087235046823, 34.747067735626317 ], [ -100.54522678811702, 34.746879242169705 ], [ -100.418803206190489, 34.746037318368842 ], [ -100.420928409981116, 34.315385449683042 ] ] ] ] } },
{ "type": "Feature", "properties": { "fid": 27, "OBJECTID": 2207.0, "NAME": "Hardeman", "STATE_NAME": "Texas", "STATE_FIPS": "48", "CNTY_FIPS": "197", "FIPS": "48197", "AREA": 695.7767, "POP1990": 5283.0, "POP1999": 4512.0, "POP90_SQMI": 8.0, "HOUSEHOLDS": 2101.0, "MALES": 2504.0, "FEMALES": 2779.0, "WHITE": 4427.0, "BLACK": 321.0, "AMERI_ES": 26.0, "ASIAN_PI": 16.0, "OTHER": 493.0, "HISPANIC": 589.0, "AGE_UNDER5": 358.0, "AGE_5_17": 1021.0, "AGE_18_29": 654.0, "AGE_30_49": 1233.0, "AGE_50_64": 797.0, "AGE_65_UP": 1220.0, "NEVERMARRY": 663.0, "MARRIED": 2516.0, "SEPARATED": 92.0, "WIDOWED": 576.0, "DIVORCED": 272.0, "HSEHLD_1_M": 210.0, "HSEHLD_1_F": 426.0, "MARHH_CHD": 550.0, "MARHH_NO_C": 668.0, "MHH_CHILD": 32.0, "FHH_CHILD": 103.0, "HSE_UNITS": 2678.0, "VACANT": 577.0, "OWNER_OCC": 1583.0, "RENTER_OCC": 518.0, "MEDIAN_VAL": 25500.0, "MEDIANRENT": 170, "UNITS_1DET": 2266.0, "UNITS_1ATT": 10.0, "UNITS2": 87.0, "UNITS3_9": 62.0, "UNITS10_49": 32.0, "UNITS50_UP": 0.0, "MOBILEHOME": 206.0, "NO_FARMS87": 310.0, "AVG_SIZE87": 1067.0, "CROP_ACR87": 187713.0, "AVG_SALE87": 41028.0, "Shape_Leng": 1.858332115146021, "Shape_Area": 0.17646140057593099, "Datacenter": null, "GDP_Change": -1.0, "HP_Change": null, "Talent-Bachelor": null, "Talent-Master": null, "Talent-Doctor": null, "NetADD": null, "NewDatacenter2023": null, "NewDatacenter2024": null, "NewDatacenter2025": null, "NewDatacenter2022": null, "NewDatacenter2021": null, "1_DC": 0, "1_TT": -0.1119605, "1_TPM": -0.0007872, "1_GDP": -0.2169851, "1_TA": -0.3430786, "1_WI": 0.2733806, "1_SO": -0.3707, "1_ST": -0.3565562, "1_LP": -0.6427345, "1_PF": 0.069318, "1_CP": -0.1614918, "1_T": -0.6113223, "1_NR": -1.314288, "1_GW": -0.2431282, "1_SW": -0.2115334, "1_RW": -0.1722456, "1_EG": -0.3601862, "1_OF": -0.296653 }, "geometry": { "type": "MultiPolygon", "coordinates": [ [ [ [ -99.999824994833602, 34.229354984964509 ], [ -99.998154111716929, 34.312509119520442 ], [ -99.996475262899196, 34.562383943670646 ], [ -99.972479964957586, 34.56192669810266 ], [ -99.945120013840096, 34.579634628980564 ], [ -99.932286925112862, 34.579173325913686 ], [ -99.88097732527541, 34.548241893143953 ], [ -99.860949285085837, 34.518694558160036 ], [ -99.83030837990151, 34.501846254306813 ], [ -99.778060258616165, 34.444064270605729 ], [ -99.68527690492084, 34.377520661157739 ], [ -99.601817403151983, 34.368633970147215 ], [ -99.585589478869906, 34.384933882697922 ], [ -99.578219499114653, 34.408988684469094 ], [ -99.554232316550042, 34.415256384763254 ], [ -99.502504054941141, 34.404145314078697 ], [ -99.479805859425198, 34.38360025355891 ], [ -99.475210149718009, 34.075021691846281 ], [ -99.490797474452052, 34.066453895369008 ], [ -99.511244975938041, 34.076993476105336 ], [ -99.528991453670244, 34.077069511713916 ], [ -99.546829398180364, 34.062138796422438 ], [ -99.560692408375701, 34.061738061181003 ], [ -99.648700103757392, 34.095671709068448 ], [ -99.672596017960359, 34.084834009319756 ], [ -99.720250554758991, 34.095865209200639 ], [ -99.773520659936082, 34.090527703642259 ], [ -99.999824994833602, 34.229354984964509 ] ] ] ] } },
{ "type": "Feature", "properties": { "fid": 28, "OBJECTID": 2234.0, "NAME": "Wilbarger", "STATE_NAME": "Texas", "STATE_FIPS": "48", "CNTY_FIPS": "487", "FIPS": "48487", "AREA": 976.9372, "POP1990": 15121.0, "POP1999": 13643.0, "POP90_SQMI": 15.0, "HOUSEHOLDS": 5741.0, "MALES": 7463.0, "FEMALES": 7658.0, "WHITE": 12010.0, "BLACK": 1349.0, "AMERI_ES": 80.0, "ASIAN_PI": 82.0, "OTHER": 1600.0, "HISPANIC": 2185.0, "AGE_UNDER5": 1082.0, "AGE_5_17": 2909.0, "AGE_18_29": 2394.0, "AGE_30_49": 3858.0, "AGE_50_64": 2040.0, "AGE_65_UP": 2838.0, "NEVERMARRY": 2311.0, "MARRIED": 6998.0, "SEPARATED": 257.0, "WIDOWED": 1329.0, "DIVORCED": 963.0, "HSEHLD_1_M": 512.0, "HSEHLD_1_F": 1111.0, "MARHH_CHD": 1553.0, "MARHH_NO_C": 1808.0, "MHH_CHILD": 87.0, "FHH_CHILD": 345.0, "HSE_UNITS": 6812.0, "VACANT": 1071.0, "OWNER_OCC": 3864.0, "RENTER_OCC": 1877.0, "MEDIAN_VAL": 36300.0, "MEDIANRENT": 213, "UNITS_1DET": 5407.0, "UNITS_1ATT": 82.0, "UNITS2": 295.0, "UNITS3_9": 271.0, "UNITS10_49": 189.0, "UNITS50_UP": 0.0, "MOBILEHOME": 493.0, "NO_FARMS87": 486.0, "AVG_SIZE87": 1748.0, "CROP_ACR87": 264212.0, "AVG_SALE87": 62384.0, "Shape_Leng": 2.1777799901651052, "Shape_Area": 0.24723959417046901, "Datacenter": null, "GDP_Change": 0.9, "HP_Change": null, "Talent-Bachelor": null, "Talent-Master": null, "Talent-Doctor": null, "NetADD": null, "NewDatacenter2023": null, "NewDatacenter2024": null, "NewDatacenter2025": null, "NewDatacenter2022": null, "NewDatacenter2021": null, "1_DC": 0, "1_TT": -0.1119605, "1_TPM": -0.0007872, "1_GDP": -0.2020214, "1_TA": -0.2064034, "1_WI": 1.892235, "1_SO": -0.3707, "1_ST": -0.0748602, "1_LP": -0.6427345, "1_PF": 0.069318, "1_CP": -0.1614918, "1_T": -0.5116907, "1_NR": -0.09085, "1_GW": -0.1841004, "1_SW": -0.219845, "1_RW": -0.1722456, "1_EG": 0.285036, "1_OF": 1.527838 }, "geometry": { "type": "MultiPolygon", "coordinates": [ [ [ [ -98.953279175733428, 33.833267095387235 ], [ -99.471346530187475, 33.827703352032394 ], [ -99.475210149718009, 34.075021691846281 ], [ -99.479805859425198, 34.38360025355891 ], [ -99.438743207931907, 34.364783342014078 ], [ -99.410323010738068, 34.36918561075916 ], [ -99.394522414982987, 34.396822323249054 ], [ -99.393157063261867, 34.429070724253741 ], [ -99.364569244373456, 34.450272374931259 ], [ -99.323658970513293, 34.412786946358572 ], [ -99.267535529991449, 34.39836455352016 ], [ -99.254465637825945, 34.368294391470762 ], [ -99.205849194327755, 34.332075482655242 ], [ -99.196662812782108, 34.305205746726529 ], [ -99.204955616661721, 34.255730694646125 ], [ -99.190840357530135, 34.223821566687384 ], [ -99.176511784341642, 34.212816520448456 ], [ -99.128300139336943, 34.201556269689931 ], [ -99.078784126140135, 34.2084460427807 ], [ -99.035569901007534, 34.199009126627423 ], [ -98.996544616505332, 34.209583705340954 ], [ -98.95285688551678, 34.19465358550697 ], [ -98.953279175733428, 33.833267095387235 ] ] ] ] } },
{ "type": "Feature", "properties": { "fid": 29, "OBJECTID": 2249.0, "NAME": "Motley", "STATE_NAME": "Texas", "STATE_FIPS": "48", "CNTY_FIPS": "345", "FIPS": "48345", "AREA": 987.2527, "POP1990": 1532.0, "POP1999": 1298.0, "POP90_SQMI": 2.0, "HOUSEHOLDS": 647.0, "MALES": 741.0, "FEMALES": 791.0, "WHITE": 1362.0, "BLACK": 68.0, "AMERI_ES": 5.0, "ASIAN_PI": 4.0, "OTHER": 93.0, "HISPANIC": 136.0, "AGE_UNDER5": 84.0, "AGE_5_17": 273.0, "AGE_18_29": 161.0, "AGE_30_49": 359.0, "AGE_50_64": 253.0, "AGE_65_UP": 402.0, "NEVERMARRY": 179.0, "MARRIED": 808.0, "SEPARATED": 14.0, "WIDOWED": 175.0, "DIVORCED": 69.0, "HSEHLD_1_M": 67.0, "HSEHLD_1_F": 126.0, "MARHH_CHD": 146.0, "MARHH_NO_C": 239.0, "MHH_CHILD": 4.0, "FHH_CHILD": 24.0, "HSE_UNITS": 1026.0, "VACANT": 379.0, "OWNER_OCC": 496.0, "RENTER_OCC": 151.0, "MEDIAN_VAL": 23700.0, "MEDIANRENT": 119, "UNITS_1DET": 918.0, "UNITS_1ATT": 3.0, "UNITS2": 2.0, "UNITS3_9": 1.0, "UNITS10_49": 11.0, "UNITS50_UP": 0.0, "MOBILEHOME": 69.0, "NO_FARMS87": 202.0, "AVG_SIZE87": 2313.0, "CROP_ACR87": 104886.0, "AVG_SALE87": 65075.0, "Shape_Leng": 1.9983732103281959, "Shape_Area": 0.24979687743248599, "Datacenter": null, "GDP_Change": -16.9, "HP_Change": null, "Talent-Bachelor": null, "Talent-Master": null, "Talent-Doctor": null, "NetADD": null, "NewDatacenter2023": null, "NewDatacenter2024": null, "NewDatacenter2025": null, "NewDatacenter2022": null, "NewDatacenter2021": null, "1_DC": 0, "1_TT": -0.1119605, "1_TPM": -0.0007872, "1_GDP": -0.2214243, "1_TA": -0.9264895, "1_WI": -0.4878197, "1_SO": -0.3707, "1_ST": -0.3565562, "1_LP": -0.9699233, "1_PF": 0.069318, "1_CP": -0.1614918, "1_T": -1.009849, "1_NR": -1.493074, "1_GW": -0.2393886, "1_SW": -0.220062, "1_RW": -0.1722456, "1_EG": -0.4965535, "1_OF": -1.40086 }, "geometry": { "type": "MultiPolygon", "coordinates": [ [ [ [ -101.046427307966155, 33.836445821741385 ], [ -101.048392106624647, 34.312330814138953 ], [ -100.94719103619974, 34.315923369074234 ], [ -100.519381106365245, 34.314076698421388 ], [ -100.526735405303612, 33.840435578381907 ], [ -101.046427307966155, 33.836445821741385 ] ] ] ] } },
{ "type": "Feature", "properties": { "fid": 30, "OBJECTID": 2251.0, "NAME": "Cottle", "STATE_NAME": "Texas", "STATE_FIPS": "48", "CNTY_FIPS": "101", "FIPS": "48101", "AREA": 889.5454, "POP1990": 2247.0, "POP1999": 1896.0, "POP90_SQMI": 3.0, "HOUSEHOLDS": 915.0, "MALES": 1094.0, "FEMALES": 1153.0, "WHITE": 1853.0, "BLACK": 199.0, "AMERI_ES": 4.0, "ASIAN_PI": 3.0, "OTHER": 188.0, "HISPANIC": 367.0, "AGE_UNDER5": 132.0, "AGE_5_17": 446.0, "AGE_18_29": 259.0, "AGE_30_49": 488.0, "AGE_50_64": 379.0, "AGE_65_UP": 543.0, "NEVERMARRY": 289.0, "MARRIED": 1116.0, "SEPARATED": 32.0, "WIDOWED": 232.0, "DIVORCED": 105.0, "HSEHLD_1_M": 98.0, "HSEHLD_1_F": 184.0, "MARHH_CHD": 207.0, "MARHH_NO_C": 323.0, "MHH_CHILD": 11.0, "FHH_CHILD": 49.0, "HSE_UNITS": 1286.0, "VACANT": 371.0, "OWNER_OCC": 660.0, "RENTER_OCC": 255.0, "MEDIAN_VAL": 25700.0, "MEDIANRENT": 120, "UNITS_1DET": 1101.0, "UNITS_1ATT": 26.0, "UNITS2": 41.0, "UNITS3_9": 62.0, "UNITS10_49": 3.0, "UNITS50_UP": 0.0, "MOBILEHOME": 44.0, "NO_FARMS87": 222.0, "AVG_SIZE87": 2252.0, "CROP_ACR87": -99.0, "AVG_SALE87": 63649.0, "Shape_Leng": 1.9928710983717679, "Shape_Area": 0.22505717808911299, "Datacenter": null, "GDP_Change": 6.2, "HP_Change": 32.57, "Talent-Bachelor": null, "Talent-Master": null, "Talent-Doctor": null, "NetADD": null, "NewDatacenter2023": null, "NewDatacenter2024": null, "NewDatacenter2025": null, "NewDatacenter2022": null, "NewDatacenter2021": null, "1_DC": 0, "1_TT": -0.1119605, "1_TPM": -0.0007872, "1_GDP": -0.219409, "1_TA": -0.7456784, "1_WI": -0.4878197, "1_SO": -0.3707, "1_ST": -0.3565562, "1_LP": -0.9699233, "1_PF": 0.069318, "1_CP": -0.1614918, "1_T": -0.7607697, "1_NR": -1.189553, "1_GW": -0.2282063, "1_SW": -0.2196781, "1_RW": -0.1722456, "1_EG": -0.5380116, "1_OF": -1.264958 }, "geometry": { "type": "MultiPolygon", "coordinates": [ [ [ [ -99.999824994833602, 34.229354984964509 ], [ -100.013161652296333, 34.227535275804847 ], [ -100.032060408462826, 34.238894839678949 ], [ -100.055391886326504, 34.227977285049654 ], [ -100.060088223631226, 33.841166773715869 ], [ -100.526735405303612, 33.840435578381907 ], [ -100.519381106365245, 34.314076698421388 ], [ -100.420928409981116, 34.315385449683042 ], [ -99.998154111716929, 34.312509119520442 ], [ -99.999824994833602, 34.229354984964509 ] ] ] ] } },
{ "type": "Feature", "properties": { "fid": 31, "OBJECTID": 2253.0, "NAME": "Floyd", "STATE_NAME": "Texas", "STATE_FIPS": "48", "CNTY_FIPS": "153", "FIPS": "48153", "AREA": 966.3788, "POP1990": 8497.0, "POP1999": 8185.0, "POP90_SQMI": 9.0, "HOUSEHOLDS": 2982.0, "MALES": 4117.0, "FEMALES": 4380.0, "WHITE": 5523.0, "BLACK": 320.0, "AMERI_ES": 16.0, "ASIAN_PI": 15.0, "OTHER": 2623.0, "HISPANIC": 3381.0, "AGE_UNDER5": 742.0, "AGE_5_17": 1944.0, "AGE_18_29": 1282.0, "AGE_30_49": 1951.0, "AGE_50_64": 1178.0, "AGE_65_UP": 1400.0, "NEVERMARRY": 1035.0, "MARRIED": 4163.0, "SEPARATED": 99.0, "WIDOWED": 580.0, "DIVORCED": 317.0, "HSEHLD_1_M": 232.0, "HSEHLD_1_F": 444.0, "MARHH_CHD": 1029.0, "MARHH_NO_C": 963.0, "MHH_CHILD": 57.0, "FHH_CHILD": 141.0, "HSE_UNITS": 3535.0, "VACANT": 553.0, "OWNER_OCC": 2080.0, "RENTER_OCC": 902.0, "MEDIAN_VAL": 29200.0, "MEDIANRENT": 172, "UNITS_1DET": 3074.0, "UNITS_1ATT": 41.0, "UNITS2": 111.0, "UNITS3_9": 86.0, "UNITS10_49": 5.0, "UNITS50_UP": 0.0, "MOBILEHOME": 191.0, "NO_FARMS87": 523.0, "AVG_SIZE87": 1162.0, "CROP_ACR87": 450586.0, "AVG_SALE87": 256565.0, "Shape_Leng": 1.9793849758277191, "Shape_Area": 0.244498891077919, "Datacenter": null, "GDP_Change": -6.7, "HP_Change": -37.07, "Talent-Bachelor": null, "Talent-Master": null, "Talent-Doctor": null, "NetADD": null, "NewDatacenter2023": null, "NewDatacenter2024": null, "NewDatacenter2025": null, "NewDatacenter2022": null, "NewDatacenter2021": null, "1_DC": 0, "1_TT": -0.1119605, "1_TPM": -0.0007872, "1_GDP": -0.2145478, "1_TA": -0.2417869, "1_WI": 1.49078, "1_SO": -0.3707, "1_ST": -0.3565562, "1_LP": -1.054359, "1_PF": 0.069318, "1_CP": -0.1614918, "1_T": -1.508007, "1_NR": -0.5929065, "1_GW": -0.2014788, "1_SW": -0.219845, "1_RW": -0.1722456, "1_EG": 0.0733952, "1_OF": -0.7349384 }, "geometry": { "type": "MultiPolygon", "coordinates": [ [ [ [ -101.562827340503816, 33.835168261106105 ], [ -101.561796852093039, 34.308844771833677 ], [ -101.468912410335975, 34.309600256547753 ], [ -101.048392106624647, 34.312330814138953 ], [ -101.046427307966155, 33.836445821741385 ], [ -101.562827340503816, 33.835168261106105 ] ] ] ] } },
{ "type": "Feature", "properties": { "fid": 32, "OBJECTID": 2254.0, "NAME": "Hale", "STATE_NAME": "Texas", "STATE_FIPS": "48", "CNTY_FIPS": "189", "FIPS": "48189", "AREA": 980.0022, "POP1990": 34671.0, "POP1999": 36784.0, "POP90_SQMI": 35.0, "HOUSEHOLDS": 11703.0, "MALES": 16989.0, "FEMALES": 17682.0, "WHITE": 23823.0, "BLACK": 1852.0, "AMERI_ES": 148.0, "ASIAN_PI": 136.0, "OTHER": 8712.0, "HISPANIC": 14428.0, "AGE_UNDER5": 3139.0, "AGE_5_17": 8025.0, "AGE_18_29": 6391.0, "AGE_30_49": 8378.0, "AGE_50_64": 4439.0, "AGE_65_UP": 4299.0, "NEVERMARRY": 5177.0, "MARRIED": 15777.0, "SEPARATED": 606.0, "WIDOWED": 2006.0, "DIVORCED": 1666.0, "HSEHLD_1_M": 887.0, "HSEHLD_1_F": 1643.0, "MARHH_CHD": 4072.0, "MARHH_NO_C": 3393.0, "MHH_CHILD": 240.0, "FHH_CHILD": 781.0, "HSE_UNITS": 13168.0, "VACANT": 1465.0, "OWNER_OCC": 7301.0, "RENTER_OCC": 4402.0, "MEDIAN_VAL": 39000.0, "MEDIANRENT": 241, "UNITS_1DET": 10370.0, "UNITS_1ATT": 222.0, "UNITS2": 368.0, "UNITS3_9": 709.0, "UNITS10_49": 382.0, "UNITS50_UP": 61.0, "MOBILEHOME": 916.0, "NO_FARMS87": 818.0, "AVG_SIZE87": 712.0, "CROP_ACR87": 507399.0, "AVG_SALE87": 195938.0, "Shape_Leng": 1.991947420460946, "Shape_Area": 0.247944971392733, "Datacenter": null, "GDP_Change": 1.6, "HP_Change": -4.2, "Talent-Bachelor": null, "Talent-Master": null, "Talent-Doctor": null, "NetADD": null, "NewDatacenter2023": null, "NewDatacenter2024": null, "NewDatacenter2025": null, "NewDatacenter2022": null, "NewDatacenter2021": null, "1_DC": 0, "1_TT": -0.1119605, "1_TPM": -0.0007872, "1_GDP": -0.1865954, "1_TA": 0.370631, "1_WI": 0.7582548, "1_SO": -0.3707, "1_ST": 1.530807, "1_LP": -1.054359, "1_PF": 0.069318, "1_CP": -0.1614918, "1_T": -1.632546, "1_NR": 0.9662753, "1_GW": -0.0855496, "1_SW": -0.2140035, "1_RW": -0.1722456, "1_EG": 0.285036, "1_OF": 1.252635 }, "geometry": { "type": "MultiPolygon", "coordinates": [ [ [ [ -102.081445910113132, 33.833361398680978 ], [ -102.086398920926968, 34.308355305320688 ], [ -101.992991453172579, 34.310442372322697 ], [ -101.561796852093039, 34.308844771833677 ], [ -101.562827340503816, 33.835168261106105 ], [ -102.081445910113132, 33.833361398680978 ] ] ] ] } },
{ "type": "Feature", "properties": { "fid": 33, "OBJECTID": 2255.0, "NAME": "Lamb", "STATE_NAME": "Texas", "STATE_FIPS": "48", "CNTY_FIPS": "279", "FIPS": "48279", "AREA": 987.5633, "POP1990": 15072.0, "POP1999": 14724.0, "POP90_SQMI": 15.0, "HOUSEHOLDS": 5488.0, "MALES": 7280.0, "FEMALES": 7792.0, "WHITE": 13036.0, "BLACK": 822.0, "AMERI_ES": 88.0, "ASIAN_PI": 25.0, "OTHER": 1101.0, "HISPANIC": 5509.0, "AGE_UNDER5": 1121.0, "AGE_5_17": 3393.0, "AGE_18_29": 2176.0, "AGE_30_49": 3481.0, "AGE_50_64": 2216.0, "AGE_65_UP": 2685.0, "NEVERMARRY": 1935.0, "MARRIED": 7269.0, "SEPARATED": 215.0, "WIDOWED": 1185.0, "DIVORCED": 635.0, "HSEHLD_1_M": 444.0, "HSEHLD_1_F": 879.0, "MARHH_CHD": 1655.0, "MARHH_NO_C": 1837.0, "MHH_CHILD": 98.0, "FHH_CHILD": 313.0, "HSE_UNITS": 6531.0, "VACANT": 1043.0, "OWNER_OCC": 4031.0, "RENTER_OCC": 1457.0, "MEDIAN_VAL": 28900.0, "MEDIANRENT": 185, "UNITS_1DET": 5742.0, "UNITS_1ATT": 54.0, "UNITS2": 95.0, "UNITS3_9": 147.0, "UNITS10_49": 47.0, "UNITS50_UP": 0.0, "MOBILEHOME": 385.0, "NO_FARMS87": 791.0, "AVG_SIZE87": 627.0, "CROP_ACR87": 401999.0, "AVG_SALE87": 212037.0, "Shape_Leng": 2.0011187241971049, "Shape_Area": 0.249849484045332, "Datacenter": null, "GDP_Change": -2.2, "HP_Change": null, "Talent-Bachelor": null, "Talent-Master": null, "Talent-Doctor": null, "NetADD": null, "NewDatacenter2023": null, "NewDatacenter2024": null, "NewDatacenter2025": null, "NewDatacenter2022": null, "NewDatacenter2021": null, "1_DC": 0, "1_TT": -0.1119605, "1_TPM": -0.0007872, "1_GDP": -0.2020059, "1_TA": -0.0915629, "1_WI": -0.4878197, "1_SO": -0.3707, "1_ST": -0.3565562, "1_LP": -1.012141, "1_PF": 0.069318, "1_CP": -0.1614918, "1_T": -1.806902, "1_NR": 0.4039304, "1_GW": -0.1579595, "1_SW": -0.220112, "1_RW": -0.1722456, "1_EG": 0.3555829, "1_OF": 1.439501 }, "geometry": { "type": "MultiPolygon", "coordinates": [ [ [ [ -102.606165443419911, 33.830458111115767 ], [ -102.609967774364065, 34.30824341779887 ], [ -102.522071507026681, 34.308820058111408 ], [ -102.086398920926968, 34.308355305320688 ], [ -102.081445910113132, 33.833361398680978 ], [ -102.606165443419911, 33.830458111115767 ] ] ] ] } },
{ "type": "Feature", "properties": { "fid": 34, "OBJECTID": 2256.0, "NAME": "Bailey", "STATE_NAME": "Texas", "STATE_FIPS": "48", "CNTY_FIPS": "017", "FIPS": "48017", "AREA": 802.9617, "POP1990": 7064.0, "POP1999": 6971.0, "POP90_SQMI": 9.0, "HOUSEHOLDS": 2454.0, "MALES": 3499.0, "FEMALES": 3565.0, "WHITE": 6537.0, "BLACK": 124.0, "AMERI_ES": 10.0, "ASIAN_PI": 12.0, "OTHER": 381.0, "HISPANIC": 2740.0, "AGE_UNDER5": 564.0, "AGE_5_17": 1686.0, "AGE_18_29": 1061.0, "AGE_30_49": 1805.0, "AGE_50_64": 978.0, "AGE_65_UP": 970.0, "NEVERMARRY": 909.0, "MARRIED": 3519.0, "SEPARATED": 77.0, "WIDOWED": 406.0, "DIVORCED": 286.0, "HSEHLD_1_M": 179.0, "HSEHLD_1_F": 326.0, "MARHH_CHD": 890.0, "MARHH_NO_C": 812.0, "MHH_CHILD": 34.0, "FHH_CHILD": 115.0, "HSE_UNITS": 3109.0, "VACANT": 655.0, "OWNER_OCC": 1710.0, "RENTER_OCC": 744.0, "MEDIAN_VAL": 35300.0, "MEDIANRENT": 201, "UNITS_1DET": 2566.0, "UNITS_1ATT": 34.0, "UNITS2": 35.0, "UNITS3_9": 113.0, "UNITS10_49": 89.0, "UNITS50_UP": 0.0, "MOBILEHOME": 256.0, "NO_FARMS87": 443.0, "AVG_SIZE87": 977.0, "CROP_ACR87": 293858.0, "AVG_SALE87": 193386.0, "Shape_Leng": 1.8062456071513111, "Shape_Area": 0.203103395704156, "Datacenter": null, "GDP_Change": 8.0, "HP_Change": null, "Talent-Bachelor": null, "Talent-Master": null, "Talent-Doctor": null, "NetADD": null, "NewDatacenter2023": null, "NewDatacenter2024": null, "NewDatacenter2025": null, "NewDatacenter2022": null, "NewDatacenter2021": null, "1_DC": 0, "1_TT": -0.1119605, "1_TPM": -0.0007872, "1_GDP": -0.2097157, "1_TA": -0.4424219, "1_WI": -0.4878197, "1_SO": -0.3707, "1_ST": -0.3565562, "1_LP": -1.012141, "1_PF": 0.069318, "1_CP": -0.1614918, "1_T": -1.906533, "1_NR": -0.2103872, "1_GW": -0.2114512, "1_SW": -0.220112, "1_RW": -0.1555319, "1_EG": -0.4021617, "1_OF": 1.935545 }, "geometry": { "type": "MultiPolygon", "coordinates": [ [ [ [ -103.033258497865745, 33.826181590308352 ], [ -103.02964583369652, 34.307820475423306 ], [ -102.609967774364065, 34.30824341779887 ], [ -102.606165443419911, 33.830458111115767 ], [ -103.033258497865745, 33.826181590308352 ] ] ] ] } },
{ "type": "Feature", "properties": { "fid": 35, "OBJECTID": 2266.0, "NAME": "Foard", "STATE_NAME": "Texas", "STATE_FIPS": "48", "CNTY_FIPS": "155", "FIPS": "48155", "AREA": 725.3463, "POP1990": 1794.0, "POP1999": 1699.0, "POP90_SQMI": 2.0, "HOUSEHOLDS": 739.0, "MALES": 827.0, "FEMALES": 967.0, "WHITE": 1552.0, "BLACK": 88.0, "AMERI_ES": 11.0, "ASIAN_PI": 4.0, "OTHER": 139.0, "HISPANIC": 233.0, "AGE_UNDER5": 111.0, "AGE_5_17": 318.0, "AGE_18_29": 238.0, "AGE_30_49": 393.0, "AGE_50_64": 280.0, "AGE_65_UP": 454.0, "NEVERMARRY": 211.0, "MARRIED": 871.0, "SEPARATED": 18.0, "WIDOWED": 220.0, "DIVORCED": 104.0, "HSEHLD_1_M": 78.0, "HSEHLD_1_F": 151.0, "MARHH_CHD": 180.0, "MARHH_NO_C": 241.0, "MHH_CHILD": 8.0, "FHH_CHILD": 35.0, "HSE_UNITS": 890.0, "VACANT": 151.0, "OWNER_OCC": 532.0, "RENTER_OCC": 207.0, "MEDIAN_VAL": 20700.0, "MEDIANRENT": 151, "UNITS_1DET": 790.0, "UNITS_1ATT": 12.0, "UNITS2": 32.0, "UNITS3_9": 15.0, "UNITS10_49": 1.0, "UNITS50_UP": 0.0, "MOBILEHOME": 32.0, "NO_FARMS87": 231.0, "AVG_SIZE87": 1720.0, "CROP_ACR87": 131129.0, "AVG_SALE87": 50630.0, "Shape_Leng": 2.1196587612344571, "Shape_Area": 0.183255130312246, "Datacenter": null, "GDP_Change": -4.7, "HP_Change": -25.0, "Talent-Bachelor": null, "Talent-Master": null, "Talent-Doctor": null, "NetADD": null, "NewDatacenter2023": null, "NewDatacenter2024": null, "NewDatacenter2025": null, "NewDatacenter2022": null, "NewDatacenter2021": null, "1_DC": 0, "1_TT": -0.1119605, "1_TPM": -0.0007872, "1_GDP": -0.2199172, "1_TA": -0.793626, "1_WI": 0.9433412, "1_SO": -0.3707, "1_ST": -0.3565562, "1_LP": -0.6427345, "1_PF": 0.069318, "1_CP": -0.1614918, "1_T": -0.5365986, "1_NR": -1.451496, "1_GW": -0.2465379, "1_SW": -0.2165571, "1_RW": -0.1722456, "1_EG": -0.11473, "1_OF": 0.6580619 }, "geometry": { "type": "MultiPolygon", "coordinates": [ [ [ [ -99.471346530187475, 33.827703352032394 ], [ -99.469231999110491, 33.731749899848914 ], [ -99.484621043282516, 33.742735945426574 ], [ -99.494394903326565, 33.767786620729048 ], [ -99.52088507362987, 33.771990153694446 ], [ -99.524120218007397, 33.7847348396336 ], [ -99.544575251882634, 33.783456755609585 ], [ -99.547818025545553, 33.796201433416876 ], [ -99.568288267416222, 33.791276552042788 ], [ -99.579839675454309, 33.801320383287049 ], [ -99.592626728317725, 33.785909143690432 ], [ -99.603064241150491, 33.798222687455336 ], [ -99.650497956345646, 33.817924812793756 ], [ -99.665444329502805, 33.812057772222616 ], [ -99.693582600801221, 33.824867016864467 ], [ -99.703081130884755, 33.798519315316646 ], [ -99.710268247345141, 33.798538322788659 ], [ -99.717386936345463, 33.815833757668607 ], [ -99.726290494048385, 33.79948801732143 ], [ -99.735652182251101, 33.808601061576717 ], [ -99.752261761248349, 33.798637114230871 ], [ -99.753849040882756, 33.821372229409015 ], [ -99.769344747835703, 33.81458583667208 ], [ -99.808019482039015, 33.820566699832803 ], [ -99.823507570413256, 33.814680558548815 ], [ -99.838950228764816, 33.833341489597871 ], [ -99.999828839580061, 33.832546127316768 ], [ -100.00203396471926, 33.842548034827949 ], [ -100.060088223631226, 33.841166773715869 ], [ -100.055391886326504, 34.227977285049654 ], [ -100.032060408462826, 34.238894839678949 ], [ -100.013161652296333, 34.227535275804847 ], [ -99.999824994833602, 34.229354984964509 ], [ -99.773520659936082, 34.090527703642259 ], [ -99.720250554758991, 34.095865209200639 ], [ -99.672596017960359, 34.084834009319756 ], [ -99.648700103757392, 34.095671709068448 ], [ -99.560692408375701, 34.061738061181003 ], [ -99.546829398180364, 34.062138796422438 ], [ -99.528991453670244, 34.077069511713916 ], [ -99.511244975938041, 34.076993476105336 ], [ -99.490797474452052, 34.066453895369008 ], [ -99.475210149718009, 34.075021691846281 ], [ -99.471346530187475, 33.827703352032394 ] ] ] ] } },
{ "type": "Feature", "properties": { "fid": 36, "OBJECTID": 2271.0, "NAME": "Wichita", "STATE_NAME": "Texas", "STATE_FIPS": "48", "CNTY_FIPS": "485", "FIPS": "48485", "AREA": 622.3276, "POP1990": 122378.0, "POP1999": 128980.0, "POP90_SQMI": 197.0, "HOUSEHOLDS": 45271.0, "MALES": 59946.0, "FEMALES": 62432.0, "WHITE": 102427.0, "BLACK": 11221.0, "AMERI_ES": 903.0, "ASIAN_PI": 1851.0, "OTHER": 5976.0, "HISPANIC": 10555.0, "AGE_UNDER5": 9348.0, "AGE_5_17": 22631.0, "AGE_18_29": 25621.0, "AGE_30_49": 32752.0, "AGE_50_64": 16426.0, "AGE_65_UP": 15600.0, "NEVERMARRY": 21012.0, "MARRIED": 54809.0, "SEPARATED": 2125.0, "WIDOWED": 7867.0, "DIVORCED": 9307.0, "HSEHLD_1_M": 4565.0, "HSEHLD_1_F": 6885.0, "MARHH_CHD": 12920.0, "MARHH_NO_C": 13174.0, "MHH_CHILD": 681.0, "FHH_CHILD": 3438.0, "HSE_UNITS": 51413.0, "VACANT": 6142.0, "OWNER_OCC": 28711.0, "RENTER_OCC": 16560.0, "MEDIAN_VAL": 46400.0, "MEDIANRENT": 291, "UNITS_1DET": 36997.0, "UNITS_1ATT": 1690.0, "UNITS2": 1765.0, "UNITS3_9": 4297.0, "UNITS10_49": 2174.0, "UNITS50_UP": 1364.0, "MOBILEHOME": 2566.0, "NO_FARMS87": 544.0, "AVG_SIZE87": 549.0, "CROP_ACR87": 130946.0, "AVG_SALE87": 31699.0, "Shape_Leng": 1.7217325227175051, "Shape_Area": 0.15736878631892601, "Datacenter": 12, "GDP_Change": 0.8, "HP_Change": null, "Talent-Bachelor": 15, "Talent-Master": 3, "Talent-Doctor": null, "NetADD": null, "NewDatacenter2023": null, "NewDatacenter2024": null, "NewDatacenter2025": null, "NewDatacenter2022": null, "NewDatacenter2021": null, "1_DC": 12, "1_TT": -0.0838644, "1_TPM": -0.0007872, "1_GDP": -0.0667191, "1_TA": 1.668761, "1_WI": -0.4878197, "1_SO": -0.3707, "1_ST": -0.3565562, "1_LP": -0.6427345, "1_PF": 0.069318, "1_CP": -0.1614918, "1_T": -0.4867828, "1_NR": 1.079576, "1_GW": -0.2094713, "1_SW": 0.0407845, "1_RW": -0.1317672, "1_EG": -0.5374942, "1_OF": 0.834735 }, "geometry": { "type": "MultiPolygon", "coordinates": [ [ [ [ -98.953279175733428, 33.833267095387235 ], [ -98.95285688551678, 34.19465358550697 ], [ -98.891689385299685, 34.160909896250395 ], [ -98.811409922265568, 34.146025923981121 ], [ -98.778876924320116, 34.132053257179251 ], [ -98.705632259667766, 34.130806363384963 ], [ -98.682552760499107, 34.150089379460937 ], [ -98.66205950085498, 34.147129343951093 ], [ -98.626329988117732, 34.158527615549019 ], [ -98.607583872351938, 34.15148974228569 ], [ -98.57666843705357, 34.142022018843114 ], [ -98.557914328644586, 34.105428462004248 ], [ -98.499852172690112, 34.066508171033135 ], [ -98.448519508144841, 34.054469302229528 ], [ -98.421670750290673, 34.065924640408404 ], [ -98.418610763217487, 33.834011193337822 ], [ -98.953279175733428, 33.833267095387235 ] ] ] ] } },
{ "type": "Feature", "properties": { "fid": 37, "OBJECTID": 2283.0, "NAME": "Clay", "STATE_NAME": "Texas", "STATE_FIPS": "48", "CNTY_FIPS": "077", "FIPS": "48077", "AREA": 1085.3777, "POP1990": 10024.0, "POP1999": 10712.0, "POP90_SQMI": 9.0, "HOUSEHOLDS": 3808.0, "MALES": 4880.0, "FEMALES": 5144.0, "WHITE": 9751.0, "BLACK": 33.0, "AMERI_ES": 88.0, "ASIAN_PI": 23.0, "OTHER": 129.0, "HISPANIC": 242.0, "AGE_UNDER5": 633.0, "AGE_5_17": 2008.0, "AGE_18_29": 1277.0, "AGE_30_49": 2728.0, "AGE_50_64": 1672.0, "AGE_65_UP": 1706.0, "NEVERMARRY": 1196.0, "MARRIED": 5326.0, "SEPARATED": 101.0, "WIDOWED": 728.0, "DIVORCED": 501.0, "HSEHLD_1_M": 289.0, "HSEHLD_1_F": 535.0, "MARHH_CHD": 1208.0, "MARHH_NO_C": 1371.0, "MHH_CHILD": 49.0, "FHH_CHILD": 144.0, "HSE_UNITS": 4708.0, "VACANT": 900.0, "OWNER_OCC": 3148.0, "RENTER_OCC": 660.0, "MEDIAN_VAL": 37500.0, "MEDIANRENT": 194, "UNITS_1DET": 3809.0, "UNITS_1ATT": 32.0, "UNITS2": 57.0, "UNITS3_9": 23.0, "UNITS10_49": 2.0, "UNITS50_UP": 0.0, "MOBILEHOME": 772.0, "NO_FARMS87": 836.0, "AVG_SIZE87": 681.0, "CROP_ACR87": 121744.0, "AVG_SALE87": 43894.0, "Shape_Leng": 2.2320674750751111, "Shape_Area": 0.27370490187969698, "Datacenter": null, "GDP_Change": 35.6, "HP_Change": null, "Talent-Bachelor": null, "Talent-Master": null, "Talent-Doctor": null, "NetADD": null, "NewDatacenter2023": null, "NewDatacenter2024": null, "NewDatacenter2025": null, "NewDatacenter2022": null, "NewDatacenter2021": null, "1_DC": 0, "1_TT": -0.1119605, "1_TPM": -0.0007872, "1_GDP": -0.2136295, "1_TA": -0.2940654, "1_WI": 0.0439778, "1_SO": -0.3707, "1_ST": -0.3565562, "1_LP": -0.6427345, "1_PF": 0.069318, "1_CP": -0.1614918, "1_T": -0.4867828, "1_NR": -1.130305, "1_GW": -0.2293428, "1_SW": -0.2052747, "1_RW": -0.1722456, "1_EG": -0.4346838, "1_OF": 1.045384 }, "geometry": { "type": "MultiPolygon", "coordinates": [ [ [ [ -98.416024318317909, 33.470566773580131 ], [ -98.418610763217487, 33.834011193337822 ], [ -98.421670750290673, 34.065924640408404 ], [ -98.407464399968774, 34.082548762169168 ], [ -98.391281849302686, 34.087324680928951 ], [ -98.384583160825173, 34.11587327663154 ], [ -98.350730263188495, 34.142213216879867 ], [ -98.320814121859655, 34.139512483681592 ], [ -98.27732471294496, 34.122964720145298 ], [ -98.173164284284496, 34.115461535471425 ], [ -98.137182702728012, 34.138524706447541 ], [ -98.115186329039034, 34.149079752846262 ], [ -98.094441274275312, 34.134649133938986 ], [ -98.111005433305138, 34.069915259992683 ], [ -98.086521971092509, 34.005410356720965 ], [ -98.055873675246573, 33.989896413037471 ], [ -98.023806211424471, 33.987081314719141 ], [ -97.982995159825009, 34.00138243530948 ], [ -97.950538934314068, 33.971258491053469 ], [ -97.948067000694891, 33.959848968266932 ], [ -97.963311047301033, 33.948748380967238 ], [ -97.950996927095105, 33.932616384577372 ], [ -97.976441844380759, 33.912150887077544 ], [ -97.976693678766992, 33.902602894249995 ], [ -97.979594853907884, 33.469640082138511 ], [ -98.416024318317909, 33.470566773580131 ] ] ] ] } },
{ "type": "Feature", "properties": { "fid": 38, "OBJECTID": 2305.0, "NAME": "Montague", "STATE_NAME": "Texas", "STATE_FIPS": "48", "CNTY_FIPS": "337", "FIPS": "48337", "AREA": 951.6434, "POP1990": 17274.0, "POP1999": 18789.0, "POP90_SQMI": 18.0, "HOUSEHOLDS": 6858.0, "MALES": 8281.0, "FEMALES": 8993.0, "WHITE": 16834.0, "BLACK": 5.0, "AMERI_ES": 72.0, "ASIAN_PI": 13.0, "OTHER": 350.0, "HISPANIC": 548.0, "AGE_UNDER5": 1124.0, "AGE_5_17": 3122.0, "AGE_18_29": 2288.0, "AGE_30_49": 4178.0, "AGE_50_64": 2769.0, "AGE_65_UP": 3793.0, "NEVERMARRY": 2023.0, "MARRIED": 8898.0, "SEPARATED": 196.0, "WIDOWED": 1688.0, "DIVORCED": 977.0, "HSEHLD_1_M": 577.0, "HSEHLD_1_F": 1223.0, "MARHH_CHD": 1834.0, "MARHH_NO_C": 2469.0, "MHH_CHILD": 93.0, "FHH_CHILD": 312.0, "HSE_UNITS": 9262.0, "VACANT": 2404.0, "OWNER_OCC": 5357.0, "RENTER_OCC": 1501.0, "MEDIAN_VAL": 35000.0, "MEDIANRENT": 181, "UNITS_1DET": 7047.0, "UNITS_1ATT": 47.0, "UNITS2": 150.0, "UNITS3_9": 136.0, "UNITS10_49": 116.0, "UNITS50_UP": 0.0, "MOBILEHOME": 1573.0, "NO_FARMS87": 1118.0, "AVG_SIZE87": 401.0, "CROP_ACR87": 134915.0, "AVG_SALE87": 22719.0, "Shape_Leng": 2.053359162644615, "Shape_Area": 0.23969426149041101, "Datacenter": null, "GDP_Change": -1.6, "HP_Change": null, "Talent-Bachelor": null, "Talent-Master": null, "Talent-Doctor": null, "NetADD": 183, "NewDatacenter2023": null, "NewDatacenter2024": null, "NewDatacenter2025": null, "NewDatacenter2022": null, "NewDatacenter2021": null, "1_DC": 0, "1_TT": -0.1119605, "1_TPM": 0.2966959, "1_GDP": -0.2062184, "1_TA": 0.0685602, "1_WI": -0.4878197, "1_SO": -0.3707, "1_ST": -0.3565562, "1_LP": 1.985331, "1_PF": 0.069318, "1_CP": -0.1614918, "1_T": -0.5365986, "1_NR": 0.1960395, "1_GW": -0.1959793, "1_SW": -0.1974972, "1_RW": -0.1641499, "1_EG": -0.5380116, "1_OF": 0.2197764 }, "geometry": { "type": "MultiPolygon", "coordinates": [ [ [ [ -97.979594853907884, 33.469640082138511 ], [ -97.976693678766992, 33.902602894249995 ], [ -97.955048533783497, 33.88357943067021 ], [ -97.90937762069467, 33.87412307323703 ], [ -97.87006222022228, 33.855214056881877 ], [ -97.852857391323198, 33.857170988169806 ], [ -97.790515557215087, 33.890556711876052 ], [ -97.756670407042577, 33.932197268803804 ], [ -97.729325813179685, 33.939391812674394 ], [ -97.70456756381293, 33.971644627802519 ], [ -97.671370973131332, 33.988711437932793 ], [ -97.600484171643643, 33.969535747925057 ], [ -97.592656472263457, 33.917985090844859 ], [ -97.575970584552806, 33.902631390693223 ], [ -97.554889937843598, 33.90400480732113 ], [ -97.518504189705936, 33.916871749035927 ], [ -97.477830829809136, 33.907808373464725 ], [ -97.47816971160222, 33.434704635557495 ], [ -97.91937471495811, 33.436716455467035 ], [ -97.978175931909675, 33.439130929190547 ], [ -97.979594853907884, 33.469640082138511 ] ] ] ] } },
{ "type": "Feature", "properties": { "fid": 39, "OBJECTID": 2313.0, "NAME": "Red River", "STATE_NAME": "Texas", "STATE_FIPS": "48", "CNTY_FIPS": "387", "FIPS": "48387", "AREA": 1049.6509, "POP1990": 14317.0, "POP1999": 13683.0, "POP90_SQMI": 14.0, "HOUSEHOLDS": 5688.0, "MALES": 6733.0, "FEMALES": 7584.0, "WHITE": 11203.0, "BLACK": 2872.0, "AMERI_ES": 75.0, "ASIAN_PI": 14.0, "OTHER": 153.0, "HISPANIC": 273.0, "AGE_UNDER5": 836.0, "AGE_5_17": 2607.0, "AGE_18_29": 2068.0, "AGE_30_49": 3421.0, "AGE_50_64": 2260.0, "AGE_65_UP": 3125.0, "NEVERMARRY": 2059.0, "MARRIED": 6809.0, "SEPARATED": 253.0, "WIDOWED": 1519.0, "DIVORCED": 863.0, "HSEHLD_1_M": 504.0, "HSEHLD_1_F": 1082.0, "MARHH_CHD": 1365.0, "MARHH_NO_C": 1875.0, "MHH_CHILD": 71.0, "FHH_CHILD": 398.0, "HSE_UNITS": 6650.0, "VACANT": 962.0, "OWNER_OCC": 4299.0, "RENTER_OCC": 1389.0, "MEDIAN_VAL": 25700.0, "MEDIANRENT": 130, "UNITS_1DET": 5317.0, "UNITS_1ATT": 54.0, "UNITS2": 166.0, "UNITS3_9": 148.0, "UNITS10_49": 39.0, "UNITS50_UP": 0.0, "MOBILEHOME": 838.0, "NO_FARMS87": 1035.0, "AVG_SIZE87": 375.0, "CROP_ACR87": 152832.0, "AVG_SALE87": 28185.0, "Shape_Leng": 2.4335098619087749, "Shape_Area": 0.26416096401744099, "Datacenter": null, "GDP_Change": -0.4, "HP_Change": null, "Talent-Bachelor": null, "Talent-Master": null, "Talent-Doctor": null, "NetADD": null, "NewDatacenter2023": null, "NewDatacenter2024": null, "NewDatacenter2025": null, "NewDatacenter2022": null, "NewDatacenter2021": null, "1_DC": 0, "1_TT": -0.1119605, "1_TPM": -0.0007872, "1_GDP": -0.2134544, "1_TA": -0.2461054, "1_WI": -0.4878197, "1_SO": -0.3707, "1_ST": -0.3565562, "1_LP": -0.167783, "1_PF": 0.069318, "1_CP": -0.1614918, "1_T": -0.6362302, "1_NR": 0.5182704, "1_GW": -0.2018087, "1_SW": -0.2124514, "1_RW": -0.1722456, "1_EG": -0.3441015, "1_OF": -0.0520285 }, "geometry": { "type": "MultiPolygon", "coordinates": [ [ [ [ -95.302029098797846, 33.383118202391017 ], [ -95.302187967753639, 33.886730106288873 ], [ -95.286661845279355, 33.887008718616563 ], [ -95.277583096731121, 33.918044937881518 ], [ -95.263849647937491, 33.897907428638021 ], [ -95.251222846778887, 33.905128702091794 ], [ -95.251520819869597, 33.936550098640957 ], [ -95.234270640614113, 33.964969440869126 ], [ -95.148544007287171, 33.943653437776575 ], [ -95.128195798128218, 33.940975618427778 ], [ -95.126906175199053, 33.917252141749145 ], [ -95.11945200414948, 33.912388452107798 ], [ -95.095586669264492, 33.921845125655189 ], [ -95.082494233675106, 33.91856073075995 ], [ -95.089940561214576, 33.897023012044734 ], [ -95.083829183696139, 33.888569693773512 ], [ -95.06370250123291, 33.917755897725094 ], [ -95.063366651312492, 33.896801837460863 ], [ -95.043087088320476, 33.884552937918329 ], [ -95.037586036154153, 33.866559073294297 ], [ -95.012995868765643, 33.870053380216255 ], [ -94.989504108850497, 33.856290072056623 ], [ -94.968926828684062, 33.866322848602763 ], [ -94.96012965780011, 33.848184033768476 ], [ -94.94010923140678, 33.840932419477816 ], [ -94.940620249694121, 33.815915636166402 ], [ -94.918455901662071, 33.816304854690266 ], [ -94.908766049332428, 33.80358669826574 ], [ -94.9140991208061, 33.789704981048367 ], [ -94.881855743580218, 33.775071935385945 ], [ -94.85809649842804, 33.749429603881865 ], [ -94.819375559385435, 33.74951367076244 ], [ -94.803436994436538, 33.739691007411579 ], [ -94.783721817125468, 33.753370467420275 ], [ -94.764388047196974, 33.752950922438572 ], [ -94.782241592951038, 33.742376602885052 ], [ -94.783370777631887, 33.733774567022884 ], [ -94.749983072343127, 33.736814979271038 ], [ -94.762930719398014, 33.716906282706873 ], [ -94.742323015856073, 33.719157165573428 ], [ -94.75469062241973, 33.707880866594238 ], [ -94.741865247189367, 33.70137710858782 ], [ -94.745318713822826, 33.337095874447847 ], [ -94.758479654832456, 33.329497046104635 ], [ -94.775882809182804, 33.332571432332188 ], [ -94.819425738385348, 33.381474094551294 ], [ -94.855956319121617, 33.386760770280958 ], [ -94.883209441052884, 33.399371563327435 ], [ -94.911339590348348, 33.390143784116752 ], [ -95.000071874304695, 33.397230457899411 ], [ -95.035000055034004, 33.384626773664976 ], [ -95.0597659408038, 33.393438339541646 ], [ -95.117056732153969, 33.392705544892522 ], [ -95.148772976096438, 33.38721609797706 ], [ -95.16944167078168, 33.391278521268262 ], [ -95.184990679719533, 33.380086323994576 ], [ -95.201012988440993, 33.38804732175219 ], [ -95.2445245842178, 33.378468497919876 ], [ -95.302029098797846, 33.383118202391017 ] ] ] ] } },
{ "type": "Feature", "properties": { "fid": 40, "OBJECTID": 2315.0, "NAME": "Grayson", "STATE_NAME": "Texas", "STATE_FIPS": "48", "CNTY_FIPS": "181", "FIPS": "48181", "AREA": 991.2957, "POP1990": 95021.0, "POP1999": 104275.0, "POP90_SQMI": 96.0, "HOUSEHOLDS": 36847.0, "MALES": 45339.0, "FEMALES": 49682.0, "WHITE": 85553.0, "BLACK": 6565.0, "AMERI_ES": 1046.0, "ASIAN_PI": 412.0, "OTHER": 1445.0, "HISPANIC": 2795.0, "AGE_UNDER5": 6459.0, "AGE_5_17": 17649.0, "AGE_18_29": 15992.0, "AGE_30_49": 25986.0, "AGE_50_64": 13422.0, "AGE_65_UP": 15513.0, "NEVERMARRY": 13935.0, "MARRIED": 45127.0, "SEPARATED": 1528.0, "WIDOWED": 7174.0, "DIVORCED": 7050.0, "HSEHLD_1_M": 3326.0, "HSEHLD_1_F": 5956.0, "MARHH_CHD": 9983.0, "MARHH_NO_C": 11764.0, "MHH_CHILD": 632.0, "FHH_CHILD": 2541.0, "HSE_UNITS": 44223.0, "VACANT": 7376.0, "OWNER_OCC": 25541.0, "RENTER_OCC": 11306.0, "MEDIAN_VAL": 46600.0, "MEDIANRENT": 277, "UNITS_1DET": 31803.0, "UNITS_1ATT": 680.0, "UNITS2": 1510.0, "UNITS3_9": 2216.0, "UNITS10_49": 2262.0, "UNITS50_UP": 774.0, "MOBILEHOME": 4377.0, "NO_FARMS87": 1900.0, "AVG_SIZE87": 218.0, "CROP_ACR87": 233760.0, "AVG_SALE87": 14305.0, "Shape_Leng": 2.2834322689734932, "Shape_Area": 0.24955354212088099, "Datacenter": null, "GDP_Change": 5.7, "HP_Change": null, "Talent-Bachelor": null, "Talent-Master": null, "Talent-Doctor": null, "NetADD": -517, "NewDatacenter2023": null, "NewDatacenter2024": null, "NewDatacenter2025": null, "NewDatacenter2022": null, "NewDatacenter2021": null, "1_DC": 0, "1_TT": -0.1119605, "1_TPM": -0.8412175, "1_GDP": -0.052603, "1_TA": 0.7502, "1_WI": -0.4878197, "1_SO": -0.2658861, "1_ST": -0.3565562, "1_LP": 1.985331, "1_PF": 0.069318, "1_CP": -0.1614918, "1_T": -0.4618749, "1_NR": 1.027603, "1_GW": 0.1601674, "1_SW": -0.0414467, "1_RW": -0.1722456, "1_EG": 0.2380047, "1_OF": -0.1811359 }, "geometry": { "type": "MultiPolygon", "coordinates": [ [ [ [ -96.376076647090201, 33.406119987116874 ], [ -96.830888719930329, 33.397272224503062 ], [ -96.831033455317538, 33.420945582669532 ], [ -96.938163206787976, 33.425219110844559 ], [ -96.936487554901362, 33.947949628715165 ], [ -96.929849813860301, 33.961872937715 ], [ -96.89873592787967, 33.950127763224359 ], [ -96.883133082703864, 33.924691963446968 ], [ -96.879218805104244, 33.88410454552082 ], [ -96.861296536342991, 33.861781452816622 ], [ -96.844289944274806, 33.858134674962741 ], [ -96.814396933876196, 33.871871057088924 ], [ -96.79787102516957, 33.870051477293842 ], [ -96.749101792846545, 33.831840487184522 ], [ -96.711953157588368, 33.833972670302906 ], [ -96.693657448552415, 33.848006527640457 ], [ -96.677979146485029, 33.904424518423632 ], [ -96.666511940688565, 33.913644368207073 ], [ -96.584760471256061, 33.89624551093236 ], [ -96.614439253874934, 33.863001355371743 ], [ -96.60146864898951, 33.843058519174079 ], [ -96.562404728741967, 33.825522574230725 ], [ -96.510843546846672, 33.815787444692795 ], [ -96.501016144886307, 33.788192534088942 ], [ -96.487641292733485, 33.778232505554826 ], [ -96.419730382171622, 33.788428481956224 ], [ -96.371083253053257, 33.740497558245337 ], [ -96.376076647090201, 33.406119987116874 ] ] ] ] } },
{ "type": "Feature", "properties": { "fid": 41, "OBJECTID": 2318.0, "NAME": "Cooke", "STATE_NAME": "Texas", "STATE_FIPS": "48", "CNTY_FIPS": "097", "FIPS": "48097", "AREA": 886.4291, "POP1990": 30777.0, "POP1999": 33130.0, "POP90_SQMI": 35.0, "HOUSEHOLDS": 11545.0, "MALES": 15073.0, "FEMALES": 15704.0, "WHITE": 28375.0, "BLACK": 1169.0, "AMERI_ES": 232.0, "ASIAN_PI": 131.0, "OTHER": 870.0, "HISPANIC": 1408.0, "AGE_UNDER5": 2314.0, "AGE_5_17": 6395.0, "AGE_18_29": 4677.0, "AGE_30_49": 8293.0, "AGE_50_64": 4217.0, "AGE_65_UP": 4881.0, "NEVERMARRY": 4332.0, "MARRIED": 14937.0, "SEPARATED": 316.0, "WIDOWED": 2128.0, "DIVORCED": 1941.0, "HSEHLD_1_M": 1009.0, "HSEHLD_1_F": 1736.0, "MARHH_CHD": 3442.0, "MARHH_NO_C": 3785.0, "MHH_CHILD": 168.0, "FHH_CHILD": 643.0, "HSE_UNITS": 13315.0, "VACANT": 1770.0, "OWNER_OCC": 8248.0, "RENTER_OCC": 3297.0, "MEDIAN_VAL": 47700.0, "MEDIANRENT": 243, "UNITS_1DET": 10120.0, "UNITS_1ATT": 98.0, "UNITS2": 200.0, "UNITS3_9": 449.0, "UNITS10_49": 432.0, "UNITS50_UP": 0.0, "MOBILEHOME": 1773.0, "NO_FARMS87": 1289.0, "AVG_SIZE87": 400.0, "CROP_ACR87": 167193.0, "AVG_SALE87": 33411.0, "Shape_Leng": 2.6566279820701548, "Shape_Area": 0.22318694999184999, "Datacenter": null, "GDP_Change": 8.5, "HP_Change": null, "Talent-Bachelor": null, "Talent-Master": null, "Talent-Doctor": null, "NetADD": null, "NewDatacenter2023": null, "NewDatacenter2024": null, "NewDatacenter2025": null, "NewDatacenter2022": null, "NewDatacenter2021": null, "1_DC": 0, "1_TT": -0.1119605, "1_TPM": -0.0007872, "1_GDP": -0.1527708, "1_TA": 0.1597036, "1_WI": 1.071077, "1_SO": -0.3707, "1_ST": -0.3565562, "1_LP": 1.985331, "1_PF": 0.069318, "1_CP": -0.1614918, "1_T": -0.5116907, "1_NR": 0.7989231, "1_GW": -0.0614252, "1_SW": -0.2102984, "1_RW": -0.1722456, "1_EG": -0.2323082, "1_OF": 0.6682546 }, "geometry": { "type": "MultiPolygon", "coordinates": [ [ [ [ -96.938163206787976, 33.425219110844559 ], [ -97.380235173787753, 33.434331385199371 ], [ -97.47816971160222, 33.434704635557495 ], [ -97.477830829809136, 33.907808373464725 ], [ -97.463059971381711, 33.90248318284138 ], [ -97.457360739301123, 33.8905320207313 ], [ -97.453035091129664, 33.836315018655327 ], [ -97.410416162910394, 33.820812454210348 ], [ -97.36361607593858, 33.831127147008758 ], [ -97.342100487461039, 33.86201783204713 ], [ -97.315251894180108, 33.870493887564372 ], [ -97.31438207219577, 33.895941130854439 ], [ -97.272571898081651, 33.872675841245027 ], [ -97.264202229240993, 33.858832631450014 ], [ -97.250980125275419, 33.873072559627225 ], [ -97.246356589057427, 33.894338998200844 ], [ -97.211626649477921, 33.905790475845073 ], [ -97.188058805126275, 33.899305663311274 ], [ -97.164460386813403, 33.863250026325076 ], [ -97.168885533872128, 33.8478962328062 ], [ -97.19530685545385, 33.836261656869553 ], [ -97.208612881128033, 33.819752025520273 ], [ -97.189454841475481, 33.75287436801375 ], [ -97.152763955176226, 33.728773755924031 ], [ -97.115851815265614, 33.72603874391325 ], [ -97.090788507527236, 33.73177594273902 ], [ -97.083754027032796, 33.742517868251205 ], [ -97.087958150994041, 33.807675119521598 ], [ -97.050313694264503, 33.82355154597721 ], [ -97.078535675913656, 33.837913502109494 ], [ -97.082464967412591, 33.851203581158501 ], [ -97.071188425613343, 33.85683013406846 ], [ -97.025883748744548, 33.840663885973797 ], [ -97.006138364554999, 33.850616207176735 ], [ -96.987995156210388, 33.876524992571369 ], [ -96.988148077801441, 33.944302875158144 ], [ -96.968471105825188, 33.937421325263514 ], [ -96.936487554901362, 33.947949628715165 ], [ -96.938163206787976, 33.425219110844559 ] ] ] ] } },
{ "type": "Feature", "properties": { "fid": 42, "OBJECTID": 2321.0, "NAME": "Lamar", "STATE_NAME": "Texas", "STATE_FIPS": "48", "CNTY_FIPS": "277", "FIPS": "48277", "AREA": 936.9362, "POP1990": 43949.0, "POP1999": 46407.0, "POP90_SQMI": 47.0, "HOUSEHOLDS": 16798.0, "MALES": 20820.0, "FEMALES": 23129.0, "WHITE": 36814.0, "BLACK": 6397.0, "AMERI_ES": 406.0, "ASIAN_PI": 153.0, "OTHER": 179.0, "HISPANIC": 475.0, "AGE_UNDER5": 3140.0, "AGE_5_17": 8299.0, "AGE_18_29": 7353.0, "AGE_30_49": 11436.0, "AGE_50_64": 6060.0, "AGE_65_UP": 7661.0, "NEVERMARRY": 6641.0, "MARRIED": 20453.0, "SEPARATED": 771.0, "WIDOWED": 3613.0, "DIVORCED": 2931.0, "HSEHLD_1_M": 1468.0, "HSEHLD_1_F": 2737.0, "MARHH_CHD": 4596.0, "MARHH_NO_C": 5230.0, "MHH_CHILD": 252.0, "FHH_CHILD": 1305.0, "HSE_UNITS": 18964.0, "VACANT": 2166.0, "OWNER_OCC": 11567.0, "RENTER_OCC": 5231.0, "MEDIAN_VAL": 39000.0, "MEDIANRENT": 253, "UNITS_1DET": 14726.0, "UNITS_1ATT": 205.0, "UNITS2": 591.0, "UNITS3_9": 984.0, "UNITS10_49": 823.0, "UNITS50_UP": 160.0, "MOBILEHOME": 1284.0, "NO_FARMS87": 1488.0, "AVG_SIZE87": 273.0, "CROP_ACR87": 222355.0, "AVG_SALE87": 18665.0, "Shape_Leng": 2.212241211685714, "Shape_Area": 0.235925254895377, "Datacenter": 1, "GDP_Change": 1.3, "HP_Change": null, "Talent-Bachelor": null, "Talent-Master": null, "Talent-Doctor": null, "NetADD": null, "NewDatacenter2023": null, "NewDatacenter2024": null, "NewDatacenter2025": 1, "NewDatacenter2022": null, "NewDatacenter2021": null, "1_DC": 1, "1_TT": -0.1119605, "1_TPM": -0.0007872, "1_GDP": -0.1496743, "1_TA": 0.3799772, "1_WI": -0.4878197, "1_SO": 2.074957, "1_ST": -0.3565562, "1_LP": -0.167783, "1_PF": 0.069318, "1_CP": -0.1614918, "1_T": -0.686046, "1_NR": 1.002656, "1_GW": -0.244888, "1_SW": -0.0579029, "1_RW": -0.1722456, "1_EG": 1.813553, "1_OF": 0.0125251 }, "geometry": { "type": "MultiPolygon", "coordinates": [ [ [ [ -95.302029098797846, 33.383118202391017 ], [ -95.348241823191529, 33.392742250863755 ], [ -95.400848389420446, 33.424922149313971 ], [ -95.614935896517181, 33.485668863609696 ], [ -95.682335858756517, 33.482300156271585 ], [ -95.72140716612779, 33.493324172536404 ], [ -95.767116211646169, 33.493648214970399 ], [ -95.851743982819244, 33.466682613856165 ], [ -95.846805739044726, 33.84113822874307 ], [ -95.826220793047924, 33.843125830821364 ], [ -95.795725259544668, 33.864774346655132 ], [ -95.768761532747817, 33.851503315816927 ], [ -95.764497098757261, 33.879106372688653 ], [ -95.76094194954544, 33.893541156253903 ], [ -95.747109480278311, 33.903497633017317 ], [ -95.699950264817915, 33.894926775142473 ], [ -95.63373271524722, 33.920207718297235 ], [ -95.613224125483612, 33.920341553816243 ], [ -95.615070773596187, 33.936794260768963 ], [ -95.60631201461905, 33.94465646481666 ], [ -95.563013397063855, 33.936177102568358 ], [ -95.546555720843116, 33.904137811651871 ], [ -95.519813725054405, 33.906747474396262 ], [ -95.526970251268438, 33.897920177629736 ], [ -95.547730542627335, 33.89326212271073 ], [ -95.544274198176311, 33.885846426093558 ], [ -95.513122383821042, 33.897840284624081 ], [ -95.499091232429237, 33.881822623724396 ], [ -95.468359477733713, 33.886537857354071 ], [ -95.451841256492514, 33.865858611262993 ], [ -95.330272123142151, 33.871024844225261 ], [ -95.33646002405186, 33.897220144346669 ], [ -95.302187967753639, 33.886730106288873 ], [ -95.302029098797846, 33.383118202391017 ] ] ] ] } },
{ "type": "Feature", "properties": { "fid": 43, "OBJECTID": 2326.0, "NAME": "Fannin", "STATE_NAME": "Texas", "STATE_FIPS": "48", "CNTY_FIPS": "147", "FIPS": "48147", "AREA": 904.3908, "POP1990": 24804.0, "POP1999": 28749.0, "POP90_SQMI": 27.0, "HOUSEHOLDS": 9691.0, "MALES": 11971.0, "FEMALES": 12833.0, "WHITE": 22722.0, "BLACK": 1633.0, "AMERI_ES": 182.0, "ASIAN_PI": 54.0, "OTHER": 213.0, "HISPANIC": 485.0, "AGE_UNDER5": 1574.0, "AGE_5_17": 4398.0, "AGE_18_29": 3550.0, "AGE_30_49": 6205.0, "AGE_50_64": 3877.0, "AGE_65_UP": 5200.0, "NEVERMARRY": 3231.0, "MARRIED": 12316.0, "SEPARATED": 358.0, "WIDOWED": 2355.0, "DIVORCED": 1600.0, "HSEHLD_1_M": 873.0, "HSEHLD_1_F": 1682.0, "MARHH_CHD": 2591.0, "MARHH_NO_C": 3308.0, "MHH_CHILD": 142.0, "FHH_CHILD": 499.0, "HSE_UNITS": 11504.0, "VACANT": 1813.0, "OWNER_OCC": 7357.0, "RENTER_OCC": 2334.0, "MEDIAN_VAL": 35100.0, "MEDIANRENT": 202, "UNITS_1DET": 9013.0, "UNITS_1ATT": 119.0, "UNITS2": 336.0, "UNITS3_9": 288.0, "UNITS10_49": 153.0, "UNITS50_UP": 0.0, "MOBILEHOME": 1455.0, "NO_FARMS87": 1533.0, "AVG_SIZE87": 288.0, "CROP_ACR87": 258448.0, "AVG_SALE87": 16452.0, "Shape_Leng": 2.158726621414667, "Shape_Area": 0.22758873283459699, "Datacenter": null, "GDP_Change": 5.8, "HP_Change": null, "Talent-Bachelor": null, "Talent-Master": null, "Talent-Doctor": null, "NetADD": null, "NewDatacenter2023": null, "NewDatacenter2024": null, "NewDatacenter2025": null, "NewDatacenter2022": null, "NewDatacenter2021": null, "1_DC": 0, "1_TT": -0.1119605, "1_TPM": -0.0007872, "1_GDP": -0.1911232, "1_TA": 0.4042758, "1_WI": -0.4878197, "1_SO": 0.3629971, "1_ST": -0.3565562, "1_LP": 1.985331, "1_PF": 0.069318, "1_CP": -0.1614918, "1_T": -0.5116907, "1_NR": 0.629492, "1_GW": -0.1309387, "1_SW": -0.1950772, "1_RW": -0.1722456, "1_EG": -0.4474058, "1_OF": -0.3951823 }, "geometry": { "type": "MultiPolygon", "coordinates": [ [ [ [ -96.376076647090201, 33.406119987116874 ], [ -96.371083253053257, 33.740497558245337 ], [ -96.347850558401262, 33.705631800691634 ], [ -96.31653860767392, 33.701904715747574 ], [ -96.301050708961498, 33.714153341070343 ], [ -96.289942789917291, 33.762034291930213 ], [ -96.278338365901163, 33.773489489318628 ], [ -96.212807166385005, 33.756792555903381 ], [ -96.187286010661978, 33.758684485278806 ], [ -96.169074242220688, 33.769456889942802 ], [ -96.161574876080067, 33.798329731814825 ], [ -96.141677217706558, 33.820420149816428 ], [ -96.154777384414615, 33.824044080258183 ], [ -96.18098489371323, 33.808533909975651 ], [ -96.183388375035463, 33.815892319408604 ], [ -96.169464541665263, 33.829083236840589 ], [ -96.149223244842688, 33.835690109917039 ], [ -96.10970158601782, 33.82935772825239 ], [ -96.091779901852306, 33.844677232933172 ], [ -96.048229864881193, 33.841377475606677 ], [ -96.027004567416384, 33.856120996861321 ], [ -96.014323831678325, 33.844307037858584 ], [ -96.002048060394316, 33.85707842310417 ], [ -96.002872462098082, 33.873489003536662 ], [ -95.994464586028755, 33.875476480745945 ], [ -95.977648248898674, 33.858051344875946 ], [ -95.959016632945861, 33.865139116744984 ], [ -95.943322880098037, 33.890071803250635 ], [ -95.933327950336491, 33.890628841424068 ], [ -95.846805739044726, 33.84113822874307 ], [ -95.851743982819244, 33.466682613856165 ], [ -95.853048428159184, 33.410726129273243 ], [ -96.2866801803371, 33.353184407166331 ], [ -96.375244888777956, 33.340535502493807 ], [ -96.376076647090201, 33.406119987116874 ] ] ] ] } },
{ "type": "Feature", "properties": { "fid": 44, "OBJECTID": 2331.0, "NAME": "King", "STATE_NAME": "Texas", "STATE_FIPS": "48", "CNTY_FIPS": "269", "FIPS": "48269", "AREA": 941.638, "POP1990": 354.0, "POP1999": 377.0, "POP90_SQMI": 0.0, "HOUSEHOLDS": 124.0, "MALES": 183.0, "FEMALES": 171.0, "WHITE": 317.0, "BLACK": 0.0, "AMERI_ES": 0.0, "ASIAN_PI": 0.0, "OTHER": 37.0, "HISPANIC": 53.0, "AGE_UNDER5": 24.0, "AGE_5_17": 85.0, "AGE_18_29": 51.0, "AGE_30_49": 119.0, "AGE_50_64": 53.0, "AGE_65_UP": 22.0, "NEVERMARRY": 42.0, "MARRIED": 202.0, "SEPARATED": 4.0, "WIDOWED": 7.0, "DIVORCED": 13.0, "HSEHLD_1_M": 10.0, "HSEHLD_1_F": 8.0, "MARHH_CHD": 54.0, "MARHH_NO_C": 43.0, "MHH_CHILD": 0.0, "FHH_CHILD": 4.0, "HSE_UNITS": 191.0, "VACANT": 67.0, "OWNER_OCC": 44.0, "RENTER_OCC": 80.0, "MEDIAN_VAL": 17500.0, "MEDIANRENT": 150, "UNITS_1DET": 142.0, "UNITS_1ATT": 3.0, "UNITS2": 4.0, "UNITS3_9": 1.0, "UNITS10_49": 0.0, "UNITS50_UP": 0.0, "MOBILEHOME": 39.0, "NO_FARMS87": 50.0, "AVG_SIZE87": 8194.0, "CROP_ACR87": -99.0, "AVG_SALE87": 158105.0, "Shape_Leng": 1.953513575719394, "Shape_Area": 0.236984834134603, "Datacenter": null, "GDP_Change": 6.2, "HP_Change": null, "Talent-Bachelor": null, "Talent-Master": null, "Talent-Doctor": null, "NetADD": null, "NewDatacenter2023": null, "NewDatacenter2024": null, "NewDatacenter2025": null, "NewDatacenter2022": null, "NewDatacenter2021": null, "1_DC": 0, "1_TT": -0.1119605, "1_TPM": -0.0007872, "1_GDP": -0.2200978, "1_TA": -1.086987, "1_WI": -0.4878197, "1_SO": -0.3707, "1_ST": -0.3565562, "1_LP": -0.9699233, "1_PF": 0.069318, "1_CP": -0.1614918, "1_T": -0.5365986, "1_NR": -1.586625, "1_GW": -0.2405251, "1_SW": -0.220112, "1_RW": -0.1722456, "1_EG": -0.5380116, "1_OF": -1.417848 }, "geometry": { "type": "MultiPolygon", "coordinates": [ [ [ [ -100.519321748333425, 33.39021730731568 ], [ -100.526735405303612, 33.840435578381907 ], [ -100.060088223631226, 33.841166773715869 ], [ -100.00203396471926, 33.842548034827949 ], [ -99.999828839580061, 33.832546127316768 ], [ -99.988282143427796, 33.395490695576953 ], [ -100.519321748333425, 33.39021730731568 ] ] ] ] } },
{ "type": "Feature", "properties": { "fid": 45, "OBJECTID": 2332.0, "NAME": "Dickens", "STATE_NAME": "Texas", "STATE_FIPS": "48", "CNTY_FIPS": "125", "FIPS": "48125", "AREA": 924.5573, "POP1990": 2571.0, "POP1999": 2210.0, "POP90_SQMI": 3.0, "HOUSEHOLDS": 1073.0, "MALES": 1222.0, "FEMALES": 1349.0, "WHITE": 2193.0, "BLACK": 113.0, "AMERI_ES": 13.0, "ASIAN_PI": 1.0, "OTHER": 251.0, "HISPANIC": 479.0, "AGE_UNDER5": 139.0, "AGE_5_17": 472.0, "AGE_18_29": 317.0, "AGE_30_49": 576.0, "AGE_50_64": 416.0, "AGE_65_UP": 651.0, "NEVERMARRY": 346.0, "MARRIED": 1279.0, "SEPARATED": 41.0, "WIDOWED": 282.0, "DIVORCED": 138.0, "HSEHLD_1_M": 128.0, "HSEHLD_1_F": 222.0, "MARHH_CHD": 235.0, "MARHH_NO_C": 378.0, "MHH_CHILD": 15.0, "FHH_CHILD": 50.0, "HSE_UNITS": 1564.0, "VACANT": 491.0, "OWNER_OCC": 813.0, "RENTER_OCC": 260.0, "MEDIAN_VAL": 19100.0, "MEDIANRENT": 110, "UNITS_1DET": 1374.0, "UNITS_1ATT": 11.0, "UNITS2": 19.0, "UNITS3_9": 6.0, "UNITS10_49": 0.0, "UNITS50_UP": 0.0, "MOBILEHOME": 140.0, "NO_FARMS87": 285.0, "AVG_SIZE87": 1541.0, "CROP_ACR87": 118170.0, "AVG_SALE87": 43706.0, "Shape_Leng": 1.94057179797464, "Shape_Area": 0.232572895670482, "Datacenter": 1, "GDP_Change": -9.3, "HP_Change": null, "Talent-Bachelor": null, "Talent-Master": null, "Talent-Doctor": null, "NetADD": null, "NewDatacenter2023": null, "NewDatacenter2024": null, "NewDatacenter2025": null, "NewDatacenter2022": 1, "NewDatacenter2021": null, "1_DC": 1, "1_TT": -0.1119605, "1_TPM": -0.0007872, "1_GDP": -0.2200759, "1_TA": -0.6265993, "1_WI": -0.0967922, "1_SO": -0.3707, "1_ST": 1.530807, "1_LP": -0.9699233, "1_PF": 0.069318, "1_CP": -0.1614918, "1_T": -0.8354934, "1_NR": -1.152133, "1_GW": -0.2437515, "1_SW": -0.2163234, "1_RW": -0.1722456, "1_EG": -0.4588814, "1_OF": -1.281946 }, "geometry": { "type": "MultiPolygon", "coordinates": [ [ [ [ -100.519321748333425, 33.39021730731568 ], [ -100.765660679017913, 33.396123441092982 ], [ -101.045456671547356, 33.392096302656803 ], [ -101.046427307966155, 33.836445821741385 ], [ -100.526735405303612, 33.840435578381907 ], [ -100.519321748333425, 33.39021730731568 ] ] ] ] } },
{ "type": "Feature", "properties": { "fid": 46, "OBJECTID": 2333.0, "NAME": "Crosby", "STATE_NAME": "Texas", "STATE_FIPS": "48", "CNTY_FIPS": "107", "FIPS": "48107", "AREA": 913.2301, "POP1990": 7304.0, "POP1999": 7169.0, "POP90_SQMI": 8.0, "HOUSEHOLDS": 2516.0, "MALES": 3538.0, "FEMALES": 3766.0, "WHITE": 5784.0, "BLACK": 321.0, "AMERI_ES": 13.0, "ASIAN_PI": 8.0, "OTHER": 1178.0, "HISPANIC": 3111.0, "AGE_UNDER5": 586.0, "AGE_5_17": 1696.0, "AGE_18_29": 1125.0, "AGE_30_49": 1633.0, "AGE_50_64": 1097.0, "AGE_65_UP": 1167.0, "NEVERMARRY": 991.0, "MARRIED": 3446.0, "SEPARATED": 108.0, "WIDOWED": 561.0, "DIVORCED": 292.0, "HSEHLD_1_M": 190.0, "HSEHLD_1_F": 395.0, "MARHH_CHD": 838.0, "MARHH_NO_C": 809.0, "MHH_CHILD": 45.0, "FHH_CHILD": 130.0, "HSE_UNITS": 3312.0, "VACANT": 796.0, "OWNER_OCC": 1784.0, "RENTER_OCC": 732.0, "MEDIAN_VAL": 29700.0, "MEDIANRENT": 157, "UNITS_1DET": 2806.0, "UNITS_1ATT": 33.0, "UNITS2": 108.0, "UNITS3_9": 47.0, "UNITS10_49": 3.0, "UNITS50_UP": 0.0, "MOBILEHOME": 297.0, "NO_FARMS87": 380.0, "AVG_SIZE87": 1223.0, "CROP_ACR87": 300668.0, "AVG_SALE87": 112752.0, "Shape_Leng": 1.9229192643950761, "Shape_Area": 0.22979527162452201, "Datacenter": null, "GDP_Change": -18.0, "HP_Change": -1.7, "Talent-Bachelor": null, "Talent-Master": null, "Talent-Doctor": null, "NetADD": null, "NewDatacenter2023": null, "NewDatacenter2024": null, "NewDatacenter2025": null, "NewDatacenter2022": null, "NewDatacenter2021": null, "1_DC": 0, "1_TT": -0.1119605, "1_TPM": -0.0007872, "1_GDP": -0.2171586, "1_TA": -0.4223242, "1_WI": 0.4688944, "1_SO": -0.3707, "1_ST": -0.3565562, "1_LP": -1.054359, "1_PF": 0.069318, "1_CP": -0.1614918, "1_T": -1.10948, "1_NR": -0.8215865, "1_GW": -0.2317993, "1_SW": -0.2109326, "1_RW": -0.1722456, "1_EG": -0.2323082, "1_OF": 1.164299 }, "geometry": { "type": "MultiPolygon", "coordinates": [ [ [ [ -101.562771269477707, 33.390318843866197 ], [ -101.562827340503816, 33.835168261106105 ], [ -101.046427307966155, 33.836445821741385 ], [ -101.045456671547356, 33.392096302656803 ], [ -101.562771269477707, 33.390318843866197 ] ] ] ] } },
{ "type": "Feature", "properties": { "fid": 47, "OBJECTID": 2334.0, "NAME": "Lubbock", "STATE_NAME": "Texas", "STATE_FIPS": "48", "CNTY_FIPS": "303", "FIPS": "48303", "AREA": 908.9309, "POP1990": 222636.0, "POP1999": 228597.0, "POP90_SQMI": 245.0, "HOUSEHOLDS": 81534.0, "MALES": 109658.0, "FEMALES": 112978.0, "WHITE": 176037.0, "BLACK": 17154.0, "AMERI_ES": 686.0, "ASIAN_PI": 2722.0, "OTHER": 26037.0, "HISPANIC": 51011.0, "AGE_UNDER5": 17052.0, "AGE_5_17": 41813.0, "AGE_18_29": 57309.0, "AGE_30_49": 58979.0, "AGE_50_64": 25496.0, "AGE_65_UP": 21987.0, "NEVERMARRY": 50001.0, "MARRIED": 93310.0, "SEPARATED": 3806.0, "WIDOWED": 10701.0, "DIVORCED": 14719.0, "HSEHLD_1_M": 9236.0, "HSEHLD_1_F": 11533.0, "MARHH_CHD": 22996.0, "MARHH_NO_C": 21508.0, "MHH_CHILD": 1282.0, "FHH_CHILD": 5834.0, "HSE_UNITS": 91770.0, "VACANT": 10236.0, "OWNER_OCC": 47438.0, "RENTER_OCC": 34096.0, "MEDIAN_VAL": 54500.0, "MEDIANRENT": 311, "UNITS_1DET": 58309.0, "UNITS_1ATT": 2946.0, "UNITS2": 3911.0, "UNITS3_9": 5555.0, "UNITS10_49": 8296.0, "UNITS50_UP": 6528.0, "MOBILEHOME": 5201.0, "NO_FARMS87": 969.0, "AVG_SIZE87": 480.0, "CROP_ACR87": 410551.0, "AVG_SALE87": 144460.0, "Shape_Leng": 1.9181656564341221, "Shape_Area": 0.22871023301340701, "Datacenter": 4, "GDP_Change": 1.7, "HP_Change": null, "Talent-Bachelor": 7, "Talent-Master": 70, "Talent-Doctor": null, "NetADD": 66, "NewDatacenter2023": null, "NewDatacenter2024": null, "NewDatacenter2025": null, "NewDatacenter2022": null, "NewDatacenter2021": null, "1_DC": 4, "1_TT": 0.0082285, "1_TPM": 0.1065018, "1_GDP": 0.1797456, "1_TA": 1.829594, "1_WI": -0.4382896, "1_SO": -0.3567248, "1_ST": -0.3565562, "1_LP": -1.054359, "1_PF": 0.069318, "1_CP": -0.1614918, "1_T": -1.209112, "1_NR": 1.54837, "1_GW": 0.9965291, "1_SW": -0.0118555, "1_RW": 0.5380855, "1_EG": 0.2144891, "1_OF": 1.300201 }, "geometry": { "type": "MultiPolygon", "coordinates": [ [ [ [ -102.07354526709554, 33.389511826561865 ], [ -102.081445910113132, 33.833361398680978 ], [ -101.562827340503816, 33.835168261106105 ], [ -101.562771269477707, 33.390318843866197 ], [ -102.07354526709554, 33.389511826561865 ] ] ] ] } },
{ "type": "Feature", "properties": { "fid": 48, "OBJECTID": 2335.0, "NAME": "Archer", "STATE_NAME": "Texas", "STATE_FIPS": "48", "CNTY_FIPS": "009", "FIPS": "48009", "AREA": 927.1429, "POP1990": 7973.0, "POP1999": 8394.0, "POP90_SQMI": 9.0, "HOUSEHOLDS": 2957.0, "MALES": 3981.0, "FEMALES": 3992.0, "WHITE": 7789.0, "BLACK": 11.0, "AMERI_ES": 36.0, "ASIAN_PI": 4.0, "OTHER": 133.0, "HISPANIC": 189.0, "AGE_UNDER5": 570.0, "AGE_5_17": 1662.0, "AGE_18_29": 1141.0, "AGE_30_49": 2239.0, "AGE_50_64": 1247.0, "AGE_65_UP": 1114.0, "NEVERMARRY": 936.0, "MARRIED": 4191.0, "SEPARATED": 79.0, "WIDOWED": 463.0, "DIVORCED": 432.0, "HSEHLD_1_M": 245.0, "HSEHLD_1_F": 360.0, "MARHH_CHD": 1013.0, "MARHH_NO_C": 1031.0, "MHH_CHILD": 47.0, "FHH_CHILD": 115.0, "HSE_UNITS": 3680.0, "VACANT": 723.0, "OWNER_OCC": 2376.0, "RENTER_OCC": 581.0, "MEDIAN_VAL": 45200.0, "MEDIANRENT": 213, "UNITS_1DET": 3057.0, "UNITS_1ATT": 39.0, "UNITS2": 17.0, "UNITS3_9": 83.0, "UNITS10_49": 16.0, "UNITS50_UP": 0.0, "MOBILEHOME": 454.0, "NO_FARMS87": 486.0, "AVG_SIZE87": 1154.0, "CROP_ACR87": 98055.0, "AVG_SALE87": 96050.0, "Shape_Leng": 1.9413485061034119, "Shape_Area": 0.23330269752614799, "Datacenter": null, "GDP_Change": 5.5, "HP_Change": null, "Talent-Bachelor": null, "Talent-Master": null, "Talent-Doctor": null, "NetADD": null, "NewDatacenter2023": null, "NewDatacenter2024": null, "NewDatacenter2025": null, "NewDatacenter2022": null, "NewDatacenter2021": null, "1_DC": 0, "1_TT": -0.1119605, "1_TPM": -0.0007872, "1_GDP": -0.21372, "1_TA": -0.4185365, "1_WI": 0.1117559, "1_SO": -0.3707, "1_ST": -0.3565562, "1_LP": -0.6427345, "1_PF": 0.069318, "1_CP": -0.1614918, "1_T": -0.3871512, "1_NR": -1.345472, "1_GW": -0.2420283, "1_SW": -0.201436, "1_RW": -0.1722456, "1_EG": -0.380786, "1_OF": -0.0384383 }, "geometry": { "type": "MultiPolygon", "coordinates": [ [ [ [ -98.416932553598031, 33.398241739564739 ], [ -98.953020386839285, 33.398459833499807 ], [ -98.953279175733428, 33.833267095387235 ], [ -98.418610763217487, 33.834011193337822 ], [ -98.416024318317909, 33.470566773580131 ], [ -98.416932553598031, 33.398241739564739 ] ] ] ] } },
{ "type": "Feature", "properties": { "fid": 49, "OBJECTID": 2336.0, "NAME": "Hockley", "STATE_NAME": "Texas", "STATE_FIPS": "48", "CNTY_FIPS": "219", "FIPS": "48219", "AREA": 920.3648, "POP1990": 24199.0, "POP1999": 23694.0, "POP90_SQMI": 26.0, "HOUSEHOLDS": 7988.0, "MALES": 11942.0, "FEMALES": 12257.0, "WHITE": 18937.0, "BLACK": 1023.0, "AMERI_ES": 86.0, "ASIAN_PI": 33.0, "OTHER": 4120.0, "HISPANIC": 7654.0, "AGE_UNDER5": 2067.0, "AGE_5_17": 5746.0, "AGE_18_29": 4610.0, "AGE_30_49": 6224.0, "AGE_50_64": 2973.0, "AGE_65_UP": 2579.0, "NEVERMARRY": 3673.0, "MARRIED": 11234.0, "SEPARATED": 335.0, "WIDOWED": 1177.0, "DIVORCED": 1125.0, "HSEHLD_1_M": 589.0, "HSEHLD_1_F": 917.0, "MARHH_CHD": 3004.0, "MARHH_NO_C": 2388.0, "MHH_CHILD": 140.0, "FHH_CHILD": 506.0, "HSE_UNITS": 9279.0, "VACANT": 1291.0, "OWNER_OCC": 5802.0, "RENTER_OCC": 2186.0, "MEDIAN_VAL": 41900.0, "MEDIANRENT": 233, "UNITS_1DET": 6964.0, "UNITS_1ATT": 115.0, "UNITS2": 121.0, "UNITS3_9": 146.0, "UNITS10_49": 296.0, "UNITS50_UP": 94.0, "MOBILEHOME": 1460.0, "NO_FARMS87": 563.0, "AVG_SIZE87": 896.0, "CROP_ACR87": 382741.0, "AVG_SALE87": 132606.0, "Shape_Leng": 1.930831608835428, "Shape_Area": 0.23157967215543701, "Datacenter": null, "GDP_Change": -0.6, "HP_Change": null, "Talent-Bachelor": null, "Talent-Master": null, "Talent-Doctor": null, "NetADD": null, "NewDatacenter2023": null, "NewDatacenter2024": null, "NewDatacenter2025": null, "NewDatacenter2022": null, "NewDatacenter2021": null, "1_DC": 0, "1_TT": -0.1119605, "1_TPM": -0.0007872, "1_GDP": -0.1835368, "1_TA": -0.0828369, "1_WI": -0.4878197, "1_SO": -0.3707, "1_ST": -0.3565562, "1_LP": -1.012141, "1_PF": 0.069318, "1_CP": -0.1614918, "1_T": -1.508007, "1_NR": 0.0837784, "1_GW": -0.1475105, "1_SW": -0.2139368, "1_RW": -0.1722456, "1_EG": -0.5380116, "1_OF": 1.011408 }, "geometry": { "type": "MultiPolygon", "coordinates": [ [ [ [ -102.07354526709554, 33.389511826561865 ], [ -102.588038403650671, 33.383173296248515 ], [ -102.606165443419911, 33.830458111115767 ], [ -102.081445910113132, 33.833361398680978 ], [ -102.07354526709554, 33.389511826561865 ] ] ] ] } },
{ "type": "Feature", "properties": { "fid": 50, "OBJECTID": 2337.0, "NAME": "Knox", "STATE_NAME": "Texas", "STATE_FIPS": "48", "CNTY_FIPS": "275", "FIPS": "48275", "AREA": 860.8741, "POP1990": 4837.0, "POP1999": 4176.0, "POP90_SQMI": 6.0, "HOUSEHOLDS": 1887.0, "MALES": 2328.0, "FEMALES": 2509.0, "WHITE": 3765.0, "BLACK": 338.0, "AMERI_ES": 7.0, "ASIAN_PI": 5.0, "OTHER": 722.0, "HISPANIC": 1088.0, "AGE_UNDER5": 359.0, "AGE_5_17": 971.0, "AGE_18_29": 603.0, "AGE_30_49": 1091.0, "AGE_50_64": 740.0, "AGE_65_UP": 1073.0, "NEVERMARRY": 573.0, "MARRIED": 2387.0, "SEPARATED": 63.0, "WIDOWED": 484.0, "DIVORCED": 216.0, "HSEHLD_1_M": 201.0, "HSEHLD_1_F": 343.0, "MARHH_CHD": 516.0, "MARHH_NO_C": 616.0, "MHH_CHILD": 24.0, "FHH_CHILD": 98.0, "HSE_UNITS": 2459.0, "VACANT": 572.0, "OWNER_OCC": 1435.0, "RENTER_OCC": 452.0, "MEDIAN_VAL": 27600.0, "MEDIANRENT": 133, "UNITS_1DET": 2142.0, "UNITS_1ATT": 36.0, "UNITS2": 96.0, "UNITS3_9": 36.0, "UNITS10_49": 0.0, "UNITS50_UP": 0.0, "MOBILEHOME": 138.0, "NO_FARMS87": 351.0, "AVG_SIZE87": 1522.0, "CROP_ACR87": 198448.0, "AVG_SALE87": 109544.0, "Shape_Leng": 1.9655456996014571, "Shape_Area": 0.21670278817147301, "Datacenter": null, "GDP_Change": -4.4, "HP_Change": null, "Talent-Bachelor": null, "Talent-Master": null, "Talent-Doctor": null, "NetADD": null, "NewDatacenter2023": null, "NewDatacenter2024": null, "NewDatacenter2025": null, "NewDatacenter2022": null, "NewDatacenter2021": null, "1_DC": 0, "1_TT": -0.1119605, "1_TPM": -0.0007872, "1_GDP": -0.2163501, "1_TA": -0.5580887, "1_WI": 1.999116, "1_SO": -0.3707, "1_ST": -0.3565562, "1_LP": -0.6427345, "1_PF": 0.069318, "1_CP": -0.1614918, "1_T": -0.3871512, "1_NR": -1.013886, "1_GW": -0.2427249, "1_SW": -0.2113165, "1_RW": -0.1722456, "1_EG": 0.1204265, "1_OF": 1.38514 }, "geometry": { "type": "MultiPolygon", "coordinates": [ [ [ [ -99.988282143427796, 33.395490695576953 ], [ -99.999828839580061, 33.832546127316768 ], [ -99.838950228764816, 33.833341489597871 ], [ -99.823507570413256, 33.814680558548815 ], [ -99.808019482039015, 33.820566699832803 ], [ -99.769344747835703, 33.81458583667208 ], [ -99.753849040882756, 33.821372229409015 ], [ -99.752261761248349, 33.798637114230871 ], [ -99.735652182251101, 33.808601061576717 ], [ -99.726290494048385, 33.79948801732143 ], [ -99.717386936345463, 33.815833757668607 ], [ -99.710268247345141, 33.798538322788659 ], [ -99.703081130884755, 33.798519315316646 ], [ -99.693582600801221, 33.824867016864467 ], [ -99.665444329502805, 33.812057772222616 ], [ -99.650497956345646, 33.817924812793756 ], [ -99.603064241150491, 33.798222687455336 ], [ -99.592626728317725, 33.785909143690432 ], [ -99.579839675454309, 33.801320383287049 ], [ -99.568288267416222, 33.791276552042788 ], [ -99.547818025545553, 33.796201433416876 ], [ -99.544575251882634, 33.783456755609585 ], [ -99.524120218007397, 33.7847348396336 ], [ -99.52088507362987, 33.771990153694446 ], [ -99.494394903326565, 33.767786620729048 ], [ -99.484621043282516, 33.742735945426574 ], [ -99.469231999110491, 33.731749899848914 ], [ -99.468179129203236, 33.399267726313965 ], [ -99.988282143427796, 33.395490695576953 ] ] ] ] } },
{ "type": "Feature", "properties": { "fid": 51, "OBJECTID": 2338.0, "NAME": "Baylor", "STATE_NAME": "Texas", "STATE_FIPS": "48", "CNTY_FIPS": "023", "FIPS": "48023", "AREA": 884.9632, "POP1990": 4385.0, "POP1999": 4139.0, "POP90_SQMI": 5.0, "HOUSEHOLDS": 1906.0, "MALES": 2072.0, "FEMALES": 2313.0, "WHITE": 3962.0, "BLACK": 180.0, "AMERI_ES": 9.0, "ASIAN_PI": 13.0, "OTHER": 221.0, "HISPANIC": 334.0, "AGE_UNDER5": 278.0, "AGE_5_17": 701.0, "AGE_18_29": 549.0, "AGE_30_49": 1026.0, "AGE_50_64": 688.0, "AGE_65_UP": 1143.0, "NEVERMARRY": 445.0, "MARRIED": 2299.0, "SEPARATED": 67.0, "WIDOWED": 476.0, "DIVORCED": 250.0, "HSEHLD_1_M": 160.0, "HSEHLD_1_F": 445.0, "MARHH_CHD": 430.0, "MARHH_NO_C": 681.0, "MHH_CHILD": 19.0, "FHH_CHILD": 70.0, "HSE_UNITS": 3006.0, "VACANT": 1100.0, "OWNER_OCC": 1340.0, "RENTER_OCC": 566.0, "MEDIAN_VAL": 34000.0, "MEDIANRENT": 144, "UNITS_1DET": 2515.0, "UNITS_1ATT": 15.0, "UNITS2": 158.0, "UNITS3_9": 50.0, "UNITS10_49": 20.0, "UNITS50_UP": 0.0, "MOBILEHOME": 232.0, "NO_FARMS87": 295.0, "AVG_SIZE87": 1205.0, "CROP_ACR87": 133031.0, "AVG_SALE87": 83744.0, "Shape_Leng": 1.896524533003288, "Shape_Area": 0.22268433476320801, "Datacenter": null, "GDP_Change": 5.5, "HP_Change": null, "Talent-Bachelor": null, "Talent-Master": null, "Talent-Doctor": null, "NetADD": null, "NewDatacenter2023": null, "NewDatacenter2024": null, "NewDatacenter2025": null, "NewDatacenter2022": null, "NewDatacenter2021": null, "1_DC": 0, "1_TT": -0.1119605, "1_TPM": -0.0007872, "1_GDP": -0.2176519, "1_TA": -0.4636512, "1_WI": -0.0185866, "1_SO": -0.3707, "1_ST": -0.3565562, "1_LP": -0.6427345, "1_PF": 0.069318, "1_CP": -0.1614918, "1_T": -0.3373354, "1_NR": -1.02532, "1_GW": -0.2228901, "1_SW": -0.2192942, "1_RW": -0.1722456, "1_EG": -0.2793395, "1_OF": 0.943457 }, "geometry": { "type": "MultiPolygon", "coordinates": [ [ [ [ -98.953020386839285, 33.398459833499807 ], [ -99.468179129203236, 33.399267726313965 ], [ -99.469231999110491, 33.731749899848914 ], [ -99.471346530187475, 33.827703352032394 ], [ -98.953279175733428, 33.833267095387235 ], [ -98.953020386839285, 33.398459833499807 ] ] ] ] } },
{ "type": "Feature", "properties": { "fid": 52, "OBJECTID": 2339.0, "NAME": "Cochran", "STATE_NAME": "Texas", "STATE_FIPS": "48", "CNTY_FIPS": "079", "FIPS": "48079", "AREA": 784.9376, "POP1990": 4377.0, "POP1999": 3921.0, "POP90_SQMI": 6.0, "HOUSEHOLDS": 1430.0, "MALES": 2169.0, "FEMALES": 2208.0, "WHITE": 2997.0, "BLACK": 234.0, "AMERI_ES": 13.0, "ASIAN_PI": 1.0, "OTHER": 1132.0, "HISPANIC": 1857.0, "AGE_UNDER5": 367.0, "AGE_5_17": 1092.0, "AGE_18_29": 722.0, "AGE_30_49": 1017.0, "AGE_50_64": 630.0, "AGE_65_UP": 549.0, "NEVERMARRY": 620.0, "MARRIED": 2058.0, "SEPARATED": 78.0, "WIDOWED": 265.0, "DIVORCED": 140.0, "HSEHLD_1_M": 107.0, "HSEHLD_1_F": 168.0, "MARHH_CHD": 525.0, "MARHH_NO_C": 446.0, "MHH_CHILD": 25.0, "FHH_CHILD": 70.0, "HSE_UNITS": 1763.0, "VACANT": 333.0, "OWNER_OCC": 1039.0, "RENTER_OCC": 391.0, "MEDIAN_VAL": 22400.0, "MEDIANRENT": 161, "UNITS_1DET": 1476.0, "UNITS_1ATT": 17.0, "UNITS2": 11.0, "UNITS3_9": 35.0, "UNITS10_49": 4.0, "UNITS50_UP": 0.0, "MOBILEHOME": 210.0, "NO_FARMS87": 252.0, "AVG_SIZE87": 1312.0, "CROP_ACR87": 232912.0, "AVG_SALE87": 198037.0, "Shape_Leng": 1.778318785895223, "Shape_Area": 0.19748772299689701, "Datacenter": null, "GDP_Change": 4.7, "HP_Change": -30.19, "Talent-Bachelor": null, "Talent-Master": null, "Talent-Doctor": null, "NetADD": null, "NewDatacenter2023": null, "NewDatacenter2024": null, "NewDatacenter2025": null, "NewDatacenter2022": null, "NewDatacenter2021": null, "1_DC": 0, "1_TT": -0.1119605, "1_TPM": -0.0007872, "1_GDP": -0.2165112, "1_TA": -0.4675981, "1_WI": -0.0967922, "1_SO": -0.3707, "1_ST": -0.3565562, "1_LP": -1.012141, "1_PF": 0.069318, "1_CP": -0.1614918, "1_T": -1.70727, "1_NR": -1.179159, "1_GW": -0.2293428, "1_SW": -0.220112, "1_RW": -0.1722456, "1_EG": -0.3826907, "1_OF": 1.058974 }, "geometry": { "type": "MultiPolygon", "coordinates": [ [ [ [ -102.592448450121367, 33.383127599948239 ], [ -103.043100992792745, 33.377831473195343 ], [ -103.038736452727107, 33.565843185907774 ], [ -103.033258497865745, 33.826181590308352 ], [ -102.606165443419911, 33.830458111115767 ], [ -102.588038403650671, 33.383173296248515 ], [ -102.592448450121367, 33.383127599948239 ] ] ] ] } },
{ "type": "Feature", "properties": { "fid": 53, "OBJECTID": 2358.0, "NAME": "Bowie", "STATE_NAME": "Texas", "STATE_FIPS": "48", "CNTY_FIPS": "037", "FIPS": "48037", "AREA": 937.9434, "POP1990": 81665.0, "POP1999": 83970.0, "POP90_SQMI": 87.0, "HOUSEHOLDS": 30595.0, "MALES": 39477.0, "FEMALES": 42188.0, "WHITE": 62878.0, "BLACK": 17798.0, "AMERI_ES": 412.0, "ASIAN_PI": 262.0, "OTHER": 315.0, "HISPANIC": 1334.0, "AGE_UNDER5": 5729.0, "AGE_5_17": 16465.0, "AGE_18_29": 13457.0, "AGE_30_49": 23378.0, "AGE_50_64": 10890.0, "AGE_65_UP": 11746.0, "NEVERMARRY": 12877.0, "MARRIED": 36780.0, "SEPARATED": 1596.0, "WIDOWED": 5910.0, "DIVORCED": 6062.0, "HSEHLD_1_M": 2819.0, "HSEHLD_1_F": 4643.0, "MARHH_CHD": 8495.0, "MARHH_NO_C": 8894.0, "MHH_CHILD": 446.0, "FHH_CHILD": 2863.0, "HSE_UNITS": 34234.0, "VACANT": 3639.0, "OWNER_OCC": 21660.0, "RENTER_OCC": 8935.0, "MEDIAN_VAL": 48100.0, "MEDIANRENT": 263, "UNITS_1DET": 23869.0, "UNITS_1ATT": 389.0, "UNITS2": 884.0, "UNITS3_9": 2378.0, "UNITS10_49": 1669.0, "UNITS50_UP": 222.0, "MOBILEHOME": 4465.0, "NO_FARMS87": 1129.0, "AVG_SIZE87": 222.0, "CROP_ACR87": 120000.0, "AVG_SALE87": 30181.0, "Shape_Leng": 2.746630504605267, "Shape_Area": 0.23557205201409401, "Datacenter": null, "GDP_Change": 3.5, "HP_Change": null, "Talent-Bachelor": null, "Talent-Master": null, "Talent-Doctor": null, "NetADD": null, "NewDatacenter2023": null, "NewDatacenter2024": null, "NewDatacenter2025": null, "NewDatacenter2022": null, "NewDatacenter2021": null, "1_DC": 0, "1_TT": -0.1119605, "1_TPM": -0.0007872, "1_GDP": -0.1166242, "1_TA": 0.7235018, "1_WI": -0.4878197, "1_SO": -0.3707, "1_ST": -0.3565562, "1_LP": -0.167783, "1_PF": 0.069318, "1_CP": -0.1614918, "1_T": -0.4120591, "1_NR": 0.9849855, "1_GW": -0.2002322, "1_SW": 0.066587, "1_RW": -0.1722456, "1_EG": -0.5380116, "1_OF": 0.060091 }, "geometry": { "type": "MultiPolygon", "coordinates": [ [ [ [ -94.745318713822826, 33.337095874447847 ], [ -94.741865247189367, 33.70137710858782 ], [ -94.691197328571377, 33.690399704900074 ], [ -94.668667254893307, 33.69664862170729 ], [ -94.655689355721393, 33.692403205269017 ], [ -94.644534864620539, 33.677762799648391 ], [ -94.66816361124387, 33.67157108723103 ], [ -94.669636098661442, 33.666173317284532 ], [ -94.658748689805918, 33.663850429798117 ], [ -94.63897287047547, 33.670217527682517 ], [ -94.631946114003654, 33.684011493228326 ], [ -94.601153058016394, 33.665720872378664 ], [ -94.585314175094425, 33.679095437202839 ], [ -94.57871452777897, 33.670585063414833 ], [ -94.560930013486143, 33.67202740027102 ], [ -94.565416118540156, 33.663127680295176 ], [ -94.585367445140434, 33.662246057434821 ], [ -94.588594701574948, 33.655562693463118 ], [ -94.576669645649019, 33.652270893164506 ], [ -94.545624991540876, 33.661735757105895 ], [ -94.542138136750907, 33.648361596358676 ], [ -94.56240224834437, 33.642944334717676 ], [ -94.562356402609851, 33.635650689408699 ], [ -94.550400815519481, 33.632809010423486 ], [ -94.518196455949294, 33.643124559768381 ], [ -94.52526119887159, 33.621136634528987 ], [ -94.510765095947363, 33.630925386830775 ], [ -94.500816017246564, 33.623162727683216 ], [ -94.476691262308805, 33.632081833422767 ], [ -94.436116976447806, 33.63656090892556 ], [ -94.436536369033092, 33.616961142242033 ], [ -94.451757313801579, 33.604464030816651 ], [ -94.443532486123104, 33.596621214503543 ], [ -94.428669991384083, 33.597258523627239 ], [ -94.406772698912732, 33.57360418085932 ], [ -94.393619251759844, 33.575076881251995 ], [ -94.379313926570546, 33.593444726408826 ], [ -94.370829750254131, 33.59016045529831 ], [ -94.372508067442368, 33.57278084301624 ], [ -94.39546544841204, 33.560420918445622 ], [ -94.370958968432433, 33.547802491330337 ], [ -94.328950574218197, 33.573254659914824 ], [ -94.302582433498173, 33.557054332489358 ], [ -94.299019648689637, 33.579972803905576 ], [ -94.279182736703717, 33.5894525557894 ], [ -94.272277880103729, 33.584726334424751 ], [ -94.27474200627961, 33.561857497293857 ], [ -94.237433395664937, 33.592543024598896 ], [ -94.22323450525522, 33.585840808772737 ], [ -94.2355638087854, 33.561655897129398 ], [ -94.21108015408862, 33.558108475440768 ], [ -94.205541286895084, 33.58520008294586 ], [ -94.15970992753347, 33.593893985273752 ], [ -94.155360748104556, 33.567206823323062 ], [ -94.098893599289511, 33.57311994475652 ], [ -94.086846452271857, 33.584075662673449 ], [ -94.061622688584407, 33.577335399861816 ], [ -94.036116490021072, 33.556034700611235 ], [ -94.036691560088627, 33.270452898040773 ], [ -94.068629793981302, 33.298150604733081 ], [ -94.081439939141887, 33.29607534465071 ], [ -94.095684652601221, 33.304105005415529 ], [ -94.125859804557763, 33.297905995946884 ], [ -94.161292143319599, 33.309746286932572 ], [ -94.215248724637092, 33.294250850579395 ], [ -94.229187730479623, 33.276718739431338 ], [ -94.230102869683321, 33.256707232537345 ], [ -94.257126921092777, 33.248040155243366 ], [ -94.301348638202001, 33.259819017671617 ], [ -94.374799248615943, 33.255247995167302 ], [ -94.411437041959232, 33.265699459278608 ], [ -94.427108687041766, 33.285153698898476 ], [ -94.453057106404572, 33.283677036155318 ], [ -94.477792565512118, 33.291706376285219 ], [ -94.568783139505854, 33.264155943518588 ], [ -94.584576244820198, 33.250316348296593 ], [ -94.617604892611894, 33.249594887691764 ], [ -94.641035653643371, 33.260721701063062 ], [ -94.660987493349523, 33.28261716602907 ], [ -94.695718227581381, 33.322051897322638 ], [ -94.724085114448769, 33.317439611066 ], [ -94.745318713822826, 33.337095874447847 ] ] ] ] } },
{ "type": "Feature", "properties": { "fid": 54, "OBJECTID": 2386.0, "NAME": "Delta", "STATE_NAME": "Texas", "STATE_FIPS": "48", "CNTY_FIPS": "119", "FIPS": "48119", "AREA": 288.8268, "POP1990": 4857.0, "POP1999": 4981.0, "POP90_SQMI": 17.0, "HOUSEHOLDS": 1901.0, "MALES": 2306.0, "FEMALES": 2551.0, "WHITE": 4388.0, "BLACK": 404.0, "AMERI_ES": 41.0, "ASIAN_PI": 7.0, "OTHER": 17.0, "HISPANIC": 67.0, "AGE_UNDER5": 305.0, "AGE_5_17": 872.0, "AGE_18_29": 708.0, "AGE_30_49": 1098.0, "AGE_50_64": 728.0, "AGE_65_UP": 1146.0, "NEVERMARRY": 662.0, "MARRIED": 2383.0, "SEPARATED": 81.0, "WIDOWED": 516.0, "DIVORCED": 262.0, "HSEHLD_1_M": 160.0, "HSEHLD_1_F": 343.0, "MARHH_CHD": 479.0, "MARHH_NO_C": 666.0, "MHH_CHILD": 20.0, "FHH_CHILD": 102.0, "HSE_UNITS": 2305.0, "VACANT": 404.0, "OWNER_OCC": 1445.0, "RENTER_OCC": 456.0, "MEDIAN_VAL": 30300.0, "MEDIANRENT": 160, "UNITS_1DET": 1911.0, "UNITS_1ATT": 11.0, "UNITS2": 35.0, "UNITS3_9": 120.0, "UNITS10_49": 13.0, "UNITS50_UP": 0.0, "MOBILEHOME": 193.0, "NO_FARMS87": 421.0, "AVG_SIZE87": 338.0, "CROP_ACR87": 75452.0, "AVG_SALE87": 25821.0, "Shape_Leng": 1.420853545206517, "Shape_Area": 0.072483931716014999, "Datacenter": null, "GDP_Change": 13.1, "HP_Change": null, "Talent-Bachelor": null, "Talent-Master": null, "Talent-Doctor": null, "NetADD": null, "NewDatacenter2023": null, "NewDatacenter2024": null, "NewDatacenter2025": null, "NewDatacenter2022": null, "NewDatacenter2021": null, "1_DC": 0, "1_TT": -0.1119605, "1_TPM": -0.0007872, "1_GDP": -0.2187839, "1_TA": 0.7448418, "1_WI": -0.4878197, "1_SO": 1.977131, "1_ST": 0.6012104, "1_LP": -0.167783, "1_PF": 0.069318, "1_CP": -0.1614918, "1_T": -0.5615065, "1_NR": -1.305972, "1_GW": -0.2412584, "1_SW": -0.2116503, "1_RW": -0.1722456, "1_EG": -0.4292987, "1_OF": -0.6126262 }, "geometry": { "type": "MultiPolygon", "coordinates": [ [ [ [ -95.855588537176686, 33.226831468013913 ], [ -95.853048428159184, 33.410726129273243 ], [ -95.851743982819244, 33.466682613856165 ], [ -95.767116211646169, 33.493648214970399 ], [ -95.72140716612779, 33.493324172536404 ], [ -95.682335858756517, 33.482300156271585 ], [ -95.614935896517181, 33.485668863609696 ], [ -95.400848389420446, 33.424922149313971 ], [ -95.348241823191529, 33.392742250863755 ], [ -95.302029098797846, 33.383118202391017 ], [ -95.30203672304043, 33.382660447305625 ], [ -95.313824340980545, 33.369934792558077 ], [ -95.346829988413219, 33.360802398119297 ], [ -95.411666642944169, 33.371612692413734 ], [ -95.461075917143432, 33.354446603668613 ], [ -95.509920705881711, 33.346805647871022 ], [ -95.59411368530084, 33.355990881440412 ], [ -95.653685489535292, 33.313175306817818 ], [ -95.675582466452397, 33.304893676507675 ], [ -95.710640624640178, 33.307125085686174 ], [ -95.752069434992791, 33.293182504676267 ], [ -95.792399600165595, 33.248212146353062 ], [ -95.855588537176686, 33.226831468013913 ] ] ] ] } },
{ "type": "Feature", "properties": { "fid": 55, "OBJECTID": 2393.0, "NAME": "Jack", "STATE_NAME": "Texas", "STATE_FIPS": "48", "CNTY_FIPS": "237", "FIPS": "48237", "AREA": 921.1228, "POP1990": 6981.0, "POP1999": 7579.0, "POP90_SQMI": 8.0, "HOUSEHOLDS": 2725.0, "MALES": 3404.0, "FEMALES": 3577.0, "WHITE": 6748.0, "BLACK": 51.0, "AMERI_ES": 18.0, "ASIAN_PI": 10.0, "OTHER": 154.0, "HISPANIC": 232.0, "AGE_UNDER5": 488.0, "AGE_5_17": 1383.0, "AGE_18_29": 895.0, "AGE_30_49": 1776.0, "AGE_50_64": 1127.0, "AGE_65_UP": 1312.0, "NEVERMARRY": 738.0, "MARRIED": 3588.0, "SEPARATED": 77.0, "WIDOWED": 588.0, "DIVORCED": 405.0, "HSEHLD_1_M": 253.0, "HSEHLD_1_F": 459.0, "MARHH_CHD": 812.0, "MARHH_NO_C": 910.0, "MHH_CHILD": 41.0, "FHH_CHILD": 122.0, "HSE_UNITS": 3497.0, "VACANT": 772.0, "OWNER_OCC": 2096.0, "RENTER_OCC": 629.0, "MEDIAN_VAL": 33800.0, "MEDIANRENT": 170, "UNITS_1DET": 2777.0, "UNITS_1ATT": 36.0, "UNITS2": 22.0, "UNITS3_9": 74.0, "UNITS10_49": 10.0, "UNITS50_UP": 0.0, "MOBILEHOME": 561.0, "NO_FARMS87": 653.0, "AVG_SIZE87": 795.0, "CROP_ACR87": 55548.0, "AVG_SALE87": 23327.0, "Shape_Leng": 1.9260804065966179, "Shape_Area": 0.23076696817417799, "Datacenter": null, "GDP_Change": -6.4, "HP_Change": null, "Talent-Bachelor": null, "Talent-Master": null, "Talent-Doctor": null, "NetADD": null, "NewDatacenter2023": null, "NewDatacenter2024": null, "NewDatacenter2025": null, "NewDatacenter2022": null, "NewDatacenter2021": null, "1_DC": 0, "1_TT": -0.1119605, "1_TPM": -0.0007872, "1_GDP": -0.2129151, "1_TA": -0.4047861, "1_WI": 0.5027835, "1_SO": -0.3707, "1_ST": -0.3565562, "1_LP": -0.6427345, "1_PF": 0.069318, "1_CP": -0.1614918, "1_T": -0.4867828, "1_NR": -1.224895, "1_GW": -0.2256032, "1_SW": -0.2067935, "1_RW": -0.1722456, "1_EG": -0.3028551, "1_OF": -0.8266726 }, "geometry": { "type": "MultiPolygon", "coordinates": [ [ [ [ -98.419840114827252, 33.007332549714192 ], [ -98.416932553598031, 33.398241739564739 ], [ -98.416024318317909, 33.470566773580131 ], [ -97.979594853907884, 33.469640082138511 ], [ -97.978175931909675, 33.439130929190547 ], [ -97.91937471495811, 33.436716455467035 ], [ -97.917123295653994, 33.002459225591515 ], [ -98.052260225072075, 33.003023289761813 ], [ -98.419840114827252, 33.007332549714192 ] ] ] ] } },
{ "type": "Feature", "properties": { "fid": 56, "OBJECTID": 2398.0, "NAME": "Wise", "STATE_NAME": "Texas", "STATE_FIPS": "48", "CNTY_FIPS": "497", "FIPS": "48497", "AREA": 927.7377, "POP1990": 34679.0, "POP1999": 45884.0, "POP90_SQMI": 37.0, "HOUSEHOLDS": 12175.0, "MALES": 17479.0, "FEMALES": 17200.0, "WHITE": 32550.0, "BLACK": 390.0, "AMERI_ES": 210.0, "ASIAN_PI": 83.0, "OTHER": 1446.0, "HISPANIC": 2663.0, "AGE_UNDER5": 2652.0, "AGE_5_17": 7158.0, "AGE_18_29": 5489.0, "AGE_30_49": 10213.0, "AGE_50_64": 4828.0, "AGE_65_UP": 4339.0, "NEVERMARRY": 4420.0, "MARRIED": 17712.0, "SEPARATED": 461.0, "WIDOWED": 1873.0, "DIVORCED": 2035.0, "HSEHLD_1_M": 972.0, "HSEHLD_1_F": 1386.0, "MARHH_CHD": 4317.0, "MARHH_NO_C": 4097.0, "MHH_CHILD": 241.0, "FHH_CHILD": 502.0, "HSE_UNITS": 14219.0, "VACANT": 2044.0, "OWNER_OCC": 9646.0, "RENTER_OCC": 2529.0, "MEDIAN_VAL": 49700.0, "MEDIANRENT": 244, "UNITS_1DET": 9465.0, "UNITS_1ATT": 144.0, "UNITS2": 111.0, "UNITS3_9": 397.0, "UNITS10_49": 159.0, "UNITS50_UP": 0.0, "MOBILEHOME": 3760.0, "NO_FARMS87": 1749.0, "AVG_SIZE87": 230.0, "CROP_ACR87": 164818.0, "AVG_SALE87": 20285.0, "Shape_Leng": 1.93854318808691, "Shape_Area": 0.23238884565071599, "Datacenter": 2, "GDP_Change": -4.5, "HP_Change": null, "Talent-Bachelor": null, "Talent-Master": null, "Talent-Doctor": null, "NetADD": null, "NewDatacenter2023": null, "NewDatacenter2024": null, "NewDatacenter2025": null, "NewDatacenter2022": null, "NewDatacenter2021": null, "1_DC": 2, "1_TT": -0.1119605, "1_TPM": -0.0007872, "1_GDP": -0.1362014, "1_TA": 0.2114437, "1_WI": -0.4878197, "1_SO": -0.3707, "1_ST": 0.8171774, "1_LP": 2.301965, "1_PF": 0.069318, "1_CP": -0.1614918, "1_T": -0.3373354, "1_NR": 0.3301291, "1_GW": -0.0702977, "1_SW": -0.145358, "1_RW": -0.1651945, "1_EG": 1.50785, "1_OF": -0.520892 }, "geometry": { "type": "MultiPolygon", "coordinates": [ [ [ [ -97.917123295653994, 33.002459225591515 ], [ -97.91937471495811, 33.436716455467035 ], [ -97.47816971160222, 33.434704635557495 ], [ -97.380235173787753, 33.434331385199371 ], [ -97.38982312618549, 32.996633897851574 ], [ -97.540232855974068, 32.998605894258787 ], [ -97.917123295653994, 33.002459225591515 ] ] ] ] } },
{ "type": "Feature", "properties": { "fid": 57, "OBJECTID": 2399.0, "NAME": "Denton", "STATE_NAME": "Texas", "STATE_FIPS": "48", "CNTY_FIPS": "121", "FIPS": "48121", "AREA": 954.6351, "POP1990": 273525.0, "POP1999": 401394.0, "POP90_SQMI": 287.0, "HOUSEHOLDS": 101984.0, "MALES": 135145.0, "FEMALES": 138380.0, "WHITE": 241982.0, "BLACK": 13569.0, "AMERI_ES": 1416.0, "ASIAN_PI": 6870.0, "OTHER": 9688.0, "HISPANIC": 19013.0, "AGE_UNDER5": 23453.0, "AGE_5_17": 50192.0, "AGE_18_29": 69625.0, "AGE_30_49": 93589.0, "AGE_50_64": 22891.0, "AGE_65_UP": 13775.0, "NEVERMARRY": 58596.0, "MARRIED": 122863.0, "SEPARATED": 3531.0, "WIDOWED": 7230.0, "DIVORCED": 17905.0, "HSEHLD_1_M": 11738.0, "HSEHLD_1_F": 12694.0, "MARHH_CHD": 33873.0, "MARHH_NO_C": 25407.0, "MHH_CHILD": 1497.0, "FHH_CHILD": 5271.0, "HSE_UNITS": 112263.0, "VACANT": 10279.0, "OWNER_OCC": 58588.0, "RENTER_OCC": 43396.0, "MEDIAN_VAL": 89100.0, "MEDIANRENT": 402, "UNITS_1DET": 65984.0, "UNITS_1ATT": 2234.0, "UNITS2": 1201.0, "UNITS3_9": 12011.0, "UNITS10_49": 15705.0, "UNITS50_UP": 4995.0, "MOBILEHOME": 8354.0, "NO_FARMS87": 1469.0, "AVG_SIZE87": 266.0, "CROP_ACR87": 170022.0, "AVG_SALE87": 17340.0, "Shape_Leng": 1.9709826353737641, "Shape_Area": 0.23909874337352599, "Datacenter": null, "GDP_Change": 1.9, "HP_Change": -4.9, "Talent-Bachelor": 133, "Talent-Master": 274, "Talent-Doctor": 7, "NetADD": 1551, "NewDatacenter2023": null, "NewDatacenter2024": null, "NewDatacenter2025": null, "NewDatacenter2022": null, "NewDatacenter2021": null, "1_DC": 0, "1_TT": 0.5342505, "1_TPM": 2.520504, "1_GDP": 1.082701, "1_TA": 1.868675, "1_WI": -0.4878197, "1_SO": 1.470531, "1_ST": 1.774944, "1_LP": 1.056537, "1_PF": 0.069318, "1_CP": -0.1614918, "1_T": -0.1629801, "1_NR": 1.570198, "1_GW": 0.3080669, "1_SW": 2.402856, "1_RW": 2.134241, "1_EG": -0.2087925, "1_OF": 1.235647 }, "geometry": { "type": "MultiPolygon", "coordinates": [ [ [ [ -96.838811349352966, 32.994999107085967 ], [ -97.029789101867323, 32.995572120405406 ], [ -97.028331826391536, 32.990525434849587 ], [ -97.38982312618549, 32.996633897851574 ], [ -97.380235173787753, 33.434331385199371 ], [ -96.938163206787976, 33.425219110844559 ], [ -96.831033455317538, 33.420945582669532 ], [ -96.830888719930329, 33.397272224503062 ], [ -96.838811349352966, 32.994999107085967 ] ] ] ] } },
{ "type": "Feature", "properties": { "fid": 58, "OBJECTID": 2402.0, "NAME": "Hunt", "STATE_NAME": "Texas", "STATE_FIPS": "48", "CNTY_FIPS": "231", "FIPS": "48231", "AREA": 864.2543, "POP1990": 64343.0, "POP1999": 72177.0, "POP90_SQMI": 74.0, "HOUSEHOLDS": 24075.0, "MALES": 31435.0, "FEMALES": 32908.0, "WHITE": 55705.0, "BLACK": 6802.0, "AMERI_ES": 266.0, "ASIAN_PI": 351.0, "OTHER": 1219.0, "HISPANIC": 2876.0, "AGE_UNDER5": 4758.0, "AGE_5_17": 12247.0, "AGE_18_29": 11505.0, "AGE_30_49": 17435.0, "AGE_50_64": 9345.0, "AGE_65_UP": 9053.0, "NEVERMARRY": 9904.0, "MARRIED": 30635.0, "SEPARATED": 1098.0, "WIDOWED": 4232.0, "DIVORCED": 4224.0, "HSEHLD_1_M": 2452.0, "HSEHLD_1_F": 3297.0, "MARHH_CHD": 7012.0, "MARHH_NO_C": 7623.0, "MHH_CHILD": 353.0, "FHH_CHILD": 1539.0, "HSE_UNITS": 28959.0, "VACANT": 4884.0, "OWNER_OCC": 16863.0, "RENTER_OCC": 7212.0, "MEDIAN_VAL": 47300.0, "MEDIANRENT": 288, "UNITS_1DET": 19314.0, "UNITS_1ATT": 317.0, "UNITS2": 647.0, "UNITS3_9": 1357.0, "UNITS10_49": 1363.0, "UNITS50_UP": 777.0, "MOBILEHOME": 4964.0, "NO_FARMS87": 1939.0, "AVG_SIZE87": 180.0, "CROP_ACR87": 203746.0, "AVG_SALE87": 9638.0, "Shape_Leng": 1.943590476709854, "Shape_Area": 0.21623211359458999, "Datacenter": null, "GDP_Change": 5.4, "HP_Change": null, "Talent-Bachelor": null, "Talent-Master": null, "Talent-Doctor": null, "NetADD": null, "NewDatacenter2023": null, "NewDatacenter2024": null, "NewDatacenter2025": null, "NewDatacenter2022": null, "NewDatacenter2021": null, "1_DC": 0, "1_TT": -0.1119605, "1_TPM": -0.0007872, "1_GDP": -0.0908907, "1_TA": 1.260933, "1_WI": -0.4878197, "1_SO": -0.3008241, "1_ST": 1.483858, "1_LP": 1.056537, "1_PF": 0.069318, "1_CP": -0.1614918, "1_T": -0.3871512, "1_NR": 1.088931, "1_GW": -0.1396645, "1_SW": 0.0077385, "1_RW": -0.0557722, "1_EG": -0.4998927, "1_OF": 0.1925959 }, "geometry": { "type": "MultiPolygon", "coordinates": [ [ [ [ -95.864897378132468, 32.986777897036227 ], [ -95.937188079039572, 32.986186998496741 ], [ -95.972467120666693, 32.895400625629151 ], [ -95.967599360457939, 32.872898512771755 ], [ -95.940842359889757, 32.850987580129747 ], [ -96.079312738801605, 32.846723587260612 ], [ -96.293813976359615, 32.851630210449386 ], [ -96.290266422835714, 32.985768941802071 ], [ -96.2866801803371, 33.353184407166331 ], [ -95.853048428159184, 33.410726129273243 ], [ -95.855588537176686, 33.226831468013913 ], [ -95.864897378132468, 32.986777897036227 ] ] ] ] } },
{ "type": "Feature", "properties": { "fid": 59, "OBJECTID": 2403.0, "NAME": "Collin", "STATE_NAME": "Texas", "STATE_FIPS": "48", "CNTY_FIPS": "085", "FIPS": "48085", "AREA": 878.7525, "POP1990": 264036.0, "POP1999": 455820.0, "POP90_SQMI": 300.0, "HOUSEHOLDS": 95805.0, "MALES": 131287.0, "FEMALES": 132749.0, "WHITE": 235290.0, "BLACK": 10925.0, "AMERI_ES": 1112.0, "ASIAN_PI": 7480.0, "OTHER": 9229.0, "HISPANIC": 18158.0, "AGE_UNDER5": 22329.0, "AGE_5_17": 54173.0, "AGE_18_29": 50550.0, "AGE_30_49": 97306.0, "AGE_50_64": 25909.0, "AGE_65_UP": 13769.0, "NEVERMARRY": 43809.0, "MARRIED": 129258.0, "SEPARATED": 2957.0, "WIDOWED": 7320.0, "DIVORCED": 16119.0, "HSEHLD_1_M": 9177.0, "HSEHLD_1_F": 10778.0, "MARHH_CHD": 35680.0, "MARHH_NO_C": 26857.0, "MHH_CHILD": 1402.0, "FHH_CHILD": 4861.0, "HSE_UNITS": 103827.0, "VACANT": 8022.0, "OWNER_OCC": 63849.0, "RENTER_OCC": 31956.0, "MEDIAN_VAL": 106600.0, "MEDIANRENT": 451, "UNITS_1DET": 71314.0, "UNITS_1ATT": 2736.0, "UNITS2": 983.0, "UNITS3_9": 10498.0, "UNITS10_49": 9034.0, "UNITS50_UP": 3716.0, "MOBILEHOME": 4736.0, "NO_FARMS87": 1501.0, "AVG_SIZE87": 203.0, "CROP_ACR87": 199398.0, "AVG_SALE87": 27823.0, "Shape_Leng": 1.9283583130379509, "Shape_Area": 0.22003029741677699, "Datacenter": 18, "GDP_Change": 5.4, "HP_Change": -5.4, "Talent-Bachelor": null, "Talent-Master": null, "Talent-Doctor": null, "NetADD": -686, "NewDatacenter2023": 2, "NewDatacenter2024": null, "NewDatacenter2025": null, "NewDatacenter2022": null, "NewDatacenter2021": null, "1_DC": 18, "1_TT": -0.1119605, "1_TPM": -1.115942, "1_GDP": 2.117995, "1_TA": 1.689241, "1_WI": -0.4878197, "1_SO": -0.3707, "1_ST": 0.8922963, "1_LP": 1.056537, "1_PF": 0.069318, "1_CP": -0.1614918, "1_T": -0.187888, "1_NR": 1.633605, "1_GW": -0.0791335, "1_SW": 3.582832, "1_RW": 0.1620278, "1_EG": -0.5309334, "1_OF": null }, "geometry": { "type": "MultiPolygon", "coordinates": [ [ [ [ -96.838811349352966, 32.994999107085967 ], [ -96.830888719930329, 33.397272224503062 ], [ -96.376076647090201, 33.406119987116874 ], [ -96.375244888777956, 33.340535502493807 ], [ -96.2866801803371, 33.353184407166331 ], [ -96.290266422835714, 32.985768941802071 ], [ -96.517791762211914, 32.989294556175956 ], [ -96.838811349352966, 32.994999107085967 ] ] ] ] } },
{ "type": "Feature", "properties": { "fid": 60, "OBJECTID": 2405.0, "NAME": "Titus", "STATE_NAME": "Texas", "STATE_FIPS": "48", "CNTY_FIPS": "449", "FIPS": "48449", "AREA": 413.5635, "POP1990": 24009.0, "POP1999": 25712.0, "POP90_SQMI": 58.0, "HOUSEHOLDS": 8508.0, "MALES": 11685.0, "FEMALES": 12324.0, "WHITE": 18664.0, "BLACK": 3229.0, "AMERI_ES": 107.0, "ASIAN_PI": 27.0, "OTHER": 1982.0, "HISPANIC": 2556.0, "AGE_UNDER5": 2010.0, "AGE_5_17": 4842.0, "AGE_18_29": 4174.0, "AGE_30_49": 6199.0, "AGE_50_64": 3049.0, "AGE_65_UP": 3735.0, "NEVERMARRY": 3473.0, "MARRIED": 11271.0, "SEPARATED": 399.0, "WIDOWED": 1772.0, "DIVORCED": 1336.0, "HSEHLD_1_M": 587.0, "HSEHLD_1_F": 1274.0, "MARHH_CHD": 2694.0, "MARHH_NO_C": 2601.0, "MHH_CHILD": 182.0, "FHH_CHILD": 564.0, "HSE_UNITS": 9357.0, "VACANT": 849.0, "OWNER_OCC": 6149.0, "RENTER_OCC": 2359.0, "MEDIAN_VAL": 44400.0, "MEDIANRENT": 256, "UNITS_1DET": 7134.0, "UNITS_1ATT": 90.0, "UNITS2": 176.0, "UNITS3_9": 264.0, "UNITS10_49": 412.0, "UNITS50_UP": 64.0, "MOBILEHOME": 1101.0, "NO_FARMS87": 738.0, "AVG_SIZE87": 241.0, "CROP_ACR87": 64794.0, "AVG_SALE87": 28018.0, "Shape_Leng": 1.407851563616084, "Shape_Area": 0.10359787631395299, "Datacenter": null, "GDP_Change": 7.8, "HP_Change": null, "Talent-Bachelor": null, "Talent-Master": null, "Talent-Doctor": null, "NetADD": null, "NewDatacenter2023": null, "NewDatacenter2024": null, "NewDatacenter2025": null, "NewDatacenter2022": null, "NewDatacenter2021": null, "1_DC": 0, "1_TT": -0.1119605, "1_TPM": -0.0007872, "1_GDP": -0.1665794, "1_TA": 0.9689558, "1_WI": -0.4878197, "1_SO": -0.3427496, "1_ST": -0.3565562, "1_LP": -0.167783, "1_PF": 0.069318, "1_CP": -0.1614918, "1_T": -0.2626117, "1_NR": -0.0669425, "1_GW": -0.2397552, "1_SW": -0.155689, "1_RW": -0.1722456, "1_EG": 0.3320673, "1_OF": 0.7056277 }, "geometry": { "type": "MultiPolygon", "coordinates": [ [ [ [ -94.813983256887866, 32.988377260554635 ], [ -94.87969694178156, 33.02234132445917 ], [ -94.924177568199354, 33.063530670182999 ], [ -94.951186368259016, 33.078399599752025 ], [ -95.03878944948309, 33.080416539479913 ], [ -95.128109023708362, 33.03686070929507 ], [ -95.117056732153969, 33.392705544892522 ], [ -95.0597659408038, 33.393438339541646 ], [ -95.035000055034004, 33.384626773664976 ], [ -95.000071874304695, 33.397230457899411 ], [ -94.911339590348348, 33.390143784116752 ], [ -94.883209441052884, 33.399371563327435 ], [ -94.855956319121617, 33.386760770280958 ], [ -94.819425738385348, 33.381474094551294 ], [ -94.813983256887866, 32.988377260554635 ] ] ] ] } },
{ "type": "Feature", "properties": { "fid": 61, "OBJECTID": 2406.0, "NAME": "Haskell", "STATE_NAME": "Texas", "STATE_FIPS": "48", "CNTY_FIPS": "207", "FIPS": "48207", "AREA": 912.1429, "POP1990": 6820.0, "POP1999": 6131.0, "POP90_SQMI": 7.0, "HOUSEHOLDS": 2753.0, "MALES": 3282.0, "FEMALES": 3538.0, "WHITE": 5481.0, "BLACK": 244.0, "AMERI_ES": 17.0, "ASIAN_PI": 16.0, "OTHER": 1062.0, "HISPANIC": 1312.0, "AGE_UNDER5": 431.0, "AGE_5_17": 1272.0, "AGE_18_29": 821.0, "AGE_30_49": 1535.0, "AGE_50_64": 1083.0, "AGE_65_UP": 1678.0, "NEVERMARRY": 726.0, "MARRIED": 3565.0, "SEPARATED": 104.0, "WIDOWED": 709.0, "DIVORCED": 270.0, "HSEHLD_1_M": 233.0, "HSEHLD_1_F": 530.0, "MARHH_CHD": 706.0, "MARHH_NO_C": 1011.0, "MHH_CHILD": 28.0, "FHH_CHILD": 129.0, "HSE_UNITS": 3843.0, "VACANT": 1090.0, "OWNER_OCC": 2097.0, "RENTER_OCC": 656.0, "MEDIAN_VAL": 28200.0, "MEDIANRENT": 152, "UNITS_1DET": 3064.0, "UNITS_1ATT": 23.0, "UNITS2": 70.0, "UNITS3_9": 91.0, "UNITS10_49": 1.0, "UNITS50_UP": 0.0, "MOBILEHOME": 559.0, "NO_FARMS87": 619.0, "AVG_SIZE87": 733.0, "CROP_ACR87": 298084.0, "AVG_SALE87": 52643.0, "Shape_Leng": 1.918024236112017, "Shape_Area": 0.22833575599997799, "Datacenter": 1, "GDP_Change": -8.7, "HP_Change": null, "Talent-Bachelor": null, "Talent-Master": null, "Talent-Doctor": null, "NetADD": null, "NewDatacenter2023": null, "NewDatacenter2024": 1, "NewDatacenter2025": 1, "NewDatacenter2022": null, "NewDatacenter2021": null, "1_DC": 1, "1_TT": -0.1119605, "1_TPM": -0.0007872, "1_GDP": -0.213747, "1_TA": -0.2287281, "1_WI": 1.548131, "1_SO": 0.8171906, "1_ST": 0.4979218, "1_LP": -0.6427345, "1_PF": 0.069318, "1_CP": -0.1614918, "1_T": -0.3124275, "1_NR": -1.2145, "1_GW": -0.2422116, "1_SW": -0.2088297, "1_RW": -0.1722456, "1_EG": 0.4731612, "1_OF": 1.208467 }, "geometry": { "type": "MultiPolygon", "coordinates": [ [ [ [ -99.988893933343775, 32.95907944425155 ], [ -99.988282143427796, 33.395490695576953 ], [ -99.468179129203236, 33.399267726313965 ], [ -99.465662036090066, 32.961017232624151 ], [ -99.605635105643103, 32.959765896843528 ], [ -99.988893933343775, 32.95907944425155 ] ] ] ] } },
{ "type": "Feature", "properties": { "fid": 62, "OBJECTID": 2407.0, "NAME": "Throckmorton", "STATE_NAME": "Texas", "STATE_FIPS": "48", "CNTY_FIPS": "447", "FIPS": "48447", "AREA": 906.5072, "POP1990": 1880.0, "POP1999": 1716.0, "POP90_SQMI": 2.0, "HOUSEHOLDS": 790.0, "MALES": 906.0, "FEMALES": 974.0, "WHITE": 1778.0, "BLACK": 0.0, "AMERI_ES": 4.0, "ASIAN_PI": 8.0, "OTHER": 90.0, "HISPANIC": 136.0, "AGE_UNDER5": 123.0, "AGE_5_17": 322.0, "AGE_18_29": 246.0, "AGE_30_49": 450.0, "AGE_50_64": 315.0, "AGE_65_UP": 424.0, "NEVERMARRY": 209.0, "MARRIED": 988.0, "SEPARATED": 21.0, "WIDOWED": 204.0, "DIVORCED": 78.0, "HSEHLD_1_M": 99.0, "HSEHLD_1_F": 151.0, "MARHH_CHD": 215.0, "MARHH_NO_C": 266.0, "MHH_CHILD": 2.0, "FHH_CHILD": 25.0, "HSE_UNITS": 1106.0, "VACANT": 316.0, "OWNER_OCC": 602.0, "RENTER_OCC": 188.0, "MEDIAN_VAL": 28700.0, "MEDIANRENT": 142, "UNITS_1DET": 917.0, "UNITS_1ATT": 10.0, "UNITS2": 31.0, "UNITS3_9": 9.0, "UNITS10_49": 5.0, "UNITS50_UP": 0.0, "MOBILEHOME": 129.0, "NO_FARMS87": 303.0, "AVG_SIZE87": 2012.0, "CROP_ACR87": 98415.0, "AVG_SALE87": 66196.0, "Shape_Leng": 1.9086291218574061, "Shape_Area": 0.226925673080387, "Datacenter": null, "GDP_Change": 10.8, "HP_Change": null, "Talent-Bachelor": null, "Talent-Master": null, "Talent-Doctor": null, "NetADD": null, "NewDatacenter2023": null, "NewDatacenter2024": null, "NewDatacenter2025": null, "NewDatacenter2022": null, "NewDatacenter2021": null, "1_DC": 0, "1_TT": -0.1119605, "1_TPM": -0.0007872, "1_GDP": -0.218245, "1_TA": -0.8503811, "1_WI": 1.44907, "1_SO": -0.3707, "1_ST": 0.7890077, "1_LP": -0.6427345, "1_PF": 0.069318, "1_CP": -0.1614918, "1_T": -0.2626117, "1_NR": -1.488916, "1_GW": -0.2470512, "1_SW": -0.215756, "1_RW": -0.1722456, "1_EG": -0.0912143, "1_OF": -0.0690163 }, "geometry": { "type": "MultiPolygon", "coordinates": [ [ [ [ -99.096122978437734, 32.955049171633569 ], [ -99.465662036090066, 32.961017232624151 ], [ -99.468179129203236, 33.399267726313965 ], [ -98.953020386839285, 33.398459833499807 ], [ -98.952861590873681, 32.956100328604066 ], [ -99.096122978437734, 32.955049171633569 ] ] ] ] } },
{ "type": "Feature", "properties": { "fid": 63, "OBJECTID": 2408.0, "NAME": "Young", "STATE_NAME": "Texas", "STATE_FIPS": "48", "CNTY_FIPS": "503", "FIPS": "48503", "AREA": 949.4485, "POP1990": 18126.0, "POP1999": 17756.0, "POP90_SQMI": 19.0, "HOUSEHOLDS": 7101.0, "MALES": 8693.0, "FEMALES": 9433.0, "WHITE": 17023.0, "BLACK": 268.0, "AMERI_ES": 62.0, "ASIAN_PI": 49.0, "OTHER": 724.0, "HISPANIC": 1164.0, "AGE_UNDER5": 1303.0, "AGE_5_17": 3521.0, "AGE_18_29": 2458.0, "AGE_30_49": 4822.0, "AGE_50_64": 2707.0, "AGE_65_UP": 3315.0, "NEVERMARRY": 1996.0, "MARRIED": 9278.0, "SEPARATED": 217.0, "WIDOWED": 1506.0, "DIVORCED": 1073.0, "HSEHLD_1_M": 591.0, "HSEHLD_1_F": 1187.0, "MARHH_CHD": 2098.0, "MARHH_NO_C": 2389.0, "MHH_CHILD": 99.0, "FHH_CHILD": 352.0, "HSE_UNITS": 8523.0, "VACANT": 1422.0, "OWNER_OCC": 5193.0, "RENTER_OCC": 1908.0, "MEDIAN_VAL": 41200.0, "MEDIANRENT": 203, "UNITS_1DET": 6811.0, "UNITS_1ATT": 61.0, "UNITS2": 296.0, "UNITS3_9": 324.0, "UNITS10_49": 163.0, "UNITS50_UP": 0.0, "MOBILEHOME": 820.0, "NO_FARMS87": 713.0, "AVG_SIZE87": 822.0, "CROP_ACR87": 129582.0, "AVG_SALE87": 37132.0, "Shape_Leng": 1.9565993478119059, "Shape_Area": 0.23766525599968699, "Datacenter": null, "GDP_Change": 1.4, "HP_Change": null, "Talent-Bachelor": null, "Talent-Master": null, "Talent-Doctor": null, "NetADD": null, "NewDatacenter2023": null, "NewDatacenter2024": null, "NewDatacenter2025": null, "NewDatacenter2022": null, "NewDatacenter2021": null, "1_DC": 0, "1_TT": -0.1119605, "1_TPM": -0.0007872, "1_GDP": -0.1948301, "1_TA": -0.2184901, "1_WI": 1.329155, "1_SO": -0.3707, "1_ST": -0.2626576, "1_LP": -0.6427345, "1_PF": 0.069318, "1_CP": -0.1614918, "1_T": -0.3622433, "1_NR": -0.4089231, "1_GW": -0.2323125, "1_SW": -0.176735, "1_RW": -0.1722456, "1_EG": 0.2615204, "1_OF": -1.22079 }, "geometry": { "type": "MultiPolygon", "coordinates": [ [ [ [ -98.566931677363073, 32.95191320105193 ], [ -98.952861590873681, 32.956100328604066 ], [ -98.953020386839285, 33.398459833499807 ], [ -98.416932553598031, 33.398241739564739 ], [ -98.419840114827252, 33.007332549714192 ], [ -98.419832526386244, 32.95315765807662 ], [ -98.566931677363073, 32.95191320105193 ] ] ] ] } },
{ "type": "Feature", "properties": { "fid": 64, "OBJECTID": 2409.0, "NAME": "Kent", "STATE_NAME": "Texas", "STATE_FIPS": "48", "CNTY_FIPS": "263", "FIPS": "48263", "AREA": 912.2144, "POP1990": 1010.0, "POP1999": 877.0, "POP90_SQMI": 1.0, "HOUSEHOLDS": 399.0, "MALES": 485.0, "FEMALES": 525.0, "WHITE": 902.0, "BLACK": 6.0, "AMERI_ES": 1.0, "ASIAN_PI": 0.0, "OTHER": 101.0, "HISPANIC": 120.0, "AGE_UNDER5": 67.0, "AGE_5_17": 194.0, "AGE_18_29": 112.0, "AGE_30_49": 247.0, "AGE_50_64": 173.0, "AGE_65_UP": 217.0, "NEVERMARRY": 104.0, "MARRIED": 549.0, "SEPARATED": 5.0, "WIDOWED": 93.0, "DIVORCED": 38.0, "HSEHLD_1_M": 32.0, "HSEHLD_1_F": 74.0, "MARHH_CHD": 118.0, "MARHH_NO_C": 145.0, "MHH_CHILD": 3.0, "FHH_CHILD": 8.0, "HSE_UNITS": 603.0, "VACANT": 204.0, "OWNER_OCC": 297.0, "RENTER_OCC": 102.0, "MEDIAN_VAL": 28100.0, "MEDIANRENT": 143, "UNITS_1DET": 520.0, "UNITS_1ATT": 2.0, "UNITS2": 0.0, "UNITS3_9": 0.0, "UNITS10_49": 0.0, "UNITS50_UP": 0.0, "MOBILEHOME": 75.0, "NO_FARMS87": 179.0, "AVG_SIZE87": 3097.0, "CROP_ACR87": 71376.0, "AVG_SALE87": 56430.0, "Shape_Leng": 1.914748839336937, "Shape_Area": 0.228425966813491, "Datacenter": null, "GDP_Change": 41.6, "HP_Change": null, "Talent-Bachelor": null, "Talent-Master": null, "Talent-Doctor": null, "NetADD": null, "NewDatacenter2023": null, "NewDatacenter2024": null, "NewDatacenter2025": null, "NewDatacenter2022": null, "NewDatacenter2021": null, "1_DC": 0, "1_TT": -0.1119605, "1_TPM": -0.0007872, "1_GDP": -0.216402, "1_TA": -0.8933939, "1_WI": 0.2420984, "1_SO": 0.5167242, "1_ST": -0.3565562, "1_LP": -0.9699233, "1_PF": 0.069318, "1_CP": -0.1614918, "1_T": -0.4120591, "1_NR": -1.561678, "1_GW": -0.2432749, "1_SW": -0.220112, "1_RW": -0.1722456, "1_EG": -0.2323082, "1_OF": -1.448426 }, "geometry": { "type": "MultiPolygon", "coordinates": [ [ [ [ -101.041861071401001, 32.955232798178265 ], [ -101.045456671547356, 33.392096302656803 ], [ -100.765660679017913, 33.396123441092982 ], [ -100.519321748333425, 33.39021730731568 ], [ -100.523040757295348, 32.957422909682343 ], [ -100.65916789369669, 32.957174763764087 ], [ -101.041861071401001, 32.955232798178265 ] ] ] ] } },
{ "type": "Feature", "properties": { "fid": 65, "OBJECTID": 2410.0, "NAME": "Stonewall", "STATE_NAME": "Texas", "STATE_FIPS": "48", "CNTY_FIPS": "433", "FIPS": "48433", "AREA": 924.7434, "POP1990": 2013.0, "POP1999": 1762.0, "POP90_SQMI": 2.0, "HOUSEHOLDS": 806.0, "MALES": 975.0, "FEMALES": 1038.0, "WHITE": 1898.0, "BLACK": 89.0, "AMERI_ES": 2.0, "ASIAN_PI": 7.0, "OTHER": 17.0, "HISPANIC": 237.0, "AGE_UNDER5": 137.0, "AGE_5_17": 375.0, "AGE_18_29": 275.0, "AGE_30_49": 464.0, "AGE_50_64": 345.0, "AGE_65_UP": 417.0, "NEVERMARRY": 230.0, "MARRIED": 1034.0, "SEPARATED": 20.0, "WIDOWED": 202.0, "DIVORCED": 97.0, "HSEHLD_1_M": 95.0, "HSEHLD_1_F": 134.0, "MARHH_CHD": 217.0, "MARHH_NO_C": 279.0, "MHH_CHILD": 12.0, "FHH_CHILD": 31.0, "HSE_UNITS": 1085.0, "VACANT": 279.0, "OWNER_OCC": 620.0, "RENTER_OCC": 186.0, "MEDIAN_VAL": 29600.0, "MEDIANRENT": 147, "UNITS_1DET": 884.0, "UNITS_1ATT": 1.0, "UNITS2": 41.0, "UNITS3_9": 3.0, "UNITS10_49": 2.0, "UNITS50_UP": 0.0, "MOBILEHOME": 152.0, "NO_FARMS87": 312.0, "AVG_SIZE87": 1622.0, "CROP_ACR87": 90774.0, "AVG_SALE87": 53285.0, "Shape_Leng": 1.9344372515844901, "Shape_Area": 0.23147463512538399, "Datacenter": null, "GDP_Change": -5.9, "HP_Change": 11.0, "Talent-Bachelor": null, "Talent-Master": null, "Talent-Doctor": null, "NetADD": null, "NewDatacenter2023": null, "NewDatacenter2024": null, "NewDatacenter2025": null, "NewDatacenter2022": null, "NewDatacenter2021": null, "1_DC": 0, "1_TT": -0.1119605, "1_TPM": -0.0007872, "1_GDP": -0.2195439, "1_TA": -0.8935503, "1_WI": -0.4878197, "1_SO": -0.3707, "1_ST": -0.3565562, "1_LP": -0.9699233, "1_PF": 0.069318, "1_CP": -0.1614918, "1_T": -0.3871512, "1_NR": -1.472285, "1_GW": -0.2435682, "1_SW": -0.2184264, "1_RW": -0.1722456, "1_EG": -0.5380116, "1_OF": 0.6138936 }, "geometry": { "type": "MultiPolygon", "coordinates": [ [ [ [ -100.523040757295348, 32.957422909682343 ], [ -100.519321748333425, 33.39021730731568 ], [ -99.988282143427796, 33.395490695576953 ], [ -99.988893933343775, 32.95907944425155 ], [ -100.149084725450678, 32.958524152543852 ], [ -100.523040757295348, 32.957422909682343 ] ] ] ] } },
{ "type": "Feature", "properties": { "fid": 66, "OBJECTID": 2411.0, "NAME": "Franklin", "STATE_NAME": "Texas", "STATE_FIPS": "48", "CNTY_FIPS": "159", "FIPS": "48159", "AREA": 296.9154, "POP1990": 7802.0, "POP1999": 9886.0, "POP90_SQMI": 26.0, "HOUSEHOLDS": 3017.0, "MALES": 3782.0, "FEMALES": 4020.0, "WHITE": 7139.0, "BLACK": 349.0, "AMERI_ES": 47.0, "ASIAN_PI": 18.0, "OTHER": 249.0, "HISPANIC": 357.0, "AGE_UNDER5": 531.0, "AGE_5_17": 1456.0, "AGE_18_29": 1084.0, "AGE_30_49": 1960.0, "AGE_50_64": 1305.0, "AGE_65_UP": 1466.0, "NEVERMARRY": 864.0, "MARRIED": 4097.0, "SEPARATED": 105.0, "WIDOWED": 660.0, "DIVORCED": 406.0, "HSEHLD_1_M": 250.0, "HSEHLD_1_F": 461.0, "MARHH_CHD": 853.0, "MARHH_NO_C": 1101.0, "MHH_CHILD": 40.0, "FHH_CHILD": 141.0, "HSE_UNITS": 4219.0, "VACANT": 1202.0, "OWNER_OCC": 2300.0, "RENTER_OCC": 717.0, "MEDIAN_VAL": 46800.0, "MEDIANRENT": 205, "UNITS_1DET": 3205.0, "UNITS_1ATT": 26.0, "UNITS2": 93.0, "UNITS3_9": 65.0, "UNITS10_49": 45.0, "UNITS50_UP": 0.0, "MOBILEHOME": 757.0, "NO_FARMS87": 479.0, "AVG_SIZE87": 248.0, "CROP_ACR87": 49449.0, "AVG_SALE87": 63217.0, "Shape_Leng": 1.1865621064980061, "Shape_Area": 0.074350363541938996, "Datacenter": null, "GDP_Change": 9.1, "HP_Change": null, "Talent-Bachelor": null, "Talent-Master": null, "Talent-Doctor": null, "NetADD": 47, "NewDatacenter2023": null, "NewDatacenter2024": null, "NewDatacenter2025": null, "NewDatacenter2022": null, "NewDatacenter2021": null, "1_DC": 0, "1_TT": -0.1119605, "1_TPM": 0.0756156, "1_GDP": -0.2090701, "1_TA": 0.5130157, "1_WI": -0.4878197, "1_SO": 2.249647, "1_ST": -0.3565562, "1_LP": -0.167783, "1_PF": 0.069318, "1_CP": -0.1614918, "1_T": -0.4618749, "1_NR": -0.7862451, "1_GW": -0.2467579, "1_SW": -0.1950104, "1_RW": -0.1722456, "1_EG": -0.4621031, "1_OF": 1.004613 }, "geometry": { "type": "MultiPolygon", "coordinates": [ [ [ [ -95.148678298131301, 33.014178977416201 ], [ -95.168538438556595, 32.967164496196375 ], [ -95.309732341039705, 32.968044228728864 ], [ -95.30203672304043, 33.382660447305625 ], [ -95.302029098797846, 33.383118202391017 ], [ -95.2445245842178, 33.378468497919876 ], [ -95.201012988440993, 33.38804732175219 ], [ -95.184990679719533, 33.380086323994576 ], [ -95.16944167078168, 33.391278521268262 ], [ -95.148772976096438, 33.38721609797706 ], [ -95.117056732153969, 33.392705544892522 ], [ -95.128109023708362, 33.03686070929507 ], [ -95.148678298131301, 33.014178977416201 ] ] ] ] } },
{ "type": "Feature", "properties": { "fid": 67, "OBJECTID": 2414.0, "NAME": "Garza", "STATE_NAME": "Texas", "STATE_FIPS": "48", "CNTY_FIPS": "169", "FIPS": "48169", "AREA": 904.0704, "POP1990": 5143.0, "POP1999": 4565.0, "POP90_SQMI": 6.0, "HOUSEHOLDS": 1822.0, "MALES": 2467.0, "FEMALES": 2676.0, "WHITE": 4588.0, "BLACK": 328.0, "AMERI_ES": 9.0, "ASIAN_PI": 21.0, "OTHER": 197.0, "HISPANIC": 1454.0, "AGE_UNDER5": 404.0, "AGE_5_17": 1224.0, "AGE_18_29": 735.0, "AGE_30_49": 1268.0, "AGE_50_64": 682.0, "AGE_65_UP": 830.0, "NEVERMARRY": 656.0, "MARRIED": 2413.0, "SEPARATED": 80.0, "WIDOWED": 381.0, "DIVORCED": 245.0, "HSEHLD_1_M": 140.0, "HSEHLD_1_F": 268.0, "MARHH_CHD": 587.0, "MARHH_NO_C": 576.0, "MHH_CHILD": 23.0, "FHH_CHILD": 125.0, "HSE_UNITS": 2184.0, "VACANT": 362.0, "OWNER_OCC": 1300.0, "RENTER_OCC": 522.0, "MEDIAN_VAL": 31300.0, "MEDIANRENT": 155, "UNITS_1DET": 1830.0, "UNITS_1ATT": 19.0, "UNITS2": 118.0, "UNITS3_9": 5.0, "UNITS10_49": 3.0, "UNITS50_UP": 0.0, "MOBILEHOME": 201.0, "NO_FARMS87": 236.0, "AVG_SIZE87": 2323.0, "CROP_ACR87": 95559.0, "AVG_SALE87": 83699.0, "Shape_Leng": 1.9068641154442809, "Shape_Area": 0.226303468479085, "Datacenter": null, "GDP_Change": -3.2, "HP_Change": null, "Talent-Bachelor": null, "Talent-Master": null, "Talent-Doctor": null, "NetADD": null, "NewDatacenter2023": null, "NewDatacenter2024": null, "NewDatacenter2025": null, "NewDatacenter2022": null, "NewDatacenter2021": null, "1_DC": 0, "1_TT": -0.1119605, "1_TPM": -0.0007872, "1_GDP": -0.2167048, "1_TA": -0.6277294, "1_WI": 0.3932957, "1_SO": 0.7508085, "1_ST": -0.3565562, "1_LP": -1.054359, "1_PF": 0.069318, "1_CP": -0.1614918, "1_T": -0.5365986, "1_NR": -0.9432027, "1_GW": -0.2411117, "1_SW": -0.2115334, "1_RW": -0.1722456, "1_EG": -0.5380116, "1_OF": 0.8517228 }, "geometry": { "type": "MultiPolygon", "coordinates": [ [ [ [ -101.17358572382409, 32.952589280825734 ], [ -101.560759754626645, 32.956601338519071 ], [ -101.562771269477707, 33.390318843866197 ], [ -101.045456671547356, 33.392096302656803 ], [ -101.041861071401001, 32.955232798178265 ], [ -101.17358572382409, 32.952589280825734 ] ] ] ] } },
{ "type": "Feature", "properties": { "fid": 68, "OBJECTID": 2415.0, "NAME": "Lynn", "STATE_NAME": "Texas", "STATE_FIPS": "48", "CNTY_FIPS": "305", "FIPS": "48305", "AREA": 885.7942, "POP1990": 6758.0, "POP1999": 6776.0, "POP90_SQMI": 8.0, "HOUSEHOLDS": 2383.0, "MALES": 3321.0, "FEMALES": 3437.0, "WHITE": 5214.0, "BLACK": 223.0, "AMERI_ES": 22.0, "ASIAN_PI": 11.0, "OTHER": 1288.0, "HISPANIC": 2819.0, "AGE_UNDER5": 556.0, "AGE_5_17": 1496.0, "AGE_18_29": 1069.0, "AGE_30_49": 1575.0, "AGE_50_64": 1024.0, "AGE_65_UP": 1038.0, "NEVERMARRY": 884.0, "MARRIED": 3276.0, "SEPARATED": 94.0, "WIDOWED": 451.0, "DIVORCED": 310.0, "HSEHLD_1_M": 220.0, "HSEHLD_1_F": 299.0, "MARHH_CHD": 766.0, "MARHH_NO_C": 789.0, "MHH_CHILD": 53.0, "FHH_CHILD": 135.0, "HSE_UNITS": 2978.0, "VACANT": 595.0, "OWNER_OCC": 1693.0, "RENTER_OCC": 690.0, "MEDIAN_VAL": 31900.0, "MEDIANRENT": 161, "UNITS_1DET": 2555.0, "UNITS_1ATT": 32.0, "UNITS2": 83.0, "UNITS3_9": 49.0, "UNITS10_49": 24.0, "UNITS50_UP": 0.0, "MOBILEHOME": 216.0, "NO_FARMS87": 503.0, "AVG_SIZE87": 943.0, "CROP_ACR87": 388772.0, "AVG_SALE87": 96928.0, "Shape_Leng": 1.8885353115513011, "Shape_Area": 0.22173137632738299, "Datacenter": null, "GDP_Change": -16.2, "HP_Change": null, "Talent-Bachelor": null, "Talent-Master": null, "Talent-Doctor": null, "NetADD": null, "NewDatacenter2023": null, "NewDatacenter2024": null, "NewDatacenter2025": null, "NewDatacenter2022": null, "NewDatacenter2021": null, "1_DC": 0, "1_TT": -0.1119605, "1_TPM": -0.0007872, "1_GDP": -0.2152462, "1_TA": -0.112948, "1_WI": 0.4532533, "1_SO": -0.3707, "1_ST": -0.3565562, "1_LP": -1.054359, "1_PF": 0.069318, "1_CP": -0.1614918, "1_T": -0.9600329, "1_NR": -0.845494, "1_GW": -0.2244666, "1_SW": -0.2173081, "1_RW": -0.1722456, "1_EG": 0.0263639, "1_OF": 1.772462 }, "geometry": { "type": "MultiPolygon", "coordinates": [ [ [ [ -101.686489647216092, 32.955269050412042 ], [ -102.071483665065387, 32.956210344160922 ], [ -102.07354526709554, 33.389511826561865 ], [ -101.562771269477707, 33.390318843866197 ], [ -101.560759754626645, 32.956601338519071 ], [ -101.686489647216092, 32.955269050412042 ] ] ] ] } },
{ "type": "Feature", "properties": { "fid": 69, "OBJECTID": 2416.0, "NAME": "Terry", "STATE_NAME": "Texas", "STATE_FIPS": "48", "CNTY_FIPS": "445", "FIPS": "48445", "AREA": 895.4379, "POP1990": 13218.0, "POP1999": 12819.0, "POP90_SQMI": 15.0, "HOUSEHOLDS": 4478.0, "MALES": 6408.0, "FEMALES": 6810.0, "WHITE": 10202.0, "BLACK": 449.0, "AMERI_ES": 38.0, "ASIAN_PI": 28.0, "OTHER": 2501.0, "HISPANIC": 5194.0, "AGE_UNDER5": 1136.0, "AGE_5_17": 3238.0, "AGE_18_29": 1987.0, "AGE_30_49": 3239.0, "AGE_50_64": 1819.0, "AGE_65_UP": 1799.0, "NEVERMARRY": 1668.0, "MARRIED": 6241.0, "SEPARATED": 171.0, "WIDOWED": 815.0, "DIVORCED": 627.0, "HSEHLD_1_M": 272.0, "HSEHLD_1_F": 610.0, "MARHH_CHD": 1619.0, "MARHH_NO_C": 1384.0, "MHH_CHILD": 66.0, "FHH_CHILD": 323.0, "HSE_UNITS": 5296.0, "VACANT": 818.0, "OWNER_OCC": 3249.0, "RENTER_OCC": 1229.0, "MEDIAN_VAL": 38600.0, "MEDIANRENT": 223, "UNITS_1DET": 4360.0, "UNITS_1ATT": 72.0, "UNITS2": 113.0, "UNITS3_9": 70.0, "UNITS10_49": 99.0, "UNITS50_UP": 0.0, "MOBILEHOME": 512.0, "NO_FARMS87": 517.0, "AVG_SIZE87": 896.0, "CROP_ACR87": 386375.0, "AVG_SALE87": 111212.0, "Shape_Leng": 1.900598477504168, "Shape_Area": 0.22414026029929299, "Datacenter": null, "GDP_Change": -7.6, "HP_Change": null, "Talent-Bachelor": null, "Talent-Master": null, "Talent-Doctor": null, "NetADD": null, "NewDatacenter2023": null, "NewDatacenter2024": null, "NewDatacenter2025": null, "NewDatacenter2022": null, "NewDatacenter2021": null, "1_DC": 0, "1_TT": -0.1119605, "1_TPM": -0.0007872, "1_GDP": -0.2100367, "1_TA": -0.285331, "1_WI": -0.4878197, "1_SO": -0.3707, "1_ST": -0.3565562, "1_LP": -1.012141, "1_PF": 0.069318, "1_CP": -0.1614918, "1_T": -1.184204, "1_NR": 0.103528, "1_GW": -0.2345857, "1_SW": -0.2003846, "1_RW": -0.1722456, "1_EG": -0.5380116, "1_OF": 1.809835 }, "geometry": { "type": "MultiPolygon", "coordinates": [ [ [ [ -102.195567141294191, 32.954348025605405 ], [ -102.588698409337951, 32.952029836586171 ], [ -102.592448450121367, 33.383127599948239 ], [ -102.588038403650671, 33.383173296248515 ], [ -102.07354526709554, 33.389511826561865 ], [ -102.071483665065387, 32.956210344160922 ], [ -102.195567141294191, 32.954348025605405 ] ] ] ] } },
{ "type": "Feature", "properties": { "fid": 70, "OBJECTID": 2418.0, "NAME": "Yoakum", "STATE_NAME": "Texas", "STATE_FIPS": "48", "CNTY_FIPS": "501", "FIPS": "48501", "AREA": 778.2792, "POP1990": 8786.0, "POP1999": 7945.0, "POP90_SQMI": 11.0, "HOUSEHOLDS": 2839.0, "MALES": 4426.0, "FEMALES": 4360.0, "WHITE": 6300.0, "BLACK": 86.0, "AMERI_ES": 31.0, "ASIAN_PI": 11.0, "OTHER": 2358.0, "HISPANIC": 3217.0, "AGE_UNDER5": 758.0, "AGE_5_17": 2303.0, "AGE_18_29": 1488.0, "AGE_30_49": 2433.0, "AGE_50_64": 1040.0, "AGE_65_UP": 764.0, "NEVERMARRY": 1055.0, "MARRIED": 4359.0, "SEPARATED": 84.0, "WIDOWED": 310.0, "DIVORCED": 381.0, "HSEHLD_1_M": 211.0, "HSEHLD_1_F": 225.0, "MARHH_CHD": 1261.0, "MARHH_NO_C": 838.0, "MHH_CHILD": 56.0, "FHH_CHILD": 133.0, "HSE_UNITS": 3372.0, "VACANT": 533.0, "OWNER_OCC": 2104.0, "RENTER_OCC": 735.0, "MEDIAN_VAL": 45100.0, "MEDIANRENT": 259, "UNITS_1DET": 2423.0, "UNITS_1ATT": 20.0, "UNITS2": 49.0, "UNITS3_9": 62.0, "UNITS10_49": 49.0, "UNITS50_UP": 0.0, "MOBILEHOME": 726.0, "NO_FARMS87": 273.0, "AVG_SIZE87": 1276.0, "CROP_ACR87": 228292.0, "AVG_SALE87": 116102.0, "Shape_Leng": 1.7666713047985281, "Shape_Area": 0.194851024080817, "Datacenter": null, "GDP_Change": 4.1, "HP_Change": null, "Talent-Bachelor": null, "Talent-Master": null, "Talent-Doctor": null, "NetADD": null, "NewDatacenter2023": null, "NewDatacenter2024": null, "NewDatacenter2025": null, "NewDatacenter2022": null, "NewDatacenter2021": null, "1_DC": 0, "1_TT": -0.1119605, "1_TPM": -0.0007872, "1_GDP": -0.1711852, "1_TA": -0.5440931, "1_WI": -0.4878197, "1_SO": -0.3707, "1_ST": -0.3565562, "1_LP": -1.012141, "1_PF": 0.069318, "1_CP": -0.1614918, "1_T": -1.408375, "1_NR": -0.0918894, "1_GW": -0.2002689, "1_SW": -0.220112, "1_RW": -0.1722456, "1_EG": 0.4731612, "1_OF": 1.058974 }, "geometry": { "type": "MultiPolygon", "coordinates": [ [ [ [ -102.588698409337951, 32.952029836586171 ], [ -103.0493308635007, 32.953638913247033 ], [ -103.043100992792745, 33.377831473195343 ], [ -102.592448450121367, 33.383127599948239 ], [ -102.588698409337951, 32.952029836586171 ] ] ] ] } },
{ "type": "Feature", "properties": { "fid": 71, "OBJECTID": 2419.0, "NAME": "Hopkins", "STATE_NAME": "Texas", "STATE_FIPS": "48", "CNTY_FIPS": "223", "FIPS": "48223", "AREA": 775.9182, "POP1990": 28833.0, "POP1999": 30779.0, "POP90_SQMI": 37.0, "HOUSEHOLDS": 10965.0, "MALES": 14133.0, "FEMALES": 14700.0, "WHITE": 25381.0, "BLACK": 2476.0, "AMERI_ES": 126.0, "ASIAN_PI": 70.0, "OTHER": 780.0, "HISPANIC": 1407.0, "AGE_UNDER5": 2082.0, "AGE_5_17": 5579.0, "AGE_18_29": 4817.0, "AGE_30_49": 7791.0, "AGE_50_64": 3874.0, "AGE_65_UP": 4690.0, "NEVERMARRY": 3804.0, "MARRIED": 14243.0, "SEPARATED": 402.0, "WIDOWED": 2185.0, "DIVORCED": 1775.0, "HSEHLD_1_M": 992.0, "HSEHLD_1_F": 1667.0, "MARHH_CHD": 3367.0, "MARHH_NO_C": 3450.0, "MHH_CHILD": 149.0, "FHH_CHILD": 607.0, "HSE_UNITS": 12676.0, "VACANT": 1711.0, "OWNER_OCC": 7762.0, "RENTER_OCC": 3203.0, "MEDIAN_VAL": 43600.0, "MEDIANRENT": 247, "UNITS_1DET": 9379.0, "UNITS_1ATT": 166.0, "UNITS2": 224.0, "UNITS3_9": 432.0, "UNITS10_49": 822.0, "UNITS50_UP": 0.0, "MOBILEHOME": 1535.0, "NO_FARMS87": 1766.0, "AVG_SIZE87": 212.0, "CROP_ACR87": 199868.0, "AVG_SALE87": 67605.0, "Shape_Leng": 1.829935383626264, "Shape_Area": 0.19426803594966799, "Datacenter": null, "GDP_Change": 9.6, "HP_Change": null, "Talent-Bachelor": null, "Talent-Master": null, "Talent-Doctor": null, "NetADD": null, "NewDatacenter2023": null, "NewDatacenter2024": null, "NewDatacenter2025": null, "NewDatacenter2022": null, "NewDatacenter2021": null, "1_DC": 0, "1_TT": -0.1119605, "1_TPM": -0.0007872, "1_GDP": -0.1684163, "1_TA": 0.7616854, "1_WI": -0.4878197, "1_SO": 2.455781, "1_ST": 1.277281, "1_LP": -0.167783, "1_PF": 0.069318, "1_CP": -0.1614918, "1_T": -0.5365986, "1_NR": 0.7303191, "1_GW": -0.1883167, "1_SW": -0.1404845, "1_RW": -0.1722456, "1_EG": -0.1382456, "1_OF": 0.6206887 }, "geometry": { "type": "MultiPolygon", "coordinates": [ [ [ [ -95.309732341039705, 32.968044228728864 ], [ -95.661109667400581, 32.969185273173885 ], [ -95.663535761134312, 32.9847715148248 ], [ -95.864897378132468, 32.986777897036227 ], [ -95.855588537176686, 33.226831468013913 ], [ -95.792399600165595, 33.248212146353062 ], [ -95.752069434992791, 33.293182504676267 ], [ -95.710640624640178, 33.307125085686174 ], [ -95.675582466452397, 33.304893676507675 ], [ -95.653685489535292, 33.313175306817818 ], [ -95.59411368530084, 33.355990881440412 ], [ -95.509920705881711, 33.346805647871022 ], [ -95.461075917143432, 33.354446603668613 ], [ -95.411666642944169, 33.371612692413734 ], [ -95.346829988413219, 33.360802398119297 ], [ -95.313824340980545, 33.369934792558077 ], [ -95.30203672304043, 33.382660447305625 ], [ -95.309732341039705, 32.968044228728864 ] ] ] ] } },
{ "type": "Feature", "properties": { "fid": 72, "OBJECTID": 2420.0, "NAME": "Morris", "STATE_NAME": "Texas", "STATE_FIPS": "48", "CNTY_FIPS": "343", "FIPS": "48343", "AREA": 258.01, "POP1990": 13200.0, "POP1999": 13420.0, "POP90_SQMI": 51.0, "HOUSEHOLDS": 4988.0, "MALES": 6363.0, "FEMALES": 6837.0, "WHITE": 9770.0, "BLACK": 3227.0, "AMERI_ES": 70.0, "ASIAN_PI": 18.0, "OTHER": 115.0, "HISPANIC": 239.0, "AGE_UNDER5": 890.0, "AGE_5_17": 2733.0, "AGE_18_29": 1814.0, "AGE_30_49": 3458.0, "AGE_50_64": 2072.0, "AGE_65_UP": 2233.0, "NEVERMARRY": 1808.0, "MARRIED": 6168.0, "SEPARATED": 287.0, "WIDOWED": 1126.0, "DIVORCED": 791.0, "HSEHLD_1_M": 407.0, "HSEHLD_1_F": 757.0, "MARHH_CHD": 1353.0, "MARHH_NO_C": 1599.0, "MHH_CHILD": 79.0, "FHH_CHILD": 457.0, "HSE_UNITS": 5800.0, "VACANT": 812.0, "OWNER_OCC": 3786.0, "RENTER_OCC": 1202.0, "MEDIAN_VAL": 35300.0, "MEDIANRENT": 184, "UNITS_1DET": 4654.0, "UNITS_1ATT": 51.0, "UNITS2": 264.0, "UNITS3_9": 108.0, "UNITS10_49": 23.0, "UNITS50_UP": 0.0, "MOBILEHOME": 640.0, "NO_FARMS87": 349.0, "AVG_SIZE87": 216.0, "CROP_ACR87": 31378.0, "AVG_SALE87": 18872.0, "Shape_Leng": 1.200537602909896, "Shape_Area": 0.064564529072623, "Datacenter": null, "GDP_Change": 10.4, "HP_Change": null, "Talent-Bachelor": null, "Talent-Master": null, "Talent-Doctor": null, "NetADD": null, "NewDatacenter2023": null, "NewDatacenter2024": null, "NewDatacenter2025": null, "NewDatacenter2022": null, "NewDatacenter2021": null, "1_DC": 0, "1_TT": -0.1119605, "1_TPM": -0.0007872, "1_GDP": -0.2047901, "1_TA": 0.9276329, "1_WI": -0.4878197, "1_SO": -0.3707, "1_ST": -0.3565562, "1_LP": -0.167783, "1_PF": 0.069318, "1_CP": -0.1614918, "1_T": -0.2377038, "1_NR": -0.468172, "1_GW": -0.2230001, "1_SW": -0.2057087, "1_RW": -0.1722456, "1_EG": -0.5380116, "1_OF": -0.102992 }, "geometry": { "type": "MultiPolygon", "coordinates": [ [ [ [ -94.655027931024676, 32.884520682220504 ], [ -94.703178880934956, 32.88448964234118 ], [ -94.731416126962586, 32.91224393328028 ], [ -94.786593278718158, 32.955217842384187 ], [ -94.813983256887866, 32.988377260554635 ], [ -94.819425738385348, 33.381474094551294 ], [ -94.775882809182804, 33.332571432332188 ], [ -94.758479654832456, 33.329497046104635 ], [ -94.745318713822826, 33.337095874447847 ], [ -94.724085114448769, 33.317439611066 ], [ -94.695718227581381, 33.322051897322638 ], [ -94.660987493349523, 33.28261716602907 ], [ -94.655027931024676, 32.884520682220504 ] ] ] ] } },
{ "type": "Feature", "properties": { "fid": 73, "OBJECTID": 2426.0, "NAME": "Cass", "STATE_NAME": "Texas", "STATE_FIPS": "48", "CNTY_FIPS": "067", "FIPS": "48067", "AREA": 969.2626, "POP1990": 29982.0, "POP1999": 30992.0, "POP90_SQMI": 31.0, "HOUSEHOLDS": 11320.0, "MALES": 14384.0, "FEMALES": 15598.0, "WHITE": 23651.0, "BLACK": 6057.0, "AMERI_ES": 105.0, "ASIAN_PI": 25.0, "OTHER": 144.0, "HISPANIC": 373.0, "AGE_UNDER5": 1989.0, "AGE_5_17": 6208.0, "AGE_18_29": 4390.0, "AGE_30_49": 7868.0, "AGE_50_64": 4393.0, "AGE_65_UP": 5134.0, "NEVERMARRY": 4101.0, "MARRIED": 14259.0, "SEPARATED": 565.0, "WIDOWED": 2446.0, "DIVORCED": 1828.0, "HSEHLD_1_M": 950.0, "HSEHLD_1_F": 1715.0, "MARHH_CHD": 3194.0, "MARHH_NO_C": 3658.0, "MHH_CHILD": 190.0, "FHH_CHILD": 860.0, "HSE_UNITS": 13191.0, "VACANT": 1871.0, "OWNER_OCC": 8806.0, "RENTER_OCC": 2514.0, "MEDIAN_VAL": 38700.0, "MEDIANRENT": 177, "UNITS_1DET": 9722.0, "UNITS_1ATT": 97.0, "UNITS2": 419.0, "UNITS3_9": 427.0, "UNITS10_49": 171.0, "UNITS50_UP": 0.0, "MOBILEHOME": 2107.0, "NO_FARMS87": 885.0, "AVG_SIZE87": 215.0, "CROP_ACR87": 75780.0, "AVG_SALE87": 16774.0, "Shape_Leng": 2.1052094600698119, "Shape_Area": 0.24260270748743701, "Datacenter": null, "GDP_Change": 7.2, "HP_Change": null, "Talent-Bachelor": null, "Talent-Master": null, "Talent-Doctor": null, "NetADD": null, "NewDatacenter2023": null, "NewDatacenter2024": null, "NewDatacenter2025": null, "NewDatacenter2022": null, "NewDatacenter2021": null, "1_DC": 0, "1_TT": -0.1119605, "1_TPM": -0.0007872, "1_GDP": -0.1924287, "1_TA": 0.2563991, "1_WI": -0.4878197, "1_SO": -0.3707, "1_ST": -0.3565562, "1_LP": -0.167783, "1_PF": 0.069318, "1_CP": -0.1614918, "1_T": -0.3622433, "1_NR": 0.0629893, "1_GW": -0.1980324, "1_SW": -0.220112, "1_RW": -0.1722456, "1_EG": -0.4588344, "1_OF": -1.057707 }, "geometry": { "type": "MultiPolygon", "coordinates": [ [ [ [ -94.038931741276656, 33.023422406886262 ], [ -94.041785426662841, 32.882485327629325 ], [ -94.655027931024676, 32.884520682220504 ], [ -94.660987493349523, 33.28261716602907 ], [ -94.641035653643371, 33.260721701063062 ], [ -94.617604892611894, 33.249594887691764 ], [ -94.584576244820198, 33.250316348296593 ], [ -94.568783139505854, 33.264155943518588 ], [ -94.477792565512118, 33.291706376285219 ], [ -94.453057106404572, 33.283677036155318 ], [ -94.427108687041766, 33.285153698898476 ], [ -94.411437041959232, 33.265699459278608 ], [ -94.374799248615943, 33.255247995167302 ], [ -94.301348638202001, 33.259819017671617 ], [ -94.257126921092777, 33.248040155243366 ], [ -94.230102869683321, 33.256707232537345 ], [ -94.229187730479623, 33.276718739431338 ], [ -94.215248724637092, 33.294250850579395 ], [ -94.161292143319599, 33.309746286932572 ], [ -94.125859804557763, 33.297905995946884 ], [ -94.095684652601221, 33.304105005415529 ], [ -94.081439939141887, 33.29607534465071 ], [ -94.068629793981302, 33.298150604733081 ], [ -94.036691560088627, 33.270452898040773 ], [ -94.038931741276656, 33.023422406886262 ] ] ] ] } },
{ "type": "Feature", "properties": { "fid": 74, "OBJECTID": 2448.0, "NAME": "Camp", "STATE_NAME": "Texas", "STATE_FIPS": "48", "CNTY_FIPS": "063", "FIPS": "48063", "AREA": 194.6065, "POP1990": 9904.0, "POP1999": 11082.0, "POP90_SQMI": 51.0, "HOUSEHOLDS": 3773.0, "MALES": 4753.0, "FEMALES": 5151.0, "WHITE": 7130.0, "BLACK": 2360.0, "AMERI_ES": 35.0, "ASIAN_PI": 5.0, "OTHER": 374.0, "HISPANIC": 501.0, "AGE_UNDER5": 661.0, "AGE_5_17": 1946.0, "AGE_18_29": 1505.0, "AGE_30_49": 2524.0, "AGE_50_64": 1507.0, "AGE_65_UP": 1761.0, "NEVERMARRY": 1409.0, "MARRIED": 4623.0, "SEPARATED": 197.0, "WIDOWED": 884.0, "DIVORCED": 611.0, "HSEHLD_1_M": 345.0, "HSEHLD_1_F": 599.0, "MARHH_CHD": 940.0, "MARHH_NO_C": 1259.0, "MHH_CHILD": 64.0, "FHH_CHILD": 303.0, "HSE_UNITS": 4530.0, "VACANT": 757.0, "OWNER_OCC": 2802.0, "RENTER_OCC": 971.0, "MEDIAN_VAL": 42200.0, "MEDIANRENT": 218, "UNITS_1DET": 3361.0, "UNITS_1ATT": 35.0, "UNITS2": 116.0, "UNITS3_9": 94.0, "UNITS10_49": 60.0, "UNITS50_UP": 0.0, "MOBILEHOME": 776.0, "NO_FARMS87": 413.0, "AVG_SIZE87": 190.0, "CROP_ACR87": 37465.0, "AVG_SALE87": 221060.0, "Shape_Leng": 1.0137066151638821, "Shape_Area": 0.048672680016286003, "Datacenter": null, "GDP_Change": 1.4, "HP_Change": null, "Talent-Bachelor": null, "Talent-Master": null, "Talent-Doctor": null, "NetADD": null, "NewDatacenter2023": null, "NewDatacenter2024": null, "NewDatacenter2025": null, "NewDatacenter2022": null, "NewDatacenter2021": null, "1_DC": 0, "1_TT": -0.1119605, "1_TPM": -0.0007872, "1_GDP": -0.2114906, "1_TA": 0.8484859, "1_WI": -0.4878197, "1_SO": -0.3707, "1_ST": -0.3565562, "1_LP": -0.167783, "1_PF": 0.069318, "1_CP": -0.1614918, "1_T": -0.2626117, "1_NR": -0.3112143, "1_GW": -0.206465, "1_SW": -0.220112, "1_RW": -0.1722456, "1_EG": -0.5380116, "1_OF": null }, "geometry": { "type": "MultiPolygon", "coordinates": [ [ [ [ -94.731416126962586, 32.91224393328028 ], [ -95.149327785729952, 32.91438301833243 ], [ -95.148678298131301, 33.014178977416201 ], [ -95.128109023708362, 33.03686070929507 ], [ -95.03878944948309, 33.080416539479913 ], [ -94.951186368259016, 33.078399599752025 ], [ -94.924177568199354, 33.063530670182999 ], [ -94.87969694178156, 33.02234132445917 ], [ -94.813983256887866, 32.988377260554635 ], [ -94.786593278718158, 32.955217842384187 ], [ -94.731416126962586, 32.91224393328028 ] ] ] ] } },
{ "type": "Feature", "properties": { "fid": 75, "OBJECTID": 2462.0, "NAME": "Wood", "STATE_NAME": "Texas", "STATE_FIPS": "48", "CNTY_FIPS": "499", "FIPS": "48499", "AREA": 701.7681, "POP1990": 29380.0, "POP1999": 34830.0, "POP90_SQMI": 42.0, "HOUSEHOLDS": 11426.0, "MALES": 14119.0, "FEMALES": 15261.0, "WHITE": 26363.0, "BLACK": 2402.0, "AMERI_ES": 109.0, "ASIAN_PI": 40.0, "OTHER": 466.0, "HISPANIC": 788.0, "AGE_UNDER5": 1711.0, "AGE_5_17": 5352.0, "AGE_18_29": 4019.0, "AGE_30_49": 7194.0, "AGE_50_64": 4927.0, "AGE_65_UP": 6177.0, "NEVERMARRY": 3475.0, "MARRIED": 15312.0, "SEPARATED": 504.0, "WIDOWED": 2613.0, "DIVORCED": 1617.0, "HSEHLD_1_M": 925.0, "HSEHLD_1_F": 1851.0, "MARHH_CHD": 2992.0, "MARHH_NO_C": 4327.0, "MHH_CHILD": 147.0, "FHH_CHILD": 559.0, "HSE_UNITS": 14541.0, "VACANT": 3115.0, "OWNER_OCC": 9096.0, "RENTER_OCC": 2330.0, "MEDIAN_VAL": 47400.0, "MEDIANRENT": 221, "UNITS_1DET": 10764.0, "UNITS_1ATT": 235.0, "UNITS2": 255.0, "UNITS3_9": 394.0, "UNITS10_49": 165.0, "UNITS50_UP": 0.0, "MOBILEHOME": 2588.0, "NO_FARMS87": 1303.0, "AVG_SIZE87": 159.0, "CROP_ACR87": 99917.0, "AVG_SALE87": 27070.0, "Shape_Leng": 1.78121799961692, "Shape_Area": 0.17493680375380699, "Datacenter": null, "GDP_Change": 3.4, "HP_Change": null, "Talent-Bachelor": null, "Talent-Master": null, "Talent-Doctor": null, "NetADD": 222, "NewDatacenter2023": null, "NewDatacenter2024": null, "NewDatacenter2025": null, "NewDatacenter2022": null, "NewDatacenter2021": null, "1_DC": 0, "1_TT": -0.1119605, "1_TPM": 0.3600939, "1_GDP": -0.1798358, "1_TA": 0.7560142, "1_WI": -0.4878197, "1_SO": -0.3707, "1_ST": -0.3565562, "1_LP": -0.167783, "1_PF": 0.069318, "1_CP": -0.1614918, "1_T": -0.3622433, "1_NR": 0.4694161, "1_GW": -0.0647616, "1_SW": -0.2059256, "1_RW": -0.1722456, "1_EG": -0.5380116, "1_OF": 0.5731228 }, "geometry": { "type": "MultiPolygon", "coordinates": [ [ [ [ -95.591217238374895, 32.691204872818169 ], [ -95.607552049515618, 32.711440682280127 ], [ -95.62776282640084, 32.720881418017889 ], [ -95.661109667400581, 32.969185273173885 ], [ -95.309732341039705, 32.968044228728864 ], [ -95.168538438556595, 32.967164496196375 ], [ -95.148678298131301, 33.014178977416201 ], [ -95.149327785729952, 32.91438301833243 ], [ -95.154504911981121, 32.57081238190144 ], [ -95.192073626361889, 32.544133376099396 ], [ -95.215343726409742, 32.564727823683867 ], [ -95.282446442151013, 32.572100666142141 ], [ -95.295088550913874, 32.588586840830594 ], [ -95.324310029851802, 32.601193433920564 ], [ -95.39090192810113, 32.599357800607336 ], [ -95.506445527459732, 32.618123661734884 ], [ -95.524901151983272, 32.648490698256438 ], [ -95.591217238374895, 32.691204872818169 ] ] ] ] } },
{ "type": "Feature", "properties": { "fid": 76, "OBJECTID": 2467.0, "NAME": "Palo Pinto", "STATE_NAME": "Texas", "STATE_FIPS": "48", "CNTY_FIPS": "363", "FIPS": "48363", "AREA": 967.9515, "POP1990": 25055.0, "POP1999": 26011.0, "POP90_SQMI": 26.0, "HOUSEHOLDS": 9531.0, "MALES": 12100.0, "FEMALES": 12955.0, "WHITE": 22810.0, "BLACK": 792.0, "AMERI_ES": 87.0, "ASIAN_PI": 171.0, "OTHER": 1195.0, "HISPANIC": 2301.0, "AGE_UNDER5": 1827.0, "AGE_5_17": 4783.0, "AGE_18_29": 3851.0, "AGE_30_49": 6511.0, "AGE_50_64": 3819.0, "AGE_65_UP": 4264.0, "NEVERMARRY": 3129.0, "MARRIED": 12097.0, "SEPARATED": 518.0, "WIDOWED": 2002.0, "DIVORCED": 1770.0, "HSEHLD_1_M": 864.0, "HSEHLD_1_F": 1449.0, "MARHH_CHD": 2618.0, "MARHH_NO_C": 3153.0, "MHH_CHILD": 166.0, "FHH_CHILD": 622.0, "HSE_UNITS": 13349.0, "VACANT": 3818.0, "OWNER_OCC": 6907.0, "RENTER_OCC": 2624.0, "MEDIAN_VAL": 37400.0, "MEDIANRENT": 222, "UNITS_1DET": 9388.0, "UNITS_1ATT": 173.0, "UNITS2": 432.0, "UNITS3_9": 388.0, "UNITS10_49": 174.0, "UNITS50_UP": 0.0, "MOBILEHOME": 2624.0, "NO_FARMS87": 719.0, "AVG_SIZE87": 710.0, "CROP_ACR87": 86321.0, "AVG_SALE87": 18528.0, "Shape_Leng": 1.996237030968121, "Shape_Area": 0.24124826285636, "Datacenter": null, "GDP_Change": -0.5, "HP_Change": null, "Talent-Bachelor": null, "Talent-Master": null, "Talent-Doctor": null, "NetADD": null, "NewDatacenter2023": null, "NewDatacenter2024": null, "NewDatacenter2025": null, "NewDatacenter2022": null, "NewDatacenter2021": null, "1_DC": 0, "1_TT": -0.1119605, "1_TPM": -0.0007872, "1_GDP": -0.1963046, "1_TA": 0.0012763, "1_WI": -0.4878197, "1_SO": -0.3707, "1_ST": -0.2626576, "1_LP": 2.301965, "1_PF": 0.069318, "1_CP": -0.1614918, "1_T": -0.0882564, "1_NR": 0.2074735, "1_GW": -0.2346957, "1_SW": -0.1374803, "1_RW": -0.1424744, "1_EG": -0.3479581, "1_OF": -0.6092286 }, "geometry": { "type": "MultiPolygon", "coordinates": [ [ [ [ -98.575239085256101, 32.520862308211377 ], [ -98.566931677363073, 32.95191320105193 ], [ -98.419832526386244, 32.95315765807662 ], [ -98.419840114827252, 33.007332549714192 ], [ -98.052260225072075, 33.003023289761813 ], [ -98.060430601831115, 32.558338532532176 ], [ -98.063016442934497, 32.519196670742573 ], [ -98.469728699752523, 32.521767145810315 ], [ -98.575239085256101, 32.520862308211377 ] ] ] ] } },
{ "type": "Feature", "properties": { "fid": 77, "OBJECTID": 2469.0, "NAME": "Parker", "STATE_NAME": "Texas", "STATE_FIPS": "48", "CNTY_FIPS": "367", "FIPS": "48367", "AREA": 914.2244, "POP1990": 64785.0, "POP1999": 85132.0, "POP90_SQMI": 71.0, "HOUSEHOLDS": 23048.0, "MALES": 32389.0, "FEMALES": 32396.0, "WHITE": 62267.0, "BLACK": 589.0, "AMERI_ES": 367.0, "ASIAN_PI": 231.0, "OTHER": 1331.0, "HISPANIC": 2697.0, "AGE_UNDER5": 4816.0, "AGE_5_17": 13328.0, "AGE_18_29": 10287.0, "AGE_30_49": 20170.0, "AGE_50_64": 9089.0, "AGE_65_UP": 7095.0, "NEVERMARRY": 8254.0, "MARRIED": 33401.0, "SEPARATED": 1036.0, "WIDOWED": 2999.0, "DIVORCED": 3884.0, "HSEHLD_1_M": 1678.0, "HSEHLD_1_F": 2433.0, "MARHH_CHD": 8170.0, "MARHH_NO_C": 7881.0, "MHH_CHILD": 377.0, "FHH_CHILD": 1167.0, "HSE_UNITS": 26044.0, "VACANT": 2996.0, "OWNER_OCC": 18215.0, "RENTER_OCC": 4833.0, "MEDIAN_VAL": 67600.0, "MEDIANRENT": 302, "UNITS_1DET": 17890.0, "UNITS_1ATT": 229.0, "UNITS2": 343.0, "UNITS3_9": 654.0, "UNITS10_49": 414.0, "UNITS50_UP": 52.0, "MOBILEHOME": 6265.0, "NO_FARMS87": 1943.0, "AVG_SIZE87": 208.0, "CROP_ACR87": 121320.0, "AVG_SALE87": 16256.0, "Shape_Leng": 1.91006389616087, "Shape_Area": 0.22792582127554201, "Datacenter": 17, "GDP_Change": 5.2, "HP_Change": null, "Talent-Bachelor": null, "Talent-Master": null, "Talent-Doctor": null, "NetADD": 323, "NewDatacenter2023": null, "NewDatacenter2024": null, "NewDatacenter2025": null, "NewDatacenter2022": null, "NewDatacenter2021": null, "1_DC": 17, "1_TT": -0.1119605, "1_TPM": 0.5242785, "1_GDP": -0.068915, "1_TA": 0.2159244, "1_WI": -0.4878197, "1_SO": -0.3707, "1_ST": -0.3565562, "1_LP": 2.301965, "1_PF": 0.069318, "1_CP": -0.1614918, "1_T": -0.187888, "1_NR": 1.05359, "1_GW": 0.0918271, "1_SW": -0.0065481, "1_RW": -0.1568377, "1_EG": -0.5343196, "1_OF": -0.1777383 }, "geometry": { "type": "MultiPolygon", "coordinates": [ [ [ [ -98.060430601831115, 32.558338532532176 ], [ -98.052260225072075, 33.003023289761813 ], [ -97.917123295653994, 33.002459225591515 ], [ -97.540232855974068, 32.998605894258787 ], [ -97.546191393818958, 32.559775207147368 ], [ -97.617604592219152, 32.55537285810744 ], [ -98.060430601831115, 32.558338532532176 ] ] ] ] } },
{ "type": "Feature", "properties": { "fid": 78, "OBJECTID": 2470.0, "NAME": "Tarrant", "STATE_NAME": "Texas", "STATE_FIPS": "48", "CNTY_FIPS": "439", "FIPS": "48439", "AREA": 899.1518, "POP1990": 1170103.0, "POP1999": 1383309.0, "POP90_SQMI": 1301.0, "HOUSEHOLDS": 438634.0, "MALES": 578780.0, "FEMALES": 591323.0, "WHITE": 917501.0, "BLACK": 140740.0, "AMERI_ES": 5551.0, "ASIAN_PI": 29705.0, "OTHER": 76606.0, "HISPANIC": 139879.0, "AGE_UNDER5": 100035.0, "AGE_5_17": 217486.0, "AGE_18_29": 255894.0, "AGE_30_49": 368608.0, "AGE_50_64": 130656.0, "AGE_65_UP": 97424.0, "NEVERMARRY": 216079.0, "MARRIED": 512617.0, "SEPARATED": 25720.0, "WIDOWED": 49592.0, "DIVORCED": 94146.0, "HSEHLD_1_M": 50882.0, "HSEHLD_1_F": 57480.0, "MARHH_CHD": 129284.0, "MARHH_NO_C": 114822.0, "MHH_CHILD": 8235.0, "FHH_CHILD": 32732.0, "HSE_UNITS": 491152.0, "VACANT": 52518.0, "OWNER_OCC": 254907.0, "RENTER_OCC": 183727.0, "MEDIAN_VAL": 72900.0, "MEDIANRENT": 364, "UNITS_1DET": 302152.0, "UNITS_1ATT": 15739.0, "UNITS2": 13717.0, "UNITS3_9": 57706.0, "UNITS10_49": 70369.0, "UNITS50_UP": 14527.0, "MOBILEHOME": 13196.0, "NO_FARMS87": 1117.0, "AVG_SIZE87": 177.0, "CROP_ACR87": 70996.0, "AVG_SALE87": 20615.0, "Shape_Leng": 1.89905844036325, "Shape_Area": 0.224171534464569, "Datacenter": 2, "GDP_Change": 3.5, "HP_Change": -3.2, "Talent-Bachelor": 219, "Talent-Master": 192, "Talent-Doctor": 82, "NetADD": -214, "NewDatacenter2023": null, "NewDatacenter2024": 1, "NewDatacenter2025": null, "NewDatacenter2022": 1, "NewDatacenter2021": 1, "1_DC": 2, "1_TT": 0.6575613, "1_TPM": -0.3486636, "1_GDP": 3.388964, "1_TA": 5.256135, "1_WI": -0.4878197, "1_SO": -0.3707, "1_ST": 0.6012104, "1_LP": 2.301965, "1_PF": 4.21209, "1_CP": 3.792138, "1_T": 0.0113753, "1_NR": 1.64296, "1_GW": 0.0461814, "1_SW": 5.858817, "1_RW": 2.227994, "1_EG": -0.3272879, "1_OF": 0.9366619 }, "geometry": { "type": "MultiPolygon", "coordinates": [ [ [ [ -97.031473195086846, 32.557044307762375 ], [ -97.089717902871485, 32.556727894211903 ], [ -97.546191393818958, 32.559775207147368 ], [ -97.540232855974068, 32.998605894258787 ], [ -97.38982312618549, 32.996633897851574 ], [ -97.028331826391536, 32.990525434849587 ], [ -97.031473195086846, 32.557044307762375 ] ] ] ] } },
{ "type": "Feature", "properties": { "fid": 79, "OBJECTID": 2471.0, "NAME": "Dallas", "STATE_NAME": "Texas", "STATE_FIPS": "48", "CNTY_FIPS": "113", "FIPS": "48113", "AREA": 898.8573, "POP1990": 1852810.0, "POP1999": 2080570.0, "POP90_SQMI": 2061.0, "HOUSEHOLDS": 701686.0, "MALES": 911686.0, "FEMALES": 941124.0, "WHITE": 1241455.0, "BLACK": 369597.0, "AMERI_ES": 9437.0, "ASIAN_PI": 52238.0, "OTHER": 180083.0, "HISPANIC": 315630.0, "AGE_UNDER5": 156059.0, "AGE_5_17": 339589.0, "AGE_18_29": 408885.0, "AGE_30_49": 588263.0, "AGE_50_64": 207500.0, "AGE_65_UP": 152514.0, "NEVERMARRY": 400278.0, "MARRIED": 744811.0, "SEPARATED": 46201.0, "WIDOWED": 81700.0, "DIVORCED": 157666.0, "HSEHLD_1_M": 87892.0, "HSEHLD_1_F": 107035.0, "MARHH_CHD": 183577.0, "MARHH_NO_C": 163432.0, "MHH_CHILD": 13882.0, "FHH_CHILD": 61757.0, "HSE_UNITS": 795513.0, "VACANT": 93827.0, "OWNER_OCC": 362781.0, "RENTER_OCC": 338905.0, "MEDIAN_VAL": 79200.0, "MEDIANRENT": 389, "UNITS_1DET": 419475.0, "UNITS_1ATT": 30595.0, "UNITS2": 14178.0, "UNITS3_9": 105947.0, "UNITS10_49": 140817.0, "UNITS50_UP": 63109.0, "MOBILEHOME": 12589.0, "NO_FARMS87": 927.0, "AVG_SIZE87": 159.0, "CROP_ACR87": 74202.0, "AVG_SALE87": 16397.0, "Shape_Leng": 1.899851284222239, "Shape_Area": 0.224119199625054, "Datacenter": 155, "GDP_Change": 1.3, "HP_Change": -4.5, "Talent-Bachelor": 4497, "Talent-Master": 3656, "Talent-Doctor": 417, "NetADD": -257, "NewDatacenter2023": 1, "NewDatacenter2024": 3, "NewDatacenter2025": 1, "NewDatacenter2022": 1, "NewDatacenter2021": 1, "1_DC": 155, "1_TT": 13.26492, "1_TPM": -0.418564, "1_GDP": 7.677886, "1_TA": 5.470033, "1_WI": -0.4878197, "1_SO": -0.3707, "1_ST": -0.3565562, "1_LP": 1.056537, "1_PF": 0.069318, "1_CP": -0.1614918, "1_T": -0.0135326, "1_NR": 1.659592, "1_GW": -0.1899665, "1_SW": 7.991435, "1_RW": 3.836424, "1_EG": -0.0206674, "1_OF": 1.273021 }, "geometry": { "type": "MultiPolygon", "coordinates": [ [ [ [ -97.031473195086846, 32.557044307762375 ], [ -97.028331826391536, 32.990525434849587 ], [ -97.029789101867323, 32.995572120405406 ], [ -96.838811349352966, 32.994999107085967 ], [ -96.517791762211914, 32.989294556175956 ], [ -96.519645354732177, 32.822758284503188 ], [ -96.518370949046982, 32.553393391430156 ], [ -96.535827576094903, 32.55255802479239 ], [ -97.031473195086846, 32.557044307762375 ] ] ] ] } },
{ "type": "Feature", "properties": { "fid": 80, "OBJECTID": 2472.0, "NAME": "Rockwall", "STATE_NAME": "Texas", "STATE_FIPS": "48", "CNTY_FIPS": "397", "FIPS": "48397", "AREA": 148.2809, "POP1990": 25604.0, "POP1999": 38653.0, "POP90_SQMI": 173.0, "HOUSEHOLDS": 8838.0, "MALES": 12722.0, "FEMALES": 12882.0, "WHITE": 23991.0, "BLACK": 855.0, "AMERI_ES": 102.0, "ASIAN_PI": 164.0, "OTHER": 492.0, "HISPANIC": 1500.0, "AGE_UNDER5": 1953.0, "AGE_5_17": 5569.0, "AGE_18_29": 3844.0, "AGE_30_49": 8879.0, "AGE_50_64": 3383.0, "AGE_65_UP": 1976.0, "NEVERMARRY": 3444.0, "MARRIED": 13179.0, "SEPARATED": 269.0, "WIDOWED": 933.0, "DIVORCED": 1427.0, "HSEHLD_1_M": 593.0, "HSEHLD_1_F": 767.0, "MARHH_CHD": 3471.0, "MARHH_NO_C": 2896.0, "MHH_CHILD": 135.0, "FHH_CHILD": 420.0, "HSE_UNITS": 9816.0, "VACANT": 978.0, "OWNER_OCC": 6840.0, "RENTER_OCC": 1998.0, "MEDIAN_VAL": 97900.0, "MEDIANRENT": 428, "UNITS_1DET": 7341.0, "UNITS_1ATT": 373.0, "UNITS2": 108.0, "UNITS3_9": 693.0, "UNITS10_49": 255.0, "UNITS50_UP": 52.0, "MOBILEHOME": 936.0, "NO_FARMS87": 181.0, "AVG_SIZE87": 227.0, "CROP_ACR87": 21064.0, "AVG_SALE87": 11161.0, "Shape_Leng": 0.77986018297803195, "Shape_Area": 0.037016015436892001, "Datacenter": 18, "GDP_Change": 8.8, "HP_Change": -3.0, "Talent-Bachelor": null, "Talent-Master": null, "Talent-Doctor": null, "NetADD": 950, "NewDatacenter2023": null, "NewDatacenter2024": null, "NewDatacenter2025": null, "NewDatacenter2022": null, "NewDatacenter2021": null, "1_DC": 18, "1_TT": -0.1119605, "1_TPM": 1.543524, "1_GDP": -0.0628299, "1_TA": 2.806094, "1_WI": -0.4878197, "1_SO": -0.3707, "1_ST": -0.3565562, "1_LP": 1.056537, "1_PF": 0.069318, "1_CP": -0.1614918, "1_T": -0.2127959, "1_NR": 0.7147273, "1_GW": -0.2318726, "1_SW": 0.1465317, "1_RW": -0.1722456, "1_EG": -0.5380116, "1_OF": 0.7022302 }, "geometry": { "type": "MultiPolygon", "coordinates": [ [ [ [ -96.293813976359615, 32.851630210449386 ], [ -96.294500598137176, 32.825222063212379 ], [ -96.519645354732177, 32.822758284503188 ], [ -96.517791762211914, 32.989294556175956 ], [ -96.290266422835714, 32.985768941802071 ], [ -96.293813976359615, 32.851630210449386 ] ] ] ] } },
{ "type": "Feature", "properties": { "fid": 81, "OBJECTID": 2474.0, "NAME": "Rains", "STATE_NAME": "Texas", "STATE_FIPS": "48", "CNTY_FIPS": "379", "FIPS": "48379", "AREA": 261.9643, "POP1990": 6715.0, "POP1999": 8961.0, "POP90_SQMI": 26.0, "HOUSEHOLDS": 2609.0, "MALES": 3300.0, "FEMALES": 3415.0, "WHITE": 6310.0, "BLACK": 286.0, "AMERI_ES": 29.0, "ASIAN_PI": 8.0, "OTHER": 82.0, "HISPANIC": 158.0, "AGE_UNDER5": 394.0, "AGE_5_17": 1290.0, "AGE_18_29": 905.0, "AGE_30_49": 1760.0, "AGE_50_64": 1152.0, "AGE_65_UP": 1214.0, "NEVERMARRY": 746.0, "MARRIED": 3521.0, "SEPARATED": 99.0, "WIDOWED": 506.0, "DIVORCED": 437.0, "HSEHLD_1_M": 238.0, "HSEHLD_1_F": 381.0, "MARHH_CHD": 727.0, "MARHH_NO_C": 961.0, "MHH_CHILD": 38.0, "FHH_CHILD": 119.0, "HSE_UNITS": 3533.0, "VACANT": 924.0, "OWNER_OCC": 2129.0, "RENTER_OCC": 480.0, "MEDIAN_VAL": 42500.0, "MEDIANRENT": 203, "UNITS_1DET": 2634.0, "UNITS_1ATT": 15.0, "UNITS2": 8.0, "UNITS3_9": 41.0, "UNITS10_49": 21.0, "UNITS50_UP": 0.0, "MOBILEHOME": 781.0, "NO_FARMS87": 454.0, "AVG_SIZE87": 213.0, "CROP_ACR87": 43912.0, "AVG_SALE87": 24295.0, "Shape_Leng": 1.0542064905624391, "Shape_Area": 0.065362616650725, "Datacenter": null, "GDP_Change": 5.7, "HP_Change": null, "Talent-Bachelor": null, "Talent-Master": null, "Talent-Doctor": null, "NetADD": null, "NewDatacenter2023": null, "NewDatacenter2024": null, "NewDatacenter2025": null, "NewDatacenter2022": null, "NewDatacenter2021": null, "1_DC": 0, "1_TT": -0.1119605, "1_TPM": -0.0007872, "1_GDP": -0.2154277, "1_TA": 0.2810567, "1_WI": -0.4878197, "1_SO": -0.3707, "1_ST": -0.3565562, "1_LP": 1.056537, "1_PF": 0.069318, "1_CP": -0.1614918, "1_T": -0.4120591, "1_NR": -1.136541, "1_GW": -0.2267397, "1_SW": -0.1950939, "1_RW": -0.1722456, "1_EG": -0.5380116, "1_OF": -0.242292 }, "geometry": { "type": "MultiPolygon", "coordinates": [ [ [ [ -95.62776282640084, 32.720881418017889 ], [ -95.664819889445653, 32.721842369069968 ], [ -95.71396209741556, 32.751515088071613 ], [ -95.760273750612726, 32.763275103808994 ], [ -95.781193866643946, 32.780463539154752 ], [ -95.857710624811659, 32.77917444088645 ], [ -95.912979108798368, 32.808519999368301 ], [ -95.940842359889757, 32.850987580129747 ], [ -95.967599360457939, 32.872898512771755 ], [ -95.972467120666693, 32.895400625629151 ], [ -95.937188079039572, 32.986186998496741 ], [ -95.864897378132468, 32.986777897036227 ], [ -95.663535761134312, 32.9847715148248 ], [ -95.661109667400581, 32.969185273173885 ], [ -95.62776282640084, 32.720881418017889 ] ] ] ] } },
{ "type": "Feature", "properties": { "fid": 82, "OBJECTID": 2476.0, "NAME": "Shackelford", "STATE_NAME": "Texas", "STATE_FIPS": "48", "CNTY_FIPS": "417", "FIPS": "48417", "AREA": 902.4053, "POP1990": 3316.0, "POP1999": 3322.0, "POP90_SQMI": 4.0, "HOUSEHOLDS": 1336.0, "MALES": 1613.0, "FEMALES": 1703.0, "WHITE": 3125.0, "BLACK": 12.0, "AMERI_ES": 9.0, "ASIAN_PI": 2.0, "OTHER": 168.0, "HISPANIC": 272.0, "AGE_UNDER5": 208.0, "AGE_5_17": 680.0, "AGE_18_29": 410.0, "AGE_30_49": 841.0, "AGE_50_64": 497.0, "AGE_65_UP": 680.0, "NEVERMARRY": 373.0, "MARRIED": 1641.0, "SEPARATED": 47.0, "WIDOWED": 318.0, "DIVORCED": 204.0, "HSEHLD_1_M": 149.0, "HSEHLD_1_F": 246.0, "MARHH_CHD": 351.0, "MARHH_NO_C": 440.0, "MHH_CHILD": 19.0, "FHH_CHILD": 60.0, "HSE_UNITS": 1755.0, "VACANT": 419.0, "OWNER_OCC": 1008.0, "RENTER_OCC": 328.0, "MEDIAN_VAL": 32800.0, "MEDIANRENT": 177, "UNITS_1DET": 1413.0, "UNITS_1ATT": 14.0, "UNITS2": 12.0, "UNITS3_9": 40.0, "UNITS10_49": 17.0, "UNITS50_UP": 0.0, "MOBILEHOME": 247.0, "NO_FARMS87": 251.0, "AVG_SIZE87": 2193.0, "CROP_ACR87": 59687.0, "AVG_SALE87": 34741.0, "Shape_Leng": 1.900489557777379, "Shape_Area": 0.22490972994866201, "Datacenter": 1, "GDP_Change": -15.1, "HP_Change": null, "Talent-Bachelor": null, "Talent-Master": null, "Talent-Doctor": null, "NetADD": null, "NewDatacenter2023": null, "NewDatacenter2024": null, "NewDatacenter2025": 1, "NewDatacenter2022": null, "NewDatacenter2021": null, "1_DC": 1, "1_TT": -0.1119605, "1_TPM": -0.0007872, "1_GDP": -0.2162975, "1_TA": -0.8238847, "1_WI": 0.4454328, "1_SO": -0.3707, "1_ST": -0.3565562, "1_LP": -0.6427345, "1_PF": 0.069318, "1_CP": -0.1614918, "1_T": -0.2127959, "1_NR": -1.550244, "1_GW": -0.2473445, "1_SW": -0.2067101, "1_RW": -0.1722456, "1_EG": -0.2793395, "1_OF": -1.197007 }, "geometry": { "type": "MultiPolygon", "coordinates": [ [ [ [ -99.098852721014055, 32.523040542203418 ], [ -99.114081395661401, 32.522704768335359 ], [ -99.616521424121743, 32.518682329021139 ], [ -99.605635105643103, 32.959765896843528 ], [ -99.465662036090066, 32.961017232624151 ], [ -99.096122978437734, 32.955049171633569 ], [ -99.098852721014055, 32.523040542203418 ] ] ] ] } },
{ "type": "Feature", "properties": { "fid": 83, "OBJECTID": 2477.0, "NAME": "Jones", "STATE_NAME": "Texas", "STATE_FIPS": "48", "CNTY_FIPS": "253", "FIPS": "48253", "AREA": 945.2872, "POP1990": 16490.0, "POP1999": 18757.0, "POP90_SQMI": 17.0, "HOUSEHOLDS": 6180.0, "MALES": 7889.0, "FEMALES": 8601.0, "WHITE": 13786.0, "BLACK": 666.0, "AMERI_ES": 47.0, "ASIAN_PI": 31.0, "OTHER": 1960.0, "HISPANIC": 2786.0, "AGE_UNDER5": 1107.0, "AGE_5_17": 3444.0, "AGE_18_29": 2256.0, "AGE_30_49": 4118.0, "AGE_50_64": 2450.0, "AGE_65_UP": 3115.0, "NEVERMARRY": 2118.0, "MARRIED": 8132.0, "SEPARATED": 258.0, "WIDOWED": 1368.0, "DIVORCED": 847.0, "HSEHLD_1_M": 508.0, "HSEHLD_1_F": 1002.0, "MARHH_CHD": 1848.0, "MARHH_NO_C": 2067.0, "MHH_CHILD": 98.0, "FHH_CHILD": 321.0, "HSE_UNITS": 7639.0, "VACANT": 1459.0, "OWNER_OCC": 4828.0, "RENTER_OCC": 1352.0, "MEDIAN_VAL": 29600.0, "MEDIANRENT": 176, "UNITS_1DET": 6240.0, "UNITS_1ATT": 30.0, "UNITS2": 234.0, "UNITS3_9": 93.0, "UNITS10_49": 36.0, "UNITS50_UP": 0.0, "MOBILEHOME": 946.0, "NO_FARMS87": 896.0, "AVG_SIZE87": 545.0, "CROP_ACR87": 306133.0, "AVG_SALE87": 41294.0, "Shape_Leng": 1.96135241525719, "Shape_Area": 0.23561430640153899, "Datacenter": 2, "GDP_Change": -2.6, "HP_Change": null, "Talent-Bachelor": null, "Talent-Master": null, "Talent-Doctor": null, "NetADD": null, "NewDatacenter2023": null, "NewDatacenter2024": null, "NewDatacenter2025": null, "NewDatacenter2022": null, "NewDatacenter2021": null, "1_DC": 2, "1_TT": -0.1119605, "1_TPM": -0.0007872, "1_GDP": -0.2102534, "1_TA": 0.3472491, "1_WI": -0.4878197, "1_SO": 0.3280592, "1_ST": -0.3565562, "1_LP": -0.8116061, "1_PF": 0.069318, "1_CP": -0.1614918, "1_T": -0.3373354, "1_NR": -0.3569503, "1_GW": -0.2183439, "1_SW": -0.184429, "1_RW": -0.1722456, "1_EG": -0.4181288, "1_OF": -0.5922408 }, "geometry": { "type": "MultiPolygon", "coordinates": [ [ [ [ -99.626851874092836, 32.518716605883753 ], [ -99.629003431346632, 32.524190525894284 ], [ -100.151523757018822, 32.520592417526437 ], [ -100.149084725450678, 32.958524152543852 ], [ -99.988893933343775, 32.95907944425155 ], [ -99.605635105643103, 32.959765896843528 ], [ -99.616521424121743, 32.518682329021139 ], [ -99.626851874092836, 32.518716605883753 ] ] ] ] } },
{ "type": "Feature", "properties": { "fid": 84, "OBJECTID": 2478.0, "NAME": "Fisher", "STATE_NAME": "Texas", "STATE_FIPS": "48", "CNTY_FIPS": "151", "FIPS": "48151", "AREA": 895.2175, "POP1990": 4842.0, "POP1999": 4180.0, "POP90_SQMI": 5.0, "HOUSEHOLDS": 1892.0, "MALES": 2340.0, "FEMALES": 2502.0, "WHITE": 4445.0, "BLACK": 190.0, "AMERI_ES": 19.0, "ASIAN_PI": 0.0, "OTHER": 188.0, "HISPANIC": 997.0, "AGE_UNDER5": 292.0, "AGE_5_17": 960.0, "AGE_18_29": 575.0, "AGE_30_49": 1171.0, "AGE_50_64": 806.0, "AGE_65_UP": 1038.0, "NEVERMARRY": 600.0, "MARRIED": 2507.0, "SEPARATED": 60.0, "WIDOWED": 443.0, "DIVORCED": 196.0, "HSEHLD_1_M": 168.0, "HSEHLD_1_F": 321.0, "MARHH_CHD": 525.0, "MARHH_NO_C": 676.0, "MHH_CHILD": 28.0, "FHH_CHILD": 76.0, "HSE_UNITS": 2413.0, "VACANT": 521.0, "OWNER_OCC": 1445.0, "RENTER_OCC": 447.0, "MEDIAN_VAL": 26500.0, "MEDIANRENT": 137, "UNITS_1DET": 2049.0, "UNITS_1ATT": 12.0, "UNITS2": 117.0, "UNITS3_9": 20.0, "UNITS10_49": 1.0, "UNITS50_UP": 0.0, "MOBILEHOME": 193.0, "NO_FARMS87": 629.0, "AVG_SIZE87": 801.0, "CROP_ACR87": 235918.0, "AVG_SALE87": 47382.0, "Shape_Leng": 1.895479417621623, "Shape_Area": 0.22312635021667801, "Datacenter": null, "GDP_Change": -10.9, "HP_Change": 10.0, "Talent-Bachelor": null, "Talent-Master": null, "Talent-Doctor": null, "NetADD": null, "NewDatacenter2023": null, "NewDatacenter2024": null, "NewDatacenter2025": null, "NewDatacenter2022": null, "NewDatacenter2021": null, "1_DC": 0, "1_TT": -0.1119605, "1_TPM": -0.0007872, "1_GDP": -0.2138453, "1_TA": -0.4218951, "1_WI": 0.6044506, "1_SO": -0.3707, "1_ST": -0.3565562, "1_LP": -0.8116061, "1_PF": 0.069318, "1_CP": -0.1614918, "1_T": -0.3124275, "1_NR": -1.533613, "1_GW": -0.2333391, "1_SW": -0.2127351, "1_RW": -0.1722456, "1_EG": -0.1852769, "1_OF": -1.091682 }, "geometry": { "type": "MultiPolygon", "coordinates": [ [ [ [ -100.151523757018822, 32.520592417526437 ], [ -100.663718533702649, 32.521939225567003 ], [ -100.65916789369669, 32.957174763764087 ], [ -100.523040757295348, 32.957422909682343 ], [ -100.149084725450678, 32.958524152543852 ], [ -100.151523757018822, 32.520592417526437 ] ] ] ] } },
{ "type": "Feature", "properties": { "fid": 85, "OBJECTID": 2479.0, "NAME": "Scurry", "STATE_NAME": "Texas", "STATE_FIPS": "48", "CNTY_FIPS": "415", "FIPS": "48415", "AREA": 894.1868, "POP1990": 18634.0, "POP1999": 17988.0, "POP90_SQMI": 21.0, "HOUSEHOLDS": 6368.0, "MALES": 9513.0, "FEMALES": 9121.0, "WHITE": 14113.0, "BLACK": 879.0, "AMERI_ES": 62.0, "ASIAN_PI": 35.0, "OTHER": 3545.0, "HISPANIC": 4454.0, "AGE_UNDER5": 1345.0, "AGE_5_17": 3970.0, "AGE_18_29": 3145.0, "AGE_30_49": 5159.0, "AGE_50_64": 2541.0, "AGE_65_UP": 2474.0, "NEVERMARRY": 2664.0, "MARRIED": 9118.0, "SEPARATED": 214.0, "WIDOWED": 1112.0, "DIVORCED": 1024.0, "HSEHLD_1_M": 522.0, "HSEHLD_1_F": 873.0, "MARHH_CHD": 2166.0, "MARHH_NO_C": 2034.0, "MHH_CHILD": 97.0, "FHH_CHILD": 354.0, "HSE_UNITS": 7702.0, "VACANT": 1334.0, "OWNER_OCC": 4666.0, "RENTER_OCC": 1702.0, "MEDIAN_VAL": 38100.0, "MEDIANRENT": 230, "UNITS_1DET": 5985.0, "UNITS_1ATT": 80.0, "UNITS2": 155.0, "UNITS3_9": 320.0, "UNITS10_49": 264.0, "UNITS50_UP": 0.0, "MOBILEHOME": 827.0, "NO_FARMS87": 573.0, "AVG_SIZE87": 883.0, "CROP_ACR87": 207143.0, "AVG_SALE87": 38569.0, "Shape_Leng": 1.894057273490968, "Shape_Area": 0.222868475896323, "Datacenter": 1, "GDP_Change": 8.7, "HP_Change": null, "Talent-Bachelor": null, "Talent-Master": null, "Talent-Doctor": null, "NetADD": null, "NewDatacenter2023": null, "NewDatacenter2024": null, "NewDatacenter2025": null, "NewDatacenter2022": null, "NewDatacenter2021": null, "1_DC": 1, "1_TT": -0.1119605, "1_TPM": -0.0007872, "1_GDP": -0.1780975, "1_TA": -0.1684155, "1_WI": 5.004814, "1_SO": 0.7508085, "1_ST": 2.103589, "1_LP": -0.8116061, "1_PF": 0.069318, "1_CP": -0.1614918, "1_T": -0.3373354, "1_NR": -0.616814, "1_GW": -0.2274363, "1_SW": -0.1931078, "1_RW": 0.0434652, "1_EG": 0.9434741, "1_OF": -1.190212 }, "geometry": { "type": "MultiPolygon", "coordinates": [ [ [ [ -100.663718533702649, 32.521939225567003 ], [ -101.178668574307324, 32.523222338608427 ], [ -101.17358572382409, 32.952589280825734 ], [ -101.041861071401001, 32.955232798178265 ], [ -100.65916789369669, 32.957174763764087 ], [ -100.663718533702649, 32.521939225567003 ] ] ] ] } },
{ "type": "Feature", "properties": { "fid": 86, "OBJECTID": 2480.0, "NAME": "Borden", "STATE_NAME": "Texas", "STATE_FIPS": "48", "CNTY_FIPS": "033", "FIPS": "48033", "AREA": 887.9326, "POP1990": 799.0, "POP1999": 755.0, "POP90_SQMI": 1.0, "HOUSEHOLDS": 294.0, "MALES": 410.0, "FEMALES": 389.0, "WHITE": 769.0, "BLACK": 2.0, "AMERI_ES": 10.0, "ASIAN_PI": 0.0, "OTHER": 18.0, "HISPANIC": 120.0, "AGE_UNDER5": 57.0, "AGE_5_17": 167.0, "AGE_18_29": 99.0, "AGE_30_49": 218.0, "AGE_50_64": 145.0, "AGE_65_UP": 113.0, "NEVERMARRY": 86.0, "MARRIED": 456.0, "SEPARATED": 5.0, "WIDOWED": 32.0, "DIVORCED": 29.0, "HSEHLD_1_M": 23.0, "HSEHLD_1_F": 26.0, "MARHH_CHD": 91.0, "MARHH_NO_C": 127.0, "MHH_CHILD": 6.0, "FHH_CHILD": 11.0, "HSE_UNITS": 478.0, "VACANT": 184.0, "OWNER_OCC": 203.0, "RENTER_OCC": 91.0, "MEDIAN_VAL": 22800.0, "MEDIANRENT": 125, "UNITS_1DET": 392.0, "UNITS_1ATT": 0.0, "UNITS2": 0.0, "UNITS3_9": 0.0, "UNITS10_49": 0.0, "UNITS50_UP": 0.0, "MOBILEHOME": 85.0, "NO_FARMS87": 128.0, "AVG_SIZE87": 4640.0, "CROP_ACR87": 63198.0, "AVG_SALE87": 141666.0, "Shape_Leng": 1.8866424725019211, "Shape_Area": 0.22130749168010799, "Datacenter": null, "GDP_Change": 22.3, "HP_Change": null, "Talent-Bachelor": null, "Talent-Master": null, "Talent-Doctor": null, "NetADD": null, "NewDatacenter2023": null, "NewDatacenter2024": null, "NewDatacenter2025": null, "NewDatacenter2022": null, "NewDatacenter2021": null, "1_DC": 0, "1_TT": -0.1119605, "1_TPM": -0.0007872, "1_GDP": -0.2006022, "1_TA": -0.8344226, "1_WI": 1.602874, "1_SO": 1.487999, "1_ST": 1.089483, "1_LP": -1.054359, "1_PF": 2.140704, "1_CP": -0.1614918, "1_T": -0.4618749, "1_NR": -1.410957, "1_GW": -0.242175, "1_SW": -0.220112, "1_RW": -0.1722456, "1_EG": 0.2380047, "1_OF": 0.6003033 }, "geometry": { "type": "MultiPolygon", "coordinates": [ [ [ [ -101.178668574307324, 32.523222338608427 ], [ -101.690370182556705, 32.522674679098827 ], [ -101.686489647216092, 32.955269050412042 ], [ -101.560759754626645, 32.956601338519071 ], [ -101.17358572382409, 32.952589280825734 ], [ -101.178668574307324, 32.523222338608427 ] ] ] ] } },
{ "type": "Feature", "properties": { "fid": 87, "OBJECTID": 2481.0, "NAME": "Dawson", "STATE_NAME": "Texas", "STATE_FIPS": "48", "CNTY_FIPS": "115", "FIPS": "48115", "AREA": 890.1424, "POP1990": 14349.0, "POP1999": 14566.0, "POP90_SQMI": 16.0, "HOUSEHOLDS": 5084.0, "MALES": 6949.0, "FEMALES": 7400.0, "WHITE": 9789.0, "BLACK": 622.0, "AMERI_ES": 23.0, "ASIAN_PI": 19.0, "OTHER": 3896.0, "HISPANIC": 6120.0, "AGE_UNDER5": 1146.0, "AGE_5_17": 3396.0, "AGE_18_29": 2106.0, "AGE_30_49": 3462.0, "AGE_50_64": 2012.0, "AGE_65_UP": 2227.0, "NEVERMARRY": 1903.0, "MARRIED": 6794.0, "SEPARATED": 222.0, "WIDOWED": 995.0, "DIVORCED": 640.0, "HSEHLD_1_M": 431.0, "HSEHLD_1_F": 772.0, "MARHH_CHD": 1667.0, "MARHH_NO_C": 1586.0, "MHH_CHILD": 86.0, "FHH_CHILD": 295.0, "HSE_UNITS": 5969.0, "VACANT": 885.0, "OWNER_OCC": 3732.0, "RENTER_OCC": 1352.0, "MEDIAN_VAL": 34200.0, "MEDIANRENT": 207, "UNITS_1DET": 4938.0, "UNITS_1ATT": 60.0, "UNITS2": 175.0, "UNITS3_9": 174.0, "UNITS10_49": 75.0, "UNITS50_UP": 53.0, "MOBILEHOME": 425.0, "NO_FARMS87": 527.0, "AVG_SIZE87": 1129.0, "CROP_ACR87": 450276.0, "AVG_SALE87": 80537.0, "Shape_Leng": 1.889273203995641, "Shape_Area": 0.22185703690299499, "Datacenter": null, "GDP_Change": 33.2, "HP_Change": null, "Talent-Bachelor": null, "Talent-Master": null, "Talent-Doctor": null, "NetADD": null, "NewDatacenter2023": null, "NewDatacenter2024": null, "NewDatacenter2025": null, "NewDatacenter2022": null, "NewDatacenter2021": null, "1_DC": 0, "1_TT": -0.1119605, "1_TPM": -0.0007872, "1_GDP": -0.1914922, "1_TA": -0.056784, "1_WI": 0.0622257, "1_SO": 0.160357, "1_ST": 0.6106002, "1_LP": -1.054359, "1_PF": 0.069318, "1_CP": -0.1614918, "1_T": -0.7856776, "1_NR": -0.330964, "1_GW": -0.2132843, "1_SW": -0.1972302, "1_RW": -0.1683284, "1_EG": -0.3478876, "1_OF": 1.867594 }, "geometry": { "type": "MultiPolygon", "coordinates": [ [ [ [ -101.690370182556705, 32.522674679098827 ], [ -102.205934296216697, 32.522467784379891 ], [ -102.195567141294191, 32.954348025605405 ], [ -102.071483665065387, 32.956210344160922 ], [ -101.686489647216092, 32.955269050412042 ], [ -101.690370182556705, 32.522674679098827 ] ] ] ] } },
{ "type": "Feature", "properties": { "fid": 88, "OBJECTID": 2482.0, "NAME": "Stephens", "STATE_NAME": "Texas", "STATE_FIPS": "48", "CNTY_FIPS": "429", "FIPS": "48429", "AREA": 913.4598, "POP1990": 9010.0, "POP1999": 9805.0, "POP90_SQMI": 10.0, "HOUSEHOLDS": 3556.0, "MALES": 4317.0, "FEMALES": 4693.0, "WHITE": 8187.0, "BLACK": 252.0, "AMERI_ES": 30.0, "ASIAN_PI": 28.0, "OTHER": 513.0, "HISPANIC": 767.0, "AGE_UNDER5": 616.0, "AGE_5_17": 1844.0, "AGE_18_29": 1173.0, "AGE_30_49": 2280.0, "AGE_50_64": 1365.0, "AGE_65_UP": 1732.0, "NEVERMARRY": 1005.0, "MARRIED": 4391.0, "SEPARATED": 130.0, "WIDOWED": 828.0, "DIVORCED": 575.0, "HSEHLD_1_M": 338.0, "HSEHLD_1_F": 650.0, "MARHH_CHD": 1015.0, "MARHH_NO_C": 1122.0, "MHH_CHILD": 33.0, "FHH_CHILD": 215.0, "HSE_UNITS": 4982.0, "VACANT": 1426.0, "OWNER_OCC": 2660.0, "RENTER_OCC": 896.0, "MEDIAN_VAL": 35900.0, "MEDIANRENT": 199, "UNITS_1DET": 3609.0, "UNITS_1ATT": 43.0, "UNITS2": 101.0, "UNITS3_9": 106.0, "UNITS10_49": 244.0, "UNITS50_UP": 0.0, "MOBILEHOME": 847.0, "NO_FARMS87": 419.0, "AVG_SIZE87": 1131.0, "CROP_ACR87": 50467.0, "AVG_SALE87": 21144.0, "Shape_Leng": 1.9159842282545021, "Shape_Area": 0.227675758189609, "Datacenter": null, "GDP_Change": 1.2, "HP_Change": null, "Talent-Bachelor": null, "Talent-Master": null, "Talent-Doctor": null, "NetADD": null, "NewDatacenter2023": null, "NewDatacenter2024": null, "NewDatacenter2025": null, "NewDatacenter2022": null, "NewDatacenter2021": null, "1_DC": 0, "1_TT": -0.1119605, "1_TPM": -0.0007872, "1_GDP": -0.2124954, "1_TA": -0.4412785, "1_WI": -0.4878197, "1_SO": -0.3707, "1_ST": -0.3565562, "1_LP": -0.6427345, "1_PF": 0.069318, "1_CP": -0.1614918, "1_T": -0.187888, "1_NR": -1.295578, "1_GW": -0.2458413, "1_SW": -0.1944597, "1_RW": -0.1722456, "1_EG": -0.5053013, "1_OF": -1.448426 }, "geometry": { "type": "MultiPolygon", "coordinates": [ [ [ [ -98.575239085256101, 32.520862308211377 ], [ -99.098852721014055, 32.523040542203418 ], [ -99.096122978437734, 32.955049171633569 ], [ -98.952861590873681, 32.956100328604066 ], [ -98.566931677363073, 32.95191320105193 ], [ -98.575239085256101, 32.520862308211377 ] ] ] ] } },
{ "type": "Feature", "properties": { "fid": 89, "OBJECTID": 2483.0, "NAME": "Gaines", "STATE_NAME": "Texas", "STATE_FIPS": "48", "CNTY_FIPS": "165", "FIPS": "48165", "AREA": 1485.7907, "POP1990": 14123.0, "POP1999": 15163.0, "POP90_SQMI": 10.0, "HOUSEHOLDS": 4502.0, "MALES": 7066.0, "FEMALES": 7057.0, "WHITE": 10378.0, "BLACK": 334.0, "AMERI_ES": 38.0, "ASIAN_PI": 15.0, "OTHER": 3358.0, "HISPANIC": 4608.0, "AGE_UNDER5": 1412.0, "AGE_5_17": 3729.0, "AGE_18_29": 2407.0, "AGE_30_49": 3538.0, "AGE_50_64": 1742.0, "AGE_65_UP": 1295.0, "NEVERMARRY": 1823.0, "MARRIED": 6598.0, "SEPARATED": 161.0, "WIDOWED": 611.0, "DIVORCED": 542.0, "HSEHLD_1_M": 346.0, "HSEHLD_1_F": 481.0, "MARHH_CHD": 1921.0, "MARHH_NO_C": 1261.0, "MHH_CHILD": 77.0, "FHH_CHILD": 224.0, "HSE_UNITS": 5221.0, "VACANT": 719.0, "OWNER_OCC": 3248.0, "RENTER_OCC": 1254.0, "MEDIAN_VAL": 39800.0, "MEDIANRENT": 216, "UNITS_1DET": 3755.0, "UNITS_1ATT": 47.0, "UNITS2": 148.0, "UNITS3_9": 139.0, "UNITS10_49": 23.0, "UNITS50_UP": 0.0, "MOBILEHOME": 1065.0, "NO_FARMS87": 627.0, "AVG_SIZE87": 1076.0, "CROP_ACR87": 526274.0, "AVG_SALE87": 133512.0, "Shape_Leng": 2.5781136977740422, "Shape_Area": 0.37055522527774798, "Datacenter": null, "GDP_Change": -4.7, "HP_Change": null, "Talent-Bachelor": null, "Talent-Master": null, "Talent-Doctor": null, "NetADD": null, "NewDatacenter2023": null, "NewDatacenter2024": null, "NewDatacenter2025": null, "NewDatacenter2022": null, "NewDatacenter2021": null, "1_DC": 0, "1_TT": -0.1119605, "1_TPM": -0.0007872, "1_GDP": -0.175231, "1_TA": -0.7318755, "1_WI": -0.4878197, "1_SO": -0.3707, "1_ST": -0.3565562, "1_LP": -1.012141, "1_PF": 0.069318, "1_CP": -0.1614918, "1_T": -0.9600329, "1_NR": 0.2864721, "1_GW": -0.1001416, "1_SW": -0.220112, "1_RW": -0.1722456, "1_EG": -0.5380116, "1_OF": 0.1722105 }, "geometry": { "type": "MultiPolygon", "coordinates": [ [ [ [ -103.060018185603951, 32.515545517128295 ], [ -103.0493308635007, 32.953638913247033 ], [ -102.588698409337951, 32.952029836586171 ], [ -102.195567141294191, 32.954348025605405 ], [ -102.205934296216697, 32.522467784379891 ], [ -103.060018185603951, 32.515545517128295 ] ] ] ] } },
{ "type": "Feature", "properties": { "fid": 90, "OBJECTID": 2489.0, "NAME": "Upshur", "STATE_NAME": "Texas", "STATE_FIPS": "48", "CNTY_FIPS": "459", "FIPS": "48459", "AREA": 601.3021, "POP1990": 31370.0, "POP1999": 36388.0, "POP90_SQMI": 52.0, "HOUSEHOLDS": 11360.0, "MALES": 15229.0, "FEMALES": 16141.0, "WHITE": 27076.0, "BLACK": 3881.0, "AMERI_ES": 121.0, "ASIAN_PI": 29.0, "OTHER": 263.0, "HISPANIC": 641.0, "AGE_UNDER5": 2242.0, "AGE_5_17": 6424.0, "AGE_18_29": 5006.0, "AGE_30_49": 8527.0, "AGE_50_64": 4590.0, "AGE_65_UP": 4581.0, "NEVERMARRY": 4407.0, "MARRIED": 15284.0, "SEPARATED": 472.0, "WIDOWED": 2153.0, "DIVORCED": 1746.0, "HSEHLD_1_M": 840.0, "HSEHLD_1_F": 1560.0, "MARHH_CHD": 3561.0, "MARHH_NO_C": 3803.0, "MHH_CHILD": 178.0, "FHH_CHILD": 669.0, "HSE_UNITS": 12887.0, "VACANT": 1527.0, "OWNER_OCC": 9134.0, "RENTER_OCC": 2226.0, "MEDIAN_VAL": 42100.0, "MEDIANRENT": 209, "UNITS_1DET": 9269.0, "UNITS_1ATT": 101.0, "UNITS2": 313.0, "UNITS3_9": 223.0, "UNITS10_49": 109.0, "UNITS50_UP": 0.0, "MOBILEHOME": 2745.0, "NO_FARMS87": 1038.0, "AVG_SIZE87": 164.0, "CROP_ACR87": 69194.0, "AVG_SALE87": 28222.0, "Shape_Leng": 1.5618895980007681, "Shape_Area": 0.149786752794693, "Datacenter": null, "GDP_Change": 0.1, "HP_Change": null, "Talent-Bachelor": null, "Talent-Master": null, "Talent-Doctor": null, "NetADD": null, "NewDatacenter2023": null, "NewDatacenter2024": null, "NewDatacenter2025": null, "NewDatacenter2022": null, "NewDatacenter2021": null, "1_DC": 0, "1_TT": -0.1119605, "1_TPM": -0.0007872, "1_GDP": -0.1990402, "1_TA": 0.7816871, "1_WI": -0.4878197, "1_SO": -0.3602186, "1_ST": -0.3565562, "1_LP": -0.167783, "1_PF": 0.069318, "1_CP": -0.1614918, "1_T": -0.3124275, "1_NR": 0.5899928, "1_GW": -0.0488497, "1_SW": -0.2077949, "1_RW": -0.1722456, "1_EG": -0.5370474, "1_OF": 0.7701814 }, "geometry": { "type": "MultiPolygon", "coordinates": [ [ [ [ -95.154504911981121, 32.57081238190144 ], [ -95.149327785729952, 32.91438301833243 ], [ -94.731416126962586, 32.91224393328028 ], [ -94.703178880934956, 32.88448964234118 ], [ -94.694923973251889, 32.828019208879446 ], [ -94.706071042440897, 32.81668228329324 ], [ -94.704743633126441, 32.795641271437439 ], [ -94.702455924828882, 32.658253180561871 ], [ -94.720042416915589, 32.656334341023779 ], [ -94.742336333027879, 32.665580600269564 ], [ -94.76792625708481, 32.658096236876489 ], [ -94.828597626375768, 32.589262345706786 ], [ -94.991093585516978, 32.535887642004681 ], [ -95.005841710406855, 32.526503761078452 ], [ -95.02290908661206, 32.549604456674189 ], [ -95.030538792315213, 32.540815731791696 ], [ -95.072929097359577, 32.542211589403401 ], [ -95.087348999638152, 32.555608118999984 ], [ -95.134652866847318, 32.54806650482373 ], [ -95.154504911981121, 32.57081238190144 ] ] ] ] } },
{ "type": "Feature", "properties": { "fid": 91, "OBJECTID": 2492.0, "NAME": "Marion", "STATE_NAME": "Texas", "STATE_FIPS": "48", "CNTY_FIPS": "315", "FIPS": "48315", "AREA": 434.1792, "POP1990": 9984.0, "POP1999": 11102.0, "POP90_SQMI": 23.0, "HOUSEHOLDS": 4048.0, "MALES": 4915.0, "FEMALES": 5069.0, "WHITE": 6792.0, "BLACK": 3100.0, "AMERI_ES": 44.0, "ASIAN_PI": 7.0, "OTHER": 41.0, "HISPANIC": 147.0, "AGE_UNDER5": 638.0, "AGE_5_17": 1833.0, "AGE_18_29": 1276.0, "AGE_30_49": 2449.0, "AGE_50_64": 1827.0, "AGE_65_UP": 1961.0, "NEVERMARRY": 1429.0, "MARRIED": 4633.0, "SEPARATED": 240.0, "WIDOWED": 899.0, "DIVORCED": 751.0, "HSEHLD_1_M": 456.0, "HSEHLD_1_F": 636.0, "MARHH_CHD": 898.0, "MARHH_NO_C": 1313.0, "MHH_CHILD": 70.0, "FHH_CHILD": 311.0, "HSE_UNITS": 5729.0, "VACANT": 1681.0, "OWNER_OCC": 3278.0, "RENTER_OCC": 770.0, "MEDIAN_VAL": 34500.0, "MEDIANRENT": 176, "UNITS_1DET": 3792.0, "UNITS_1ATT": 40.0, "UNITS2": 84.0, "UNITS3_9": 51.0, "UNITS10_49": 22.0, "UNITS50_UP": 0.0, "MOBILEHOME": 1649.0, "NO_FARMS87": 207.0, "AVG_SIZE87": 240.0, "CROP_ACR87": 17639.0, "AVG_SALE87": 14029.0, "Shape_Leng": 1.710482954742621, "Shape_Area": 0.108103437222747, "Datacenter": null, "GDP_Change": 1.8, "HP_Change": null, "Talent-Bachelor": null, "Talent-Master": null, "Talent-Doctor": null, "NetADD": null, "NewDatacenter2023": null, "NewDatacenter2024": null, "NewDatacenter2025": null, "NewDatacenter2022": null, "NewDatacenter2021": null, "1_DC": 0, "1_TT": -0.1119605, "1_TPM": -0.0007872, "1_GDP": -0.2144446, "1_TA": -0.1848425, "1_WI": -0.4878197, "1_SO": -0.3707, "1_ST": -0.3565562, "1_LP": -0.167783, "1_PF": 0.069318, "1_CP": -0.1614918, "1_T": -0.3622433, "1_NR": -0.6438398, "1_GW": -0.2286096, "1_SW": -0.20908, "1_RW": -0.1722456, "1_EG": -0.2558238, "1_OF": -0.6567945 }, "geometry": { "type": "MultiPolygon", "coordinates": [ [ [ [ -94.041785426662841, 32.882485327629325 ], [ -94.040382637704909, 32.694957763074811 ], [ -94.082376094886456, 32.691047642289689 ], [ -94.128077215622, 32.715319341983751 ], [ -94.143633763616094, 32.733915153384253 ], [ -94.171878745698962, 32.721224025034076 ], [ -94.179050897231093, 32.697871365174628 ], [ -94.191593984895803, 32.698054399000597 ], [ -94.227788696184291, 32.710848183115758 ], [ -94.244191791174501, 32.748177190342943 ], [ -94.274405342534294, 32.753353249570878 ], [ -94.296692012266135, 32.732121272166829 ], [ -94.388424513961354, 32.693807154769537 ], [ -94.505860952820569, 32.692703615802131 ], [ -94.704743633126441, 32.795641271437439 ], [ -94.706071042440897, 32.81668228329324 ], [ -94.694923973251889, 32.828019208879446 ], [ -94.703178880934956, 32.88448964234118 ], [ -94.655027931024676, 32.884520682220504 ], [ -94.041785426662841, 32.882485327629325 ] ] ] ] } },
{ "type": "Feature", "properties": { "fid": 92, "OBJECTID": 2497.0, "NAME": "Kaufman", "STATE_NAME": "Texas", "STATE_FIPS": "48", "CNTY_FIPS": "257", "FIPS": "48257", "AREA": 813.7384, "POP1990": 52220.0, "POP1999": 67742.0, "POP90_SQMI": 64.0, "HOUSEHOLDS": 17827.0, "MALES": 25530.0, "FEMALES": 26690.0, "WHITE": 42810.0, "BLACK": 7295.0, "AMERI_ES": 198.0, "ASIAN_PI": 229.0, "OTHER": 1688.0, "HISPANIC": 3340.0, "AGE_UNDER5": 4026.0, "AGE_5_17": 11336.0, "AGE_18_29": 8303.0, "AGE_30_49": 15358.0, "AGE_50_64": 7006.0, "AGE_65_UP": 6191.0, "NEVERMARRY": 7695.0, "MARRIED": 24297.0, "SEPARATED": 1000.0, "WIDOWED": 3198.0, "DIVORCED": 3245.0, "HSEHLD_1_M": 1226.0, "HSEHLD_1_F": 2165.0, "MARHH_CHD": 6270.0, "MARHH_NO_C": 5328.0, "MHH_CHILD": 331.0, "FHH_CHILD": 1267.0, "HSE_UNITS": 20097.0, "VACANT": 2270.0, "OWNER_OCC": 13604.0, "RENTER_OCC": 4223.0, "MEDIAN_VAL": 56600.0, "MEDIANRENT": 282, "UNITS_1DET": 14694.0, "UNITS_1ATT": 184.0, "UNITS2": 314.0, "UNITS3_9": 826.0, "UNITS10_49": 416.0, "UNITS50_UP": 0.0, "MOBILEHOME": 3459.0, "NO_FARMS87": 1704.0, "AVG_SIZE87": 212.0, "CROP_ACR87": 173060.0, "AVG_SALE87": 11073.0, "Shape_Leng": 1.8493207342770701, "Shape_Area": 0.202488725096796, "Datacenter": null, "GDP_Change": 6.6, "HP_Change": null, "Talent-Bachelor": null, "Talent-Master": null, "Talent-Doctor": null, "NetADD": -816, "NewDatacenter2023": null, "NewDatacenter2024": null, "NewDatacenter2025": null, "NewDatacenter2022": null, "NewDatacenter2021": null, "1_DC": 0, "1_TT": -0.1119605, "1_TPM": -1.327269, "1_GDP": -0.0810721, "1_TA": 1.141402, "1_WI": -0.4878197, "1_SO": 0.1463818, "1_ST": 0.1317169, "1_LP": 1.056537, "1_PF": 0.069318, "1_CP": -0.1614918, "1_T": -0.2127959, "1_NR": 0.8924741, "1_GW": -0.1891599, "1_SW": 0.1291909, "1_RW": -0.1529204, "1_EG": -0.298152, "1_OF": 0.7090253 }, "geometry": { "type": "MultiPolygon", "coordinates": [ [ [ [ -96.448970262418356, 32.364320900881843 ], [ -96.440333853467905, 32.411926627612509 ], [ -96.454654945224206, 32.431979784811524 ], [ -96.493574264269228, 32.46145874315431 ], [ -96.503615083045474, 32.480462899187749 ], [ -96.506651826798816, 32.535255181850395 ], [ -96.525489397068611, 32.539935655482438 ], [ -96.535827576094903, 32.55255802479239 ], [ -96.518370949046982, 32.553393391430156 ], [ -96.519645354732177, 32.822758284503188 ], [ -96.294500598137176, 32.825222063212379 ], [ -96.293813976359615, 32.851630210449386 ], [ -96.079312738801605, 32.846723587260612 ], [ -96.072804488836312, 32.360552305752591 ], [ -96.448970262418356, 32.364320900881843 ] ] ] ] } },
{ "type": "Feature", "properties": { "fid": 93, "OBJECTID": 2498.0, "NAME": "Van Zandt", "STATE_NAME": "Texas", "STATE_FIPS": "48", "CNTY_FIPS": "467", "FIPS": "48467", "AREA": 868.3523, "POP1990": 37944.0, "POP1999": 45098.0, "POP90_SQMI": 44.0, "HOUSEHOLDS": 14349.0, "MALES": 18500.0, "FEMALES": 19444.0, "WHITE": 35351.0, "BLACK": 1451.0, "AMERI_ES": 155.0, "ASIAN_PI": 47.0, "OTHER": 940.0, "HISPANIC": 1515.0, "AGE_UNDER5": 2437.0, "AGE_5_17": 7284.0, "AGE_18_29": 5229.0, "AGE_30_49": 9781.0, "AGE_50_64": 6436.0, "AGE_65_UP": 6777.0, "NEVERMARRY": 4442.0, "MARRIED": 19885.0, "SEPARATED": 522.0, "WIDOWED": 2928.0, "DIVORCED": 2136.0, "HSEHLD_1_M": 1006.0, "HSEHLD_1_F": 2108.0, "MARHH_CHD": 4203.0, "MARHH_NO_C": 5332.0, "MHH_CHILD": 203.0, "FHH_CHILD": 731.0, "HSE_UNITS": 17013.0, "VACANT": 2664.0, "OWNER_OCC": 11552.0, "RENTER_OCC": 2797.0, "MEDIAN_VAL": 45600.0, "MEDIANRENT": 239, "UNITS_1DET": 12490.0, "UNITS_1ATT": 136.0, "UNITS2": 287.0, "UNITS3_9": 217.0, "UNITS10_49": 75.0, "UNITS50_UP": 57.0, "MOBILEHOME": 3578.0, "NO_FARMS87": 2395.0, "AVG_SIZE87": 159.0, "CROP_ACR87": 191420.0, "AVG_SALE87": 18404.0, "Shape_Leng": 2.053716664429837, "Shape_Area": 0.216150212917607, "Datacenter": null, "GDP_Change": 3.4, "HP_Change": null, "Talent-Bachelor": null, "Talent-Master": null, "Talent-Doctor": null, "NetADD": null, "NewDatacenter2023": null, "NewDatacenter2024": null, "NewDatacenter2025": null, "NewDatacenter2022": null, "NewDatacenter2021": null, "1_DC": 0, "1_TT": -0.1119605, "1_TPM": -0.0007872, "1_GDP": -0.1831512, "1_TA": 0.8513029, "1_WI": -0.4878197, "1_SO": -0.1610722, "1_ST": -0.3565562, "1_LP": 1.056537, "1_PF": 0.069318, "1_CP": -0.1614918, "1_T": -0.3622433, "1_NR": 0.3238924, "1_GW": -0.0853296, "1_SW": -0.1689742, "1_RW": -0.1722456, "1_EG": -0.5114859, "1_OF": 0.4983765 }, "geometry": { "type": "MultiPolygon", "coordinates": [ [ [ [ -96.072804488836312, 32.360552305752591 ], [ -96.079312738801605, 32.846723587260612 ], [ -95.940842359889757, 32.850987580129747 ], [ -95.912979108798368, 32.808519999368301 ], [ -95.857710624811659, 32.77917444088645 ], [ -95.781193866643946, 32.780463539154752 ], [ -95.760273750612726, 32.763275103808994 ], [ -95.71396209741556, 32.751515088071613 ], [ -95.664819889445653, 32.721842369069968 ], [ -95.62776282640084, 32.720881418017889 ], [ -95.607552049515618, 32.711440682280127 ], [ -95.591217238374895, 32.691204872818169 ], [ -95.588602132853964, 32.483180756683261 ], [ -95.556328877353167, 32.447259641233437 ], [ -95.510169813206744, 32.417159586943718 ], [ -95.487441011124872, 32.386605294268833 ], [ -95.448850082477918, 32.35814912246277 ], [ -96.072804488836312, 32.360552305752591 ] ] ] ] } },
{ "type": "Feature", "properties": { "fid": 94, "OBJECTID": 2501.0, "NAME": "Harrison", "STATE_NAME": "Texas", "STATE_FIPS": "48", "CNTY_FIPS": "203", "FIPS": "48203", "AREA": 927.6106, "POP1990": 57483.0, "POP1999": 60090.0, "POP90_SQMI": 62.0, "HOUSEHOLDS": 20705.0, "MALES": 27626.0, "FEMALES": 29857.0, "WHITE": 40387.0, "BLACK": 16038.0, "AMERI_ES": 192.0, "ASIAN_PI": 144.0, "OTHER": 722.0, "HISPANIC": 1278.0, "AGE_UNDER5": 4096.0, "AGE_5_17": 12459.0, "AGE_18_29": 9535.0, "AGE_30_49": 15839.0, "AGE_50_64": 7769.0, "AGE_65_UP": 7785.0, "NEVERMARRY": 9307.0, "MARRIED": 25491.0, "SEPARATED": 1165.0, "WIDOWED": 4112.0, "DIVORCED": 3620.0, "HSEHLD_1_M": 1870.0, "HSEHLD_1_F": 2882.0, "MARHH_CHD": 6284.0, "MARHH_NO_C": 5891.0, "MHH_CHILD": 337.0, "FHH_CHILD": 1892.0, "HSE_UNITS": 23481.0, "VACANT": 2776.0, "OWNER_OCC": 15590.0, "RENTER_OCC": 5115.0, "MEDIAN_VAL": 46000.0, "MEDIANRENT": 235, "UNITS_1DET": 16862.0, "UNITS_1ATT": 174.0, "UNITS2": 518.0, "UNITS3_9": 905.0, "UNITS10_49": 465.0, "UNITS50_UP": 0.0, "MOBILEHOME": 4313.0, "NO_FARMS87": 1043.0, "AVG_SIZE87": 186.0, "CROP_ACR87": 82048.0, "AVG_SALE87": 9498.0, "Shape_Leng": 2.1543424643160529, "Shape_Area": 0.230663519856421, "Datacenter": null, "GDP_Change": -0.4, "HP_Change": null, "Talent-Bachelor": null, "Talent-Master": null, "Talent-Doctor": null, "NetADD": null, "NewDatacenter2023": null, "NewDatacenter2024": null, "NewDatacenter2025": null, "NewDatacenter2022": null, "NewDatacenter2021": null, "1_DC": 0, "1_TT": -0.1119605, "1_TPM": -0.0007872, "1_GDP": -0.1072674, "1_TA": 0.7000369, "1_WI": -0.4878197, "1_SO": -0.3707, "1_ST": -0.3565562, "1_LP": 0.1066335, "1_PF": 0.069318, "1_CP": -0.1614918, "1_T": -0.2626117, "1_NR": 0.9423679, "1_GW": -0.1084275, "1_SW": -0.1300867, "1_RW": -0.1722456, "1_EG": 0.6377707, "1_OF": -0.7994921 }, "geometry": { "type": "MultiPolygon", "coordinates": [ [ [ [ -94.040382637704909, 32.694957763074811 ], [ -94.035418499467085, 32.389381161774772 ], [ -94.349508513299384, 32.328167203570715 ], [ -94.382056546706167, 32.344398058649446 ], [ -94.393546738203554, 32.366419546698367 ], [ -94.427170616785475, 32.367624765999274 ], [ -94.436883180439281, 32.360804252155148 ], [ -94.484064913539669, 32.385934401366136 ], [ -94.50084251819635, 32.394967211967597 ], [ -94.518207735898443, 32.387593505102302 ], [ -94.554570890732805, 32.40441166229288 ], [ -94.572889818872113, 32.398903274356954 ], [ -94.604400508309936, 32.391285324809097 ], [ -94.651132444376913, 32.3998906217073 ], [ -94.700328765145287, 32.428671147672901 ], [ -94.702455924828882, 32.658253180561871 ], [ -94.704743633126441, 32.795641271437439 ], [ -94.505860952820569, 32.692703615802131 ], [ -94.388424513961354, 32.693807154769537 ], [ -94.296692012266135, 32.732121272166829 ], [ -94.274405342534294, 32.753353249570878 ], [ -94.244191791174501, 32.748177190342943 ], [ -94.227788696184291, 32.710848183115758 ], [ -94.191593984895803, 32.698054399000597 ], [ -94.179050897231093, 32.697871365174628 ], [ -94.171878745698962, 32.721224025034076 ], [ -94.143633763616094, 32.733915153384253 ], [ -94.128077215622, 32.715319341983751 ], [ -94.082376094886456, 32.691047642289689 ], [ -94.040382637704909, 32.694957763074811 ] ] ] ] } },
{ "type": "Feature", "properties": { "fid": 95, "OBJECTID": 2512.0, "NAME": "Smith", "STATE_NAME": "Texas", "STATE_FIPS": "48", "CNTY_FIPS": "423", "FIPS": "48423", "AREA": 930.4215, "POP1990": 151309.0, "POP1999": 171082.0, "POP90_SQMI": 163.0, "HOUSEHOLDS": 56800.0, "MALES": 72774.0, "FEMALES": 78535.0, "WHITE": 113676.0, "BLACK": 31572.0, "AMERI_ES": 520.0, "ASIAN_PI": 638.0, "OTHER": 4903.0, "HISPANIC": 8986.0, "AGE_UNDER5": 11128.0, "AGE_5_17": 29155.0, "AGE_18_29": 27363.0, "AGE_30_49": 42301.0, "AGE_50_64": 20529.0, "AGE_65_UP": 20833.0, "NEVERMARRY": 25184.0, "MARRIED": 69727.0, "SEPARATED": 2943.0, "WIDOWED": 9392.0, "DIVORCED": 10255.0, "HSEHLD_1_M": 5392.0, "HSEHLD_1_F": 8431.0, "MARHH_CHD": 16012.0, "MARHH_NO_C": 17218.0, "MHH_CHILD": 811.0, "FHH_CHILD": 4352.0, "HSE_UNITS": 64369.0, "VACANT": 7569.0, "OWNER_OCC": 37785.0, "RENTER_OCC": 19015.0, "MEDIAN_VAL": 59900.0, "MEDIANRENT": 296, "UNITS_1DET": 44278.0, "UNITS_1ATT": 1420.0, "UNITS2": 1969.0, "UNITS3_9": 3606.0, "UNITS10_49": 3441.0, "UNITS50_UP": 2295.0, "MOBILEHOME": 6780.0, "NO_FARMS87": 1701.0, "AVG_SIZE87": 147.0, "CROP_ACR87": 117114.0, "AVG_SALE87": 19108.0, "Shape_Leng": 2.196609655806498, "Shape_Area": 0.23100283530944701, "Datacenter": 2, "GDP_Change": 3.6, "HP_Change": null, "Talent-Bachelor": null, "Talent-Master": null, "Talent-Doctor": null, "NetADD": null, "NewDatacenter2023": null, "NewDatacenter2024": null, "NewDatacenter2025": null, "NewDatacenter2022": null, "NewDatacenter2021": null, "1_DC": 2, "1_TT": -0.1119605, "1_TPM": -0.0007872, "1_GDP": 0.1155295, "1_TA": 1.525229, "1_WI": -0.4878197, "1_SO": -0.3707, "1_ST": -0.3565562, "1_LP": 0.1066335, "1_PF": 0.069318, "1_CP": -0.1614918, "1_T": -0.3373354, "1_NR": 1.153377, "1_GW": 0.5122077, "1_SW": 0.2626099, "1_RW": -0.1456082, "1_EG": -0.5380116, "1_OF": -0.3442188 }, "geometry": { "type": "MultiPolygon", "coordinates": [ [ [ [ -94.989155677894075, 32.142924789844294 ], [ -95.463444635577389, 32.139729358498506 ], [ -95.476880478342025, 32.151222350200655 ], [ -95.464284146396722, 32.201367863363835 ], [ -95.480924516940149, 32.23306242026969 ], [ -95.450917374328583, 32.283868403578808 ], [ -95.448850082477918, 32.35814912246277 ], [ -95.487441011124872, 32.386605294268833 ], [ -95.510169813206744, 32.417159586943718 ], [ -95.556328877353167, 32.447259641233437 ], [ -95.588602132853964, 32.483180756683261 ], [ -95.591217238374895, 32.691204872818169 ], [ -95.524901151983272, 32.648490698256438 ], [ -95.506445527459732, 32.618123661734884 ], [ -95.39090192810113, 32.599357800607336 ], [ -95.324310029851802, 32.601193433920564 ], [ -95.295088550913874, 32.588586840830594 ], [ -95.282446442151013, 32.572100666142141 ], [ -95.215343726409742, 32.564727823683867 ], [ -95.192073626361889, 32.544133376099396 ], [ -95.154504911981121, 32.57081238190144 ], [ -95.134652866847318, 32.54806650482373 ], [ -95.087348999638152, 32.555608118999984 ], [ -95.072929097359577, 32.542211589403401 ], [ -95.030538792315213, 32.540815731791696 ], [ -95.02290908661206, 32.549604456674189 ], [ -95.005841710406855, 32.526503761078452 ], [ -94.991093585516978, 32.535887642004681 ], [ -94.990658904717634, 32.369805875988419 ], [ -94.989155677894075, 32.142924789844294 ] ] ] ] } },
{ "type": "Feature", "properties": { "fid": 96, "OBJECTID": 2516.0, "NAME": "Gregg", "STATE_NAME": "Texas", "STATE_FIPS": "48", "CNTY_FIPS": "183", "FIPS": "48183", "AREA": 283.447, "POP1990": 104948.0, "POP1999": 114273.0, "POP90_SQMI": 370.0, "HOUSEHOLDS": 40027.0, "MALES": 50339.0, "FEMALES": 54609.0, "WHITE": 81883.0, "BLACK": 19937.0, "AMERI_ES": 478.0, "ASIAN_PI": 491.0, "OTHER": 2159.0, "HISPANIC": 3775.0, "AGE_UNDER5": 8004.0, "AGE_5_17": 20717.0, "AGE_18_29": 18782.0, "AGE_30_49": 29570.0, "AGE_50_64": 13950.0, "AGE_65_UP": 13925.0, "NEVERMARRY": 16302.0, "MARRIED": 46705.0, "SEPARATED": 2104.0, "WIDOWED": 7308.0, "DIVORCED": 8179.0, "HSEHLD_1_M": 4130.0, "HSEHLD_1_F": 6229.0, "MARHH_CHD": 11142.0, "MARHH_NO_C": 11290.0, "MHH_CHILD": 679.0, "FHH_CHILD": 3368.0, "HSE_UNITS": 44689.0, "VACANT": 4662.0, "OWNER_OCC": 25292.0, "RENTER_OCC": 14735.0, "MEDIAN_VAL": 56000.0, "MEDIANRENT": 269, "UNITS_1DET": 29842.0, "UNITS_1ATT": 913.0, "UNITS2": 2606.0, "UNITS3_9": 3737.0, "UNITS10_49": 2542.0, "UNITS50_UP": 1390.0, "MOBILEHOME": 3240.0, "NO_FARMS87": 351.0, "AVG_SIZE87": 154.0, "CROP_ACR87": 22306.0, "AVG_SALE87": 8225.0, "Shape_Leng": 1.309098385243048, "Shape_Area": 0.070448096934484006, "Datacenter": null, "GDP_Change": 0.5, "HP_Change": null, "Talent-Bachelor": null, "Talent-Master": null, "Talent-Doctor": null, "NetADD": null, "NewDatacenter2023": null, "NewDatacenter2024": null, "NewDatacenter2025": null, "NewDatacenter2022": null, "NewDatacenter2021": null, "1_DC": 0, "1_TT": -0.1119605, "1_TPM": -0.0007872, "1_GDP": -0.0091609, "1_TA": 3.569498, "1_WI": -0.4878197, "1_SO": -0.3707, "1_ST": -0.3565562, "1_LP": 0.1066335, "1_PF": 0.069318, "1_CP": -0.1614918, "1_T": -0.2626117, "1_NR": 1.245889, "1_GW": -0.1254026, "1_SW": 0.0558721, "1_RW": -0.1722456, "1_EG": -0.4624558, "1_OF": 1.323984 }, "geometry": { "type": "MultiPolygon", "coordinates": [ [ [ [ -94.990658904717634, 32.369805875988419 ], [ -94.991093585516978, 32.535887642004681 ], [ -94.828597626375768, 32.589262345706786 ], [ -94.76792625708481, 32.658096236876489 ], [ -94.742336333027879, 32.665580600269564 ], [ -94.720042416915589, 32.656334341023779 ], [ -94.702455924828882, 32.658253180561871 ], [ -94.700328765145287, 32.428671147672901 ], [ -94.651132444376913, 32.3998906217073 ], [ -94.604400508309936, 32.391285324809097 ], [ -94.572889818872113, 32.398903274356954 ], [ -94.582861878586186, 32.364240188051831 ], [ -94.598914780497466, 32.35998681628346 ], [ -94.672106524956007, 32.370762403656293 ], [ -94.990658904717634, 32.369805875988419 ] ] ] ] } },
{ "type": "Feature", "properties": { "fid": 97, "OBJECTID": 2531.0, "NAME": "Johnson", "STATE_NAME": "Texas", "STATE_FIPS": "48", "CNTY_FIPS": "251", "FIPS": "48251", "AREA": 729.4902, "POP1990": 97165.0, "POP1999": 121854.0, "POP90_SQMI": 133.0, "HOUSEHOLDS": 33462.0, "MALES": 48152.0, "FEMALES": 49013.0, "WHITE": 90328.0, "BLACK": 2521.0, "AMERI_ES": 419.0, "ASIAN_PI": 447.0, "OTHER": 3450.0, "HISPANIC": 7457.0, "AGE_UNDER5": 7490.0, "AGE_5_17": 20846.0, "AGE_18_29": 16696.0, "AGE_30_49": 29492.0, "AGE_50_64": 12555.0, "AGE_65_UP": 10086.0, "NEVERMARRY": 13445.0, "MARRIED": 47749.0, "SEPARATED": 1445.0, "WIDOWED": 4791.0, "DIVORCED": 5986.0, "HSEHLD_1_M": 2218.0, "HSEHLD_1_F": 3502.0, "MARHH_CHD": 12240.0, "MARHH_NO_C": 10637.0, "MHH_CHILD": 594.0, "FHH_CHILD": 1996.0, "HSE_UNITS": 37029.0, "VACANT": 3567.0, "OWNER_OCC": 25483.0, "RENTER_OCC": 7979.0, "MEDIAN_VAL": 61100.0, "MEDIANRENT": 311, "UNITS_1DET": 25007.0, "UNITS_1ATT": 521.0, "UNITS2": 830.0, "UNITS3_9": 1361.0, "UNITS10_49": 640.0, "UNITS50_UP": 320.0, "MOBILEHOME": 8093.0, "NO_FARMS87": 1867.0, "AVG_SIZE87": 167.0, "CROP_ACR87": 162328.0, "AVG_SALE87": 29995.0, "Shape_Leng": 1.786032190748525, "Shape_Area": 0.18104544956266999, "Datacenter": 8, "GDP_Change": 5.6, "HP_Change": null, "Talent-Bachelor": null, "Talent-Master": null, "Talent-Doctor": null, "NetADD": null, "NewDatacenter2023": null, "NewDatacenter2024": null, "NewDatacenter2025": null, "NewDatacenter2022": null, "NewDatacenter2021": null, "1_DC": 8, "1_TT": -0.1119605, "1_TPM": -0.0007872, "1_GDP": -0.027474, "1_TA": 0.894084, "1_WI": -0.4878197, "1_SO": -0.3707, "1_ST": 0.3101244, "1_LP": 2.301965, "1_PF": 0.069318, "1_CP": -0.1614918, "1_T": -0.0882564, "1_NR": 1.235494, "1_GW": -0.007127, "1_SW": 0.1173911, "1_RW": -0.1704176, "1_EG": -0.2323082, "1_OF": 1.368152 }, "geometry": { "type": "MultiPolygon", "coordinates": [ [ [ [ -97.613803728866742, 32.210263036932311 ], [ -97.61422391710181, 32.323327647369638 ], [ -97.617604592219152, 32.55537285810744 ], [ -97.546191393818958, 32.559775207147368 ], [ -97.089717902871485, 32.556727894211903 ], [ -97.085304841373215, 32.275826742313299 ], [ -97.463842928740576, 32.189670039075402 ], [ -97.465170425744645, 32.181949299644828 ], [ -97.501845947128118, 32.169543991921849 ], [ -97.50250193689152, 32.148582788824996 ], [ -97.522659432012176, 32.144466534417539 ], [ -97.561326560250563, 32.154429660448606 ], [ -97.569589716075939, 32.185610013774991 ], [ -97.595652576768771, 32.183435293327911 ], [ -97.582110095232849, 32.201383159631582 ], [ -97.586802377694198, 32.207410142534442 ], [ -97.613803728866742, 32.210263036932311 ] ] ] ] } },
{ "type": "Feature", "properties": { "fid": 98, "OBJECTID": 2533.0, "NAME": "Hood", "STATE_NAME": "Texas", "STATE_FIPS": "48", "CNTY_FIPS": "221", "FIPS": "48221", "AREA": 419.7594, "POP1990": 28981.0, "POP1999": 38438.0, "POP90_SQMI": 69.0, "HOUSEHOLDS": 11137.0, "MALES": 14385.0, "FEMALES": 14596.0, "WHITE": 28054.0, "BLACK": 52.0, "AMERI_ES": 154.0, "ASIAN_PI": 177.0, "OTHER": 544.0, "HISPANIC": 1353.0, "AGE_UNDER5": 1969.0, "AGE_5_17": 5433.0, "AGE_18_29": 3775.0, "AGE_30_49": 8334.0, "AGE_50_64": 4802.0, "AGE_65_UP": 4668.0, "NEVERMARRY": 3029.0, "MARRIED": 15975.0, "SEPARATED": 301.0, "WIDOWED": 1481.0, "DIVORCED": 1930.0, "HSEHLD_1_M": 962.0, "HSEHLD_1_F": 1171.0, "MARHH_CHD": 3315.0, "MARHH_NO_C": 4401.0, "MHH_CHILD": 176.0, "FHH_CHILD": 479.0, "HSE_UNITS": 14958.0, "VACANT": 3821.0, "OWNER_OCC": 8812.0, "RENTER_OCC": 2325.0, "MEDIAN_VAL": 73800.0, "MEDIANRENT": 333, "UNITS_1DET": 8522.0, "UNITS_1ATT": 206.0, "UNITS2": 203.0, "UNITS3_9": 352.0, "UNITS10_49": 377.0, "UNITS50_UP": 0.0, "MOBILEHOME": 5157.0, "NO_FARMS87": 638.0, "AVG_SIZE87": 333.0, "CROP_ACR87": 57919.0, "AVG_SALE87": 31487.0, "Shape_Leng": 1.3673828286233609, "Shape_Area": 0.10421128490189301, "Datacenter": 2, "GDP_Change": 2.5, "HP_Change": null, "Talent-Bachelor": null, "Talent-Master": null, "Talent-Doctor": null, "NetADD": 129, "NewDatacenter2023": null, "NewDatacenter2024": null, "NewDatacenter2025": null, "NewDatacenter2022": null, "NewDatacenter2021": null, "1_DC": 2, "1_TT": -0.1119605, "1_TPM": 0.208914, "1_GDP": -0.1503855, "1_TA": 0.1850169, "1_WI": -0.4878197, "1_SO": -0.3707, "1_ST": 2.112979, "1_LP": 2.301965, "1_PF": 1.105011, "1_CP": 6.263156, "1_T": 0.0113753, "1_NR": 0.7074512, "1_GW": -0.0394639, "1_SW": -0.1216083, "1_RW": -0.1722456, "1_EG": 1.366756, "1_OF": -0.2626773 }, "geometry": { "type": "MultiPolygon", "coordinates": [ [ [ [ -97.942969213173058, 32.239986615052295 ], [ -98.063016442934497, 32.519196670742573 ], [ -98.060430601831115, 32.558338532532176 ], [ -97.617604592219152, 32.55537285810744 ], [ -97.61422391710181, 32.323327647369638 ], [ -97.783487454386432, 32.323581262180191 ], [ -97.942969213173058, 32.239986615052295 ] ] ] ] } },
{ "type": "Feature", "properties": { "fid": 99, "OBJECTID": 2534.0, "NAME": "Ellis", "STATE_NAME": "Texas", "STATE_FIPS": "48", "CNTY_FIPS": "139", "FIPS": "48139", "AREA": 938.9116, "POP1990": 85167.0, "POP1999": 106746.0, "POP90_SQMI": 91.0, "HOUSEHOLDS": 28588.0, "MALES": 42025.0, "FEMALES": 43142.0, "WHITE": 69049.0, "BLACK": 8525.0, "AMERI_ES": 370.0, "ASIAN_PI": 214.0, "OTHER": 7009.0, "HISPANIC": 11243.0, "AGE_UNDER5": 7165.0, "AGE_5_17": 19237.0, "AGE_18_29": 14699.0, "AGE_30_49": 25339.0, "AGE_50_64": 10118.0, "AGE_65_UP": 8609.0, "NEVERMARRY": 12538.0, "MARRIED": 40103.0, "SEPARATED": 1377.0, "WIDOWED": 4363.0, "DIVORCED": 4597.0, "HSEHLD_1_M": 1973.0, "HSEHLD_1_F": 2965.0, "MARHH_CHD": 10868.0, "MARHH_NO_C": 8307.0, "MHH_CHILD": 569.0, "FHH_CHILD": 1961.0, "HSE_UNITS": 31314.0, "VACANT": 2726.0, "OWNER_OCC": 20731.0, "RENTER_OCC": 7857.0, "MEDIAN_VAL": 67900.0, "MEDIANRENT": 320, "UNITS_1DET": 22785.0, "UNITS_1ATT": 399.0, "UNITS2": 950.0, "UNITS3_9": 1396.0, "UNITS10_49": 1026.0, "UNITS50_UP": 232.0, "MOBILEHOME": 4200.0, "NO_FARMS87": 1612.0, "AVG_SIZE87": 244.0, "CROP_ACR87": 243880.0, "AVG_SALE87": 17375.0, "Shape_Leng": 1.9927294947636589, "Shape_Area": 0.23307235782990099, "Datacenter": 16, "GDP_Change": 7.2, "HP_Change": null, "Talent-Bachelor": null, "Talent-Master": null, "Talent-Doctor": null, "NetADD": null, "NewDatacenter2023": 1, "NewDatacenter2024": 1, "NewDatacenter2025": 1, "NewDatacenter2022": 1, "NewDatacenter2021": 1, "1_DC": 16, "1_TT": -0.1119605, "1_TPM": -0.0007872, "1_GDP": -0.003944, "1_TA": 1.564279, "1_WI": -0.4878197, "1_SO": 0.6005753, "1_ST": -0.3565562, "1_LP": 1.056537, "1_PF": 0.069318, "1_CP": 4.286341, "1_T": 0.0113753, "1_NR": 1.070221, "1_GW": 0.0406452, "1_SW": 0.264329, "1_RW": 0.0560005, "1_EG": 1.554881, "1_OF": -0.2932554 }, "geometry": { "type": "MultiPolygon", "coordinates": [ [ [ [ -97.085304841373215, 32.275826742313299 ], [ -97.089717902871485, 32.556727894211903 ], [ -97.031473195086846, 32.557044307762375 ], [ -96.535827576094903, 32.55255802479239 ], [ -96.525489397068611, 32.539935655482438 ], [ -96.506651826798816, 32.535255181850395 ], [ -96.503615083045474, 32.480462899187749 ], [ -96.493574264269228, 32.46145874315431 ], [ -96.454654945224206, 32.431979784811524 ], [ -96.440333853467905, 32.411926627612509 ], [ -96.448970262418356, 32.364320900881843 ], [ -96.430994553252219, 32.341414456541344 ], [ -96.41201954275931, 32.340815569137675 ], [ -96.397309445777182, 32.329856335010355 ], [ -96.898522194212205, 32.086154801359861 ], [ -96.939295070722551, 32.066746291673269 ], [ -97.085304841373215, 32.275826742313299 ] ] ] ] } },
{ "type": "Feature", "properties": { "fid": 100, "OBJECTID": 2539.0, "NAME": "Taylor", "STATE_NAME": "Texas", "STATE_FIPS": "48", "CNTY_FIPS": "441", "FIPS": "48441", "AREA": 930.1106, "POP1990": 119655.0, "POP1999": 123932.0, "POP90_SQMI": 129.0, "HOUSEHOLDS": 43301.0, "MALES": 58202.0, "FEMALES": 61453.0, "WHITE": 100237.0, "BLACK": 7547.0, "AMERI_ES": 450.0, "ASIAN_PI": 1449.0, "OTHER": 9972.0, "HISPANIC": 17511.0, "AGE_UNDER5": 9809.0, "AGE_5_17": 22793.0, "AGE_18_29": 26746.0, "AGE_30_49": 31545.0, "AGE_50_64": 14374.0, "AGE_65_UP": 14388.0, "NEVERMARRY": 20952.0, "MARRIED": 54350.0, "SEPARATED": 1850.0, "WIDOWED": 6915.0, "DIVORCED": 7669.0, "HSEHLD_1_M": 4114.0, "HSEHLD_1_F": 6574.0, "MARHH_CHD": 13394.0, "MARHH_NO_C": 12582.0, "MHH_CHILD": 627.0, "FHH_CHILD": 2881.0, "HSE_UNITS": 49988.0, "VACANT": 6687.0, "OWNER_OCC": 26924.0, "RENTER_OCC": 16377.0, "MEDIAN_VAL": 45500.0, "MEDIANRENT": 289, "UNITS_1DET": 34381.0, "UNITS_1ATT": 1587.0, "UNITS2": 1902.0, "UNITS3_9": 3705.0, "UNITS10_49": 3413.0, "UNITS50_UP": 1183.0, "MOBILEHOME": 3119.0, "NO_FARMS87": 903.0, "AVG_SIZE87": 478.0, "CROP_ACR87": 190249.0, "AVG_SALE87": 79740.0, "Shape_Leng": 1.9277073484784439, "Shape_Area": 0.23062221855587001, "Datacenter": 10, "GDP_Change": 4.0, "HP_Change": null, "Talent-Bachelor": null, "Talent-Master": null, "Talent-Doctor": null, "NetADD": null, "NewDatacenter2023": null, "NewDatacenter2024": 1, "NewDatacenter2025": 1, "NewDatacenter2022": 1, "NewDatacenter2021": null, "1_DC": 10, "1_TT": -0.1119605, "1_TPM": -0.0007872, "1_GDP": -0.0222613, "1_TA": 0.7430782, "1_WI": 3.346857, "1_SO": -0.3707, "1_ST": -0.3565562, "1_LP": -0.8116061, "1_PF": 0.069318, "1_CP": -0.1614918, "1_T": -0.3124275, "1_NR": 1.141943, "1_GW": -0.2448514, "1_SW": 0.1629545, "1_RW": 1.511657, "1_EG": 0.1674578, "1_OF": 1.619572 }, "geometry": { "type": "MultiPolygon", "coordinates": [ [ [ [ -99.628323032484786, 32.084436010909123 ], [ -99.710518552984581, 32.084677171893617 ], [ -100.157187225472001, 32.08448381213541 ], [ -100.151523757018822, 32.520592417526437 ], [ -99.629003431346632, 32.524190525894284 ], [ -99.626851874092836, 32.518716605883753 ], [ -99.628323032484786, 32.084436010909123 ] ] ] ] } },
{ "type": "Feature", "properties": { "fid": 101, "OBJECTID": 2540.0, "NAME": "Howard", "STATE_NAME": "Texas", "STATE_FIPS": "48", "CNTY_FIPS": "227", "FIPS": "48227", "AREA": 900.2528, "POP1990": 32343.0, "POP1999": 32022.0, "POP90_SQMI": 36.0, "HOUSEHOLDS": 11477.0, "MALES": 16288.0, "FEMALES": 16055.0, "WHITE": 25282.0, "BLACK": 1225.0, "AMERI_ES": 179.0, "ASIAN_PI": 162.0, "OTHER": 5495.0, "HISPANIC": 8607.0, "AGE_UNDER5": 2454.0, "AGE_5_17": 6263.0, "AGE_18_29": 5361.0, "AGE_30_49": 8592.0, "AGE_50_64": 4986.0, "AGE_65_UP": 4687.0, "NEVERMARRY": 4704.0, "MARRIED": 14988.0, "SEPARATED": 680.0, "WIDOWED": 2243.0, "DIVORCED": 2359.0, "HSEHLD_1_M": 1057.0, "HSEHLD_1_F": 1660.0, "MARHH_CHD": 3249.0, "MARHH_NO_C": 3624.0, "MHH_CHILD": 227.0, "FHH_CHILD": 887.0, "HSE_UNITS": 13651.0, "VACANT": 2174.0, "OWNER_OCC": 8113.0, "RENTER_OCC": 3364.0, "MEDIAN_VAL": 34900.0, "MEDIANRENT": 250, "UNITS_1DET": 10491.0, "UNITS_1ATT": 587.0, "UNITS2": 271.0, "UNITS3_9": 305.0, "UNITS10_49": 584.0, "UNITS50_UP": 120.0, "MOBILEHOME": 1171.0, "NO_FARMS87": 385.0, "AVG_SIZE87": 1255.0, "CROP_ACR87": 181129.0, "AVG_SALE87": 69646.0, "Shape_Leng": 1.8964171689896649, "Shape_Area": 0.22322119995214401, "Datacenter": null, "GDP_Change": -7.8, "HP_Change": null, "Talent-Bachelor": null, "Talent-Master": null, "Talent-Doctor": null, "NetADD": null, "NewDatacenter2023": null, "NewDatacenter2024": null, "NewDatacenter2025": null, "NewDatacenter2022": null, "NewDatacenter2021": null, "1_DC": 0, "1_TT": -0.1119605, "1_TPM": -0.0007872, "1_GDP": -0.0191612, "1_TA": 0.2546406, "1_WI": 0.7478274, "1_SO": -0.3357621, "1_ST": -0.3377765, "1_LP": -1.012141, "1_PF": 0.069318, "1_CP": -0.1614918, "1_T": -0.2626117, "1_NR": 0.1939606, "1_GW": -0.2175739, "1_SW": -0.1550214, "1_RW": -0.1722456, "1_EG": -0.1382456, "1_OF": -0.8912262 }, "geometry": { "type": "MultiPolygon", "coordinates": [ [ [ [ -101.266951890161977, 32.09114176559671 ], [ -101.69476441471005, 32.090536736872195 ], [ -101.690370182556705, 32.522674679098827 ], [ -101.178668574307324, 32.523222338608427 ], [ -101.172864241635864, 32.092618663869899 ], [ -101.266951890161977, 32.09114176559671 ] ] ] ] } },
{ "type": "Feature", "properties": { "fid": 102, "OBJECTID": 2541.0, "NAME": "Mitchell", "STATE_NAME": "Texas", "STATE_FIPS": "48", "CNTY_FIPS": "335", "FIPS": "48335", "AREA": 891.4822, "POP1990": 8016.0, "POP1999": 9705.0, "POP90_SQMI": 9.0, "HOUSEHOLDS": 3054.0, "MALES": 3823.0, "FEMALES": 4193.0, "WHITE": 6317.0, "BLACK": 363.0, "AMERI_ES": 14.0, "ASIAN_PI": 5.0, "OTHER": 1317.0, "HISPANIC": 2389.0, "AGE_UNDER5": 522.0, "AGE_5_17": 1681.0, "AGE_18_29": 1034.0, "AGE_30_49": 1884.0, "AGE_50_64": 1216.0, "AGE_65_UP": 1679.0, "NEVERMARRY": 1038.0, "MARRIED": 3808.0, "SEPARATED": 133.0, "WIDOWED": 785.0, "DIVORCED": 421.0, "HSEHLD_1_M": 272.0, "HSEHLD_1_F": 558.0, "MARHH_CHD": 848.0, "MARHH_NO_C": 981.0, "MHH_CHILD": 38.0, "FHH_CHILD": 177.0, "HSE_UNITS": 4559.0, "VACANT": 1505.0, "OWNER_OCC": 2323.0, "RENTER_OCC": 731.0, "MEDIAN_VAL": 25700.0, "MEDIANRENT": 169, "UNITS_1DET": 3466.0, "UNITS_1ATT": 64.0, "UNITS2": 117.0, "UNITS3_9": 55.0, "UNITS10_49": 52.0, "UNITS50_UP": 0.0, "MOBILEHOME": 779.0, "NO_FARMS87": 387.0, "AVG_SIZE87": 1372.0, "CROP_ACR87": 175702.0, "AVG_SALE87": 58974.0, "Shape_Leng": 1.8826193940191791, "Shape_Area": 0.22103098203134999, "Datacenter": 1, "GDP_Change": 13.3, "HP_Change": null, "Talent-Bachelor": null, "Talent-Master": null, "Talent-Doctor": null, "NetADD": null, "NewDatacenter2023": null, "NewDatacenter2024": null, "NewDatacenter2025": null, "NewDatacenter2022": null, "NewDatacenter2021": null, "1_DC": 1, "1_TT": -0.1119605, "1_TPM": -0.0007872, "1_GDP": -0.2129307, "1_TA": -0.2129859, "1_WI": 0.4454328, "1_SO": -0.3672062, "1_ST": -0.3565562, "1_LP": -0.8116061, "1_PF": 0.069318, "1_CP": -0.1614918, "1_T": -0.1131643, "1_NR": -0.9515184, "1_GW": -0.1817539, "1_SW": -0.220112, "1_RW": -0.1722456, "1_EG": -0.4601042, "1_OF": 0.5289545 }, "geometry": { "type": "MultiPolygon", "coordinates": [ [ [ [ -100.669855051704303, 32.088068622770706 ], [ -100.815297557745737, 32.085286485443099 ], [ -101.172864241635864, 32.092618663869899 ], [ -101.178668574307324, 32.523222338608427 ], [ -100.663718533702649, 32.521939225567003 ], [ -100.669855051704303, 32.088068622770706 ] ] ] ] } },
{ "type": "Feature", "properties": { "fid": 103, "OBJECTID": 2542.0, "NAME": "Eastland", "STATE_NAME": "Texas", "STATE_FIPS": "48", "CNTY_FIPS": "133", "FIPS": "48133", "AREA": 948.015, "POP1990": 18488.0, "POP1999": 17505.0, "POP90_SQMI": 20.0, "HOUSEHOLDS": 7354.0, "MALES": 8883.0, "FEMALES": 9605.0, "WHITE": 17474.0, "BLACK": 397.0, "AMERI_ES": 52.0, "ASIAN_PI": 37.0, "OTHER": 528.0, "HISPANIC": 1404.0, "AGE_UNDER5": 1034.0, "AGE_5_17": 3269.0, "AGE_18_29": 2828.0, "AGE_30_49": 4286.0, "AGE_50_64": 2831.0, "AGE_65_UP": 4240.0, "NEVERMARRY": 2614.0, "MARRIED": 9059.0, "SEPARATED": 211.0, "WIDOWED": 1915.0, "DIVORCED": 1091.0, "HSEHLD_1_M": 681.0, "HSEHLD_1_F": 1468.0, "MARHH_CHD": 1800.0, "MARHH_NO_C": 2558.0, "MHH_CHILD": 84.0, "FHH_CHILD": 351.0, "HSE_UNITS": 9768.0, "VACANT": 2414.0, "OWNER_OCC": 5465.0, "RENTER_OCC": 1889.0, "MEDIAN_VAL": 27800.0, "MEDIANRENT": 176, "UNITS_1DET": 7516.0, "UNITS_1ATT": 75.0, "UNITS2": 226.0, "UNITS3_9": 325.0, "UNITS10_49": 142.0, "UNITS50_UP": 55.0, "MOBILEHOME": 1353.0, "NO_FARMS87": 1085.0, "AVG_SIZE87": 400.0, "CROP_ACR87": 150128.0, "AVG_SALE87": 22702.0, "Shape_Leng": 2.008186903154662, "Shape_Area": 0.23508691517689501, "Datacenter": null, "GDP_Change": 1.6, "HP_Change": null, "Talent-Bachelor": null, "Talent-Master": null, "Talent-Doctor": null, "NetADD": null, "NewDatacenter2023": null, "NewDatacenter2024": null, "NewDatacenter2025": null, "NewDatacenter2022": null, "NewDatacenter2021": null, "1_DC": 0, "1_TT": -0.1119605, "1_TPM": -0.0007872, "1_GDP": -0.2040363, "1_TA": 0.3939018, "1_WI": 0.3098765, "1_SO": -0.3707, "1_ST": -0.2626576, "1_LP": -0.1044561, "1_PF": 0.069318, "1_CP": -0.1614918, "1_T": -0.2626117, "1_NR": -0.2519654, "1_GW": -0.2335224, "1_SW": -0.1885848, "1_RW": -0.1437801, "1_EG": -0.1617613, "1_OF": -1.135851 }, "geometry": { "type": "MultiPolygon", "coordinates": [ [ [ [ -99.121640282936823, 32.083449582555026 ], [ -99.114081395661401, 32.522704768335359 ], [ -99.098852721014055, 32.523040542203418 ], [ -98.575239085256101, 32.520862308211377 ], [ -98.469728699752523, 32.521767145810315 ], [ -98.469032152339707, 32.303030459314812 ], [ -98.552240466179455, 32.260375119000933 ], [ -98.731382225365337, 32.174099993027426 ], [ -98.757429614682167, 32.170285341686736 ], [ -98.76679850230795, 32.159448142046109 ], [ -98.924271284933013, 32.082195812010589 ], [ -99.121640282936823, 32.083449582555026 ] ] ] ] } },
{ "type": "Feature", "properties": { "fid": 104, "OBJECTID": 2543.0, "NAME": "Callahan", "STATE_NAME": "Texas", "STATE_FIPS": "48", "CNTY_FIPS": "059", "FIPS": "48059", "AREA": 897.299, "POP1990": 11859.0, "POP1999": 12930.0, "POP90_SQMI": 13.0, "HOUSEHOLDS": 4565.0, "MALES": 5734.0, "FEMALES": 6125.0, "WHITE": 11482.0, "BLACK": 2.0, "AMERI_ES": 44.0, "ASIAN_PI": 40.0, "OTHER": 291.0, "HISPANIC": 489.0, "AGE_UNDER5": 787.0, "AGE_5_17": 2471.0, "AGE_18_29": 1501.0, "AGE_30_49": 3153.0, "AGE_50_64": 1905.0, "AGE_65_UP": 2042.0, "NEVERMARRY": 1280.0, "MARRIED": 6084.0, "SEPARATED": 171.0, "WIDOWED": 910.0, "DIVORCED": 637.0, "HSEHLD_1_M": 383.0, "HSEHLD_1_F": 698.0, "MARHH_CHD": 1378.0, "MARHH_NO_C": 1567.0, "MHH_CHILD": 62.0, "FHH_CHILD": 234.0, "HSE_UNITS": 5503.0, "VACANT": 938.0, "OWNER_OCC": 3697.0, "RENTER_OCC": 868.0, "MEDIAN_VAL": 35500.0, "MEDIANRENT": 211, "UNITS_1DET": 4116.0, "UNITS_1ATT": 18.0, "UNITS2": 108.0, "UNITS3_9": 61.0, "UNITS10_49": 20.0, "UNITS50_UP": 0.0, "MOBILEHOME": 1160.0, "NO_FARMS87": 802.0, "AVG_SIZE87": 618.0, "CROP_ACR87": 106120.0, "AVG_SALE87": 21121.0, "Shape_Leng": 1.893074939251961, "Shape_Area": 0.222494768591218, "Datacenter": null, "GDP_Change": 5.1, "HP_Change": null, "Talent-Bachelor": null, "Talent-Master": null, "Talent-Doctor": null, "NetADD": null, "NewDatacenter2023": null, "NewDatacenter2024": null, "NewDatacenter2025": null, "NewDatacenter2022": null, "NewDatacenter2021": null, "1_DC": 0, "1_TT": -0.1119605, "1_TPM": -0.0007872, "1_GDP": -0.2112032, "1_TA": -0.059776, "1_WI": 2.374502, "1_SO": -0.3707, "1_ST": 1.652876, "1_LP": -0.1044561, "1_PF": 0.069318, "1_CP": -0.1614918, "1_T": -0.3622433, "1_NR": -1.116792, "1_GW": 0.1709464, "1_SW": 0.6000797, "1_RW": -0.0421924, "1_EG": -0.11473, "1_OF": 0.6172911 }, "geometry": { "type": "MultiPolygon", "coordinates": [ [ [ [ -99.194097990342357, 32.083990442314452 ], [ -99.628323032484786, 32.084436010909123 ], [ -99.626851874092836, 32.518716605883753 ], [ -99.616521424121743, 32.518682329021139 ], [ -99.114081395661401, 32.522704768335359 ], [ -99.121640282936823, 32.083449582555026 ], [ -99.194097990342357, 32.083990442314452 ] ] ] ] } },
{ "type": "Feature", "properties": { "fid": 105, "OBJECTID": 2544.0, "NAME": "Martin", "STATE_NAME": "Texas", "STATE_FIPS": "48", "CNTY_FIPS": "317", "FIPS": "48317", "AREA": 904.8406, "POP1990": 4956.0, "POP1999": 5076.0, "POP90_SQMI": 5.0, "HOUSEHOLDS": 1632.0, "MALES": 2460.0, "FEMALES": 2496.0, "WHITE": 3159.0, "BLACK": 89.0, "AMERI_ES": 11.0, "ASIAN_PI": 8.0, "OTHER": 1689.0, "HISPANIC": 1960.0, "AGE_UNDER5": 441.0, "AGE_5_17": 1253.0, "AGE_18_29": 730.0, "AGE_30_49": 1288.0, "AGE_50_64": 664.0, "AGE_65_UP": 580.0, "NEVERMARRY": 603.0, "MARRIED": 2405.0, "SEPARATED": 61.0, "WIDOWED": 285.0, "DIVORCED": 168.0, "HSEHLD_1_M": 128.0, "HSEHLD_1_F": 191.0, "MARHH_CHD": 637.0, "MARHH_NO_C": 510.0, "MHH_CHILD": 30.0, "FHH_CHILD": 92.0, "HSE_UNITS": 2039.0, "VACANT": 407.0, "OWNER_OCC": 1182.0, "RENTER_OCC": 450.0, "MEDIAN_VAL": 40500.0, "MEDIANRENT": 183, "UNITS_1DET": 1495.0, "UNITS_1ATT": 12.0, "UNITS2": 132.0, "UNITS3_9": 32.0, "UNITS10_49": 9.0, "UNITS50_UP": 0.0, "MOBILEHOME": 352.0, "NO_FARMS87": 366.0, "AVG_SIZE87": 1376.0, "CROP_ACR87": 264154.0, "AVG_SALE87": 86873.0, "Shape_Leng": 1.9002312085123849, "Shape_Area": 0.22436126553099001, "Datacenter": null, "GDP_Change": 19.9, "HP_Change": null, "Talent-Bachelor": null, "Talent-Master": null, "Talent-Doctor": null, "NetADD": null, "NewDatacenter2023": null, "NewDatacenter2024": null, "NewDatacenter2025": null, "NewDatacenter2022": null, "NewDatacenter2021": null, "1_DC": 0, "1_TT": -0.1119605, "1_TPM": -0.0007872, "1_GDP": 0.1059959, "1_TA": -0.2701217, "1_WI": -0.1749977, "1_SO": -0.3707, "1_ST": -0.3565562, "1_LP": -1.012141, "1_PF": 0.069318, "1_CP": -0.1614918, "1_T": -0.4618749, "1_NR": -0.9442422, "1_GW": -0.2286096, "1_SW": -0.21382, "1_RW": -0.1722456, "1_EG": -0.4783053, "1_OF": 1.459886 }, "geometry": { "type": "MultiPolygon", "coordinates": [ [ [ [ -101.774768292529188, 32.088392256862988 ], [ -102.211777774014195, 32.08704439668292 ], [ -102.205934296216697, 32.522467784379891 ], [ -101.690370182556705, 32.522674679098827 ], [ -101.69476441471005, 32.090536736872195 ], [ -101.774768292529188, 32.088392256862988 ] ] ] ] } },
{ "type": "Feature", "properties": { "fid": 106, "OBJECTID": 2545.0, "NAME": "Andrews", "STATE_NAME": "Texas", "STATE_FIPS": "48", "CNTY_FIPS": "003", "FIPS": "48003", "AREA": 1484.5673, "POP1990": 14338.0, "POP1999": 13985.0, "POP90_SQMI": 10.0, "HOUSEHOLDS": 4758.0, "MALES": 7088.0, "FEMALES": 7250.0, "WHITE": 10834.0, "BLACK": 274.0, "AMERI_ES": 82.0, "ASIAN_PI": 154.0, "OTHER": 2994.0, "HISPANIC": 4552.0, "AGE_UNDER5": 1322.0, "AGE_5_17": 3641.0, "AGE_18_29": 2324.0, "AGE_30_49": 3848.0, "AGE_50_64": 1842.0, "AGE_65_UP": 1361.0, "NEVERMARRY": 1760.0, "MARRIED": 6889.0, "SEPARATED": 183.0, "WIDOWED": 633.0, "DIVORCED": 720.0, "HSEHLD_1_M": 365.0, "HSEHLD_1_F": 493.0, "MARHH_CHD": 1931.0, "MARHH_NO_C": 1391.0, "MHH_CHILD": 89.0, "FHH_CHILD": 299.0, "HSE_UNITS": 5462.0, "VACANT": 704.0, "OWNER_OCC": 3626.0, "RENTER_OCC": 1132.0, "MEDIAN_VAL": 39200.0, "MEDIANRENT": 243, "UNITS_1DET": 3913.0, "UNITS_1ATT": 105.0, "UNITS2": 36.0, "UNITS3_9": 124.0, "UNITS10_49": 135.0, "UNITS50_UP": 0.0, "MOBILEHOME": 1093.0, "NO_FARMS87": 147.0, "AVG_SIZE87": 6320.0, "CROP_ACR87": 78315.0, "AVG_SALE87": 72392.0, "Shape_Leng": 2.563919591461278, "Shape_Area": 0.36781843039578399, "Datacenter": 1, "GDP_Change": 6.4, "HP_Change": null, "Talent-Bachelor": null, "Talent-Master": null, "Talent-Doctor": null, "NetADD": null, "NewDatacenter2023": null, "NewDatacenter2024": null, "NewDatacenter2025": null, "NewDatacenter2022": null, "NewDatacenter2021": null, "1_DC": 1, "1_TT": -0.1119605, "1_TPM": -0.0007872, "1_GDP": -0.1166236, "1_TA": -0.8567295, "1_WI": -0.0681168, "1_SO": 3.416575, "1_ST": 0.0190385, "1_LP": -1.012141, "1_PF": 0.069318, "1_CP": -0.1614918, "1_T": -0.6113223, "1_NR": -1.303893, "1_GW": -0.1391146, "1_SW": -0.220112, "1_RW": -0.0382751, "1_EG": 0.2144891, "1_OF": 0.8924936 }, "geometry": { "type": "MultiPolygon", "coordinates": [ [ [ [ -103.060018185603951, 32.515545517128295 ], [ -102.205934296216697, 32.522467784379891 ], [ -102.211777774014195, 32.08704439668292 ], [ -102.29123249067311, 32.085002526586344 ], [ -102.794909516172197, 32.08640157611886 ], [ -103.055640531825816, 32.08511682221458 ], [ -103.060018185603951, 32.515545517128295 ] ] ] ] } },
{ "type": "Feature", "properties": { "fid": 107, "OBJECTID": 2546.0, "NAME": "Nolan", "STATE_NAME": "Texas", "STATE_FIPS": "48", "CNTY_FIPS": "353", "FIPS": "48353", "AREA": 899.7321, "POP1990": 16594.0, "POP1999": 16551.0, "POP90_SQMI": 18.0, "HOUSEHOLDS": 6183.0, "MALES": 8066.0, "FEMALES": 8528.0, "WHITE": 12942.0, "BLACK": 775.0, "AMERI_ES": 46.0, "ASIAN_PI": 18.0, "OTHER": 2813.0, "HISPANIC": 4246.0, "AGE_UNDER5": 1232.0, "AGE_5_17": 3386.0, "AGE_18_29": 2603.0, "AGE_30_49": 4287.0, "AGE_50_64": 2344.0, "AGE_65_UP": 2742.0, "NEVERMARRY": 2300.0, "MARRIED": 7910.0, "SEPARATED": 291.0, "WIDOWED": 1310.0, "DIVORCED": 917.0, "HSEHLD_1_M": 552.0, "HSEHLD_1_F": 997.0, "MARHH_CHD": 1782.0, "MARHH_NO_C": 1985.0, "MHH_CHILD": 97.0, "FHH_CHILD": 406.0, "HSE_UNITS": 7462.0, "VACANT": 1279.0, "OWNER_OCC": 4352.0, "RENTER_OCC": 1831.0, "MEDIAN_VAL": 29300.0, "MEDIANRENT": 196, "UNITS_1DET": 5779.0, "UNITS_1ATT": 88.0, "UNITS2": 258.0, "UNITS3_9": 425.0, "UNITS10_49": 290.0, "UNITS50_UP": 0.0, "MOBILEHOME": 521.0, "NO_FARMS87": 454.0, "AVG_SIZE87": 1224.0, "CROP_ACR87": 174038.0, "AVG_SALE87": 84151.0, "Shape_Leng": 1.8949398139377021, "Shape_Area": 0.22309192692704799, "Datacenter": 2, "GDP_Change": -6.8, "HP_Change": null, "Talent-Bachelor": null, "Talent-Master": null, "Talent-Doctor": null, "NetADD": null, "NewDatacenter2023": null, "NewDatacenter2024": null, "NewDatacenter2025": null, "NewDatacenter2022": null, "NewDatacenter2021": null, "1_DC": 2, "1_TT": -0.1119605, "1_TPM": -0.0007872, "1_GDP": -0.1980592, "1_TA": -0.1637479, "1_WI": 5.841613, "1_SO": 0.3455282, "1_ST": -0.1687589, "1_LP": -0.8116061, "1_PF": -2.002068, "1_CP": -0.1614918, "1_T": -0.3124275, "1_NR": -0.3600687, "1_GW": -0.1977391, "1_SW": -0.2113999, "1_RW": -0.1696341, "1_EG": 0.9434741, "1_OF": -1.288741 }, "geometry": { "type": "MultiPolygon", "coordinates": [ [ [ [ -100.157187225472001, 32.08448381213541 ], [ -100.23505343425046, 32.08434523541743 ], [ -100.669855051704303, 32.088068622770706 ], [ -100.663718533702649, 32.521939225567003 ], [ -100.151523757018822, 32.520592417526437 ], [ -100.157187225472001, 32.08448381213541 ] ] ] ] } },
{ "type": "Feature", "properties": { "fid": 108, "OBJECTID": 2547.0, "NAME": "Erath", "STATE_NAME": "Texas", "STATE_FIPS": "48", "CNTY_FIPS": "143", "FIPS": "48143", "AREA": 1099.7576, "POP1990": 27991.0, "POP1999": 31859.0, "POP90_SQMI": 25.0, "HOUSEHOLDS": 10877.0, "MALES": 13764.0, "FEMALES": 14227.0, "WHITE": 26413.0, "BLACK": 195.0, "AMERI_ES": 94.0, "ASIAN_PI": 115.0, "OTHER": 1174.0, "HISPANIC": 2458.0, "AGE_UNDER5": 1950.0, "AGE_5_17": 4747.0, "AGE_18_29": 7031.0, "AGE_30_49": 6584.0, "AGE_50_64": 3301.0, "AGE_65_UP": 4378.0, "NEVERMARRY": 5994.0, "MARRIED": 12498.0, "SEPARATED": 320.0, "WIDOWED": 1910.0, "DIVORCED": 1594.0, "HSEHLD_1_M": 1200.0, "HSEHLD_1_F": 1886.0, "MARHH_CHD": 2834.0, "MARHH_NO_C": 3139.0, "MHH_CHILD": 137.0, "FHH_CHILD": 468.0, "HSE_UNITS": 12758.0, "VACANT": 1881.0, "OWNER_OCC": 6819.0, "RENTER_OCC": 4058.0, "MEDIAN_VAL": 48600.0, "MEDIANRENT": 256, "UNITS_1DET": 8562.0, "UNITS_1ATT": 145.0, "UNITS2": 250.0, "UNITS3_9": 528.0, "UNITS10_49": 884.0, "UNITS50_UP": 319.0, "MOBILEHOME": 1960.0, "NO_FARMS87": 1599.0, "AVG_SIZE87": 351.0, "CROP_ACR87": 185269.0, "AVG_SALE87": 70311.0, "Shape_Leng": 2.1241301742514098, "Shape_Area": 0.27254968758995102, "Datacenter": null, "GDP_Change": 7.6, "HP_Change": null, "Talent-Bachelor": null, "Talent-Master": null, "Talent-Doctor": null, "NetADD": -34, "NewDatacenter2023": null, "NewDatacenter2024": null, "NewDatacenter2025": null, "NewDatacenter2022": null, "NewDatacenter2021": null, "1_DC": 0, "1_TT": -0.1119605, "1_TPM": -0.0560573, "1_GDP": -0.1719588, "1_TA": -0.1596346, "1_WI": -0.2245278, "1_SO": -0.3357621, "1_ST": -0.3565562, "1_LP": -0.1044561, "1_PF": 0.069318, "1_CP": -0.1614918, "1_T": 0.0362832, "1_NR": 0.8540143, "1_GW": -0.0830932, "1_SW": -0.2121343, "1_RW": -0.1722456, "1_EG": -0.4000453, "1_OF": -0.0894017 }, "geometry": { "type": "MultiPolygon", "coordinates": [ [ [ [ -98.005316540986996, 32.021798893163435 ], [ -98.204356706617318, 31.917976057833112 ], [ -98.252050128083681, 31.983487715033402 ], [ -98.326308257145968, 31.945396557212792 ], [ -98.552240466179455, 32.260375119000933 ], [ -98.469032152339707, 32.303030459314812 ], [ -98.469728699752523, 32.521767145810315 ], [ -98.063016442934497, 32.519196670742573 ], [ -97.942969213173058, 32.239986615052295 ], [ -97.944289057305525, 32.230892611550864 ], [ -97.865000848491889, 32.095379788659258 ], [ -98.005316540986996, 32.021798893163435 ] ] ] ] } },
{ "type": "Feature", "properties": { "fid": 109, "OBJECTID": 2558.0, "NAME": "Rusk", "STATE_NAME": "Texas", "STATE_FIPS": "48", "CNTY_FIPS": "401", "FIPS": "48401", "AREA": 934.0134, "POP1990": 43735.0, "POP1999": 46150.0, "POP90_SQMI": 47.0, "HOUSEHOLDS": 16327.0, "MALES": 20931.0, "FEMALES": 22804.0, "WHITE": 33730.0, "BLACK": 8984.0, "AMERI_ES": 150.0, "ASIAN_PI": 51.0, "OTHER": 820.0, "HISPANIC": 1736.0, "AGE_UNDER5": 3042.0, "AGE_5_17": 9126.0, "AGE_18_29": 6355.0, "AGE_30_49": 11662.0, "AGE_50_64": 6016.0, "AGE_65_UP": 7534.0, "NEVERMARRY": 5963.0, "MARRIED": 20727.0, "SEPARATED": 729.0, "WIDOWED": 3641.0, "DIVORCED": 2563.0, "HSEHLD_1_M": 1390.0, "HSEHLD_1_F": 2530.0, "MARHH_CHD": 4866.0, "MARHH_NO_C": 5083.0, "MHH_CHILD": 269.0, "FHH_CHILD": 1100.0, "HSE_UNITS": 19092.0, "VACANT": 2765.0, "OWNER_OCC": 12901.0, "RENTER_OCC": 3426.0, "MEDIAN_VAL": 41800.0, "MEDIANRENT": 220, "UNITS_1DET": 14689.0, "UNITS_1ATT": 172.0, "UNITS2": 344.0, "UNITS3_9": 366.0, "UNITS10_49": 344.0, "UNITS50_UP": 0.0, "MOBILEHOME": 2921.0, "NO_FARMS87": 1327.0, "AVG_SIZE87": 204.0, "CROP_ACR87": 121839.0, "AVG_SALE87": 14692.0, "Shape_Leng": 2.2633495358350331, "Shape_Area": 0.231239989794159, "Datacenter": null, "GDP_Change": -7.3, "HP_Change": null, "Talent-Bachelor": null, "Talent-Master": null, "Talent-Doctor": null, "NetADD": null, "NewDatacenter2023": null, "NewDatacenter2024": null, "NewDatacenter2025": null, "NewDatacenter2022": null, "NewDatacenter2021": null, "1_DC": 0, "1_TT": -0.1119605, "1_TPM": -0.0007872, "1_GDP": -0.1657551, "1_TA": 0.6884993, "1_WI": -0.4878197, "1_SO": -0.3707, "1_ST": -0.3565562, "1_LP": 0.1066335, "1_PF": 0.069318, "1_CP": -0.1614918, "1_T": -0.2377038, "1_NR": 0.1679742, "1_GW": 5.9e-05, "1_SW": -0.1948102, "1_RW": -0.1722456, "1_EG": 2.519022, "1_OF": 0.3828593 }, "geometry": { "type": "MultiPolygon", "coordinates": [ [ [ [ -94.987369514320847, 31.851551449800215 ], [ -94.989193307180415, 31.93474307376411 ], [ -94.979175783733922, 31.956671030484745 ], [ -94.986034835535747, 31.976611622214467 ], [ -94.989155677894075, 32.142924789844294 ], [ -94.990658904717634, 32.369805875988419 ], [ -94.672106524956007, 32.370762403656293 ], [ -94.598914780497466, 32.35998681628346 ], [ -94.582861878586186, 32.364240188051831 ], [ -94.572889818872113, 32.398903274356954 ], [ -94.554570890732805, 32.40441166229288 ], [ -94.518207735898443, 32.387593505102302 ], [ -94.50084251819635, 32.394967211967597 ], [ -94.484064913539669, 32.385934401366136 ], [ -94.50744231360278, 32.314956500657956 ], [ -94.522366026827626, 32.303356273823496 ], [ -94.525807044985186, 32.284809798272214 ], [ -94.575217368495089, 32.205027729449931 ], [ -94.586593929629146, 32.109240097732332 ], [ -94.600434471093365, 32.06469737142416 ], [ -94.59533848018873, 31.971751836495123 ], [ -94.508261291317524, 31.971643260515243 ], [ -94.507887947124971, 31.921838646472384 ], [ -94.473547447850819, 31.886809658440576 ], [ -94.457212872298555, 31.849459488014947 ], [ -94.987369514320847, 31.851551449800215 ] ] ] ] } },
{ "type": "Feature", "properties": { "fid": 110, "OBJECTID": 2560.0, "NAME": "Panola", "STATE_NAME": "Texas", "STATE_FIPS": "48", "CNTY_FIPS": "365", "FIPS": "48365", "AREA": 827.4866, "POP1990": 22035.0, "POP1999": 23181.0, "POP90_SQMI": 27.0, "HOUSEHOLDS": 8241.0, "MALES": 10537.0, "FEMALES": 11498.0, "WHITE": 17702.0, "BLACK": 4057.0, "AMERI_ES": 57.0, "ASIAN_PI": 23.0, "OTHER": 196.0, "HISPANIC": 477.0, "AGE_UNDER5": 1526.0, "AGE_5_17": 4613.0, "AGE_18_29": 3344.0, "AGE_30_49": 5918.0, "AGE_50_64": 3151.0, "AGE_65_UP": 3483.0, "NEVERMARRY": 2994.0, "MARRIED": 10506.0, "SEPARATED": 377.0, "WIDOWED": 1817.0, "DIVORCED": 1188.0, "HSEHLD_1_M": 713.0, "HSEHLD_1_F": 1292.0, "MARHH_CHD": 2528.0, "MARHH_NO_C": 2535.0, "MHH_CHILD": 115.0, "FHH_CHILD": 532.0, "HSE_UNITS": 9700.0, "VACANT": 1459.0, "OWNER_OCC": 6625.0, "RENTER_OCC": 1616.0, "MEDIAN_VAL": 43100.0, "MEDIANRENT": 228, "UNITS_1DET": 6810.0, "UNITS_1ATT": 74.0, "UNITS2": 65.0, "UNITS3_9": 209.0, "UNITS10_49": 114.0, "UNITS50_UP": 0.0, "MOBILEHOME": 2298.0, "NO_FARMS87": 912.0, "AVG_SIZE87": 221.0, "CROP_ACR87": 73864.0, "AVG_SALE87": 34362.0, "Shape_Leng": 1.9464169711213719, "Shape_Area": 0.20496401493816099, "Datacenter": null, "GDP_Change": -16.6, "HP_Change": null, "Talent-Bachelor": null, "Talent-Master": null, "Talent-Doctor": null, "NetADD": null, "NewDatacenter2023": null, "NewDatacenter2024": null, "NewDatacenter2025": null, "NewDatacenter2022": null, "NewDatacenter2021": null, "1_DC": 0, "1_TT": -0.1119605, "1_TPM": -0.0007872, "1_GDP": -0.1745136, "1_TA": 0.1255163, "1_WI": -0.4878197, "1_SO": -0.3707, "1_ST": -0.3565562, "1_LP": 0.1066335, "1_PF": 0.069318, "1_CP": -0.1614918, "1_T": -0.1629801, "1_NR": 0.2147497, "1_GW": -0.1804341, "1_SW": -0.1878671, "1_RW": -0.1722456, "1_EG": -0.5380116, "1_OF": -0.8810335 }, "geometry": { "type": "MultiPolygon", "coordinates": [ [ [ [ -94.508261291317524, 31.971643260515243 ], [ -94.59533848018873, 31.971751836495123 ], [ -94.600434471093365, 32.06469737142416 ], [ -94.586593929629146, 32.109240097732332 ], [ -94.575217368495089, 32.205027729449931 ], [ -94.525807044985186, 32.284809798272214 ], [ -94.522366026827626, 32.303356273823496 ], [ -94.50744231360278, 32.314956500657956 ], [ -94.484064913539669, 32.385934401366136 ], [ -94.436883180439281, 32.360804252155148 ], [ -94.427170616785475, 32.367624765999274 ], [ -94.393546738203554, 32.366419546698367 ], [ -94.382056546706167, 32.344398058649446 ], [ -94.349508513299384, 32.328167203570715 ], [ -94.035418499467085, 32.389381161774772 ], [ -94.034954991873974, 32.199609198134951 ], [ -94.035255615821484, 31.994679259785148 ], [ -94.01007792557175, 31.989300650620773 ], [ -94.004584700129669, 31.978108625101427 ], [ -94.508261291317524, 31.971643260515243 ] ] ] ] } },
{ "type": "Feature", "properties": { "fid": 111, "OBJECTID": 2561.0, "NAME": "Henderson", "STATE_NAME": "Texas", "STATE_FIPS": "48", "CNTY_FIPS": "213", "FIPS": "48213", "AREA": 938.2346, "POP1990": 58543.0, "POP1999": 70300.0, "POP90_SQMI": 62.0, "HOUSEHOLDS": 22947.0, "MALES": 28386.0, "FEMALES": 30157.0, "WHITE": 52216.0, "BLACK": 4755.0, "AMERI_ES": 181.0, "ASIAN_PI": 141.0, "OTHER": 1250.0, "HISPANIC": 2368.0, "AGE_UNDER5": 3680.0, "AGE_5_17": 10382.0, "AGE_18_29": 8399.0, "AGE_30_49": 14423.0, "AGE_50_64": 10414.0, "AGE_65_UP": 11245.0, "NEVERMARRY": 7134.0, "MARRIED": 30418.0, "SEPARATED": 956.0, "WIDOWED": 4317.0, "DIVORCED": 3967.0, "HSEHLD_1_M": 1947.0, "HSEHLD_1_F": 3242.0, "MARHH_CHD": 5752.0, "MARHH_NO_C": 8880.0, "MHH_CHILD": 310.0, "FHH_CHILD": 1366.0, "HSE_UNITS": 31779.0, "VACANT": 8832.0, "OWNER_OCC": 18155.0, "RENTER_OCC": 4792.0, "MEDIAN_VAL": 53600.0, "MEDIANRENT": 245, "UNITS_1DET": 18992.0, "UNITS_1ATT": 224.0, "UNITS2": 274.0, "UNITS3_9": 678.0, "UNITS10_49": 647.0, "UNITS50_UP": 210.0, "MOBILEHOME": 10560.0, "NO_FARMS87": 1577.0, "AVG_SIZE87": 211.0, "CROP_ACR87": 132182.0, "AVG_SALE87": 14889.0, "Shape_Leng": 2.6334564617214649, "Shape_Area": 0.23242534153754299, "Datacenter": null, "GDP_Change": 4.4, "HP_Change": null, "Talent-Bachelor": null, "Talent-Master": null, "Talent-Doctor": null, "NetADD": 319, "NewDatacenter2023": null, "NewDatacenter2024": null, "NewDatacenter2025": null, "NewDatacenter2022": null, "NewDatacenter2021": null, "1_DC": 0, "1_TT": -0.1119605, "1_TPM": 0.5177762, "1_GDP": -0.1659397, "1_TA": 0.4787664, "1_WI": -0.4878197, "1_SO": -0.353231, "1_ST": -0.2626576, "1_LP": 0.1066335, "1_PF": 0.069318, "1_CP": -0.1614918, "1_T": -0.2377038, "1_NR": 1.165851, "1_GW": -0.0315447, "1_SW": -0.1060032, "1_RW": -0.1722456, "1_EG": -0.4519443, "1_OF": -0.9591775 }, "geometry": { "type": "MultiPolygon", "coordinates": [ [ [ [ -95.430896358437622, 32.083652617500469 ], [ -96.049691263472198, 32.015788156669529 ], [ -96.063409627395856, 32.033609397295798 ], [ -96.057207004284919, 32.060768795422668 ], [ -96.062433619906926, 32.086501446975376 ], [ -96.100780377122646, 32.088290100017531 ], [ -96.1125454817535, 32.102384644934148 ], [ -96.105404722597825, 32.160075499494752 ], [ -96.114743523836182, 32.168612337197168 ], [ -96.134115157338442, 32.160151605505327 ], [ -96.145903018812589, 32.162836955754472 ], [ -96.169516990714556, 32.178693803657204 ], [ -96.146422408556759, 32.219417810335173 ], [ -96.187538557232187, 32.209866053864921 ], [ -96.190003095759266, 32.226371522993539 ], [ -96.20379747366195, 32.221362986712634 ], [ -96.244990291351087, 32.256037018219814 ], [ -96.261539000983419, 32.250200725305383 ], [ -96.285809035657678, 32.264684596337666 ], [ -96.284557909886757, 32.291550534120894 ], [ -96.296429746747435, 32.304710760658374 ], [ -96.327314662343213, 32.305717801201425 ], [ -96.385239319896925, 32.332663851407993 ], [ -96.397309445777182, 32.329856335010355 ], [ -96.41201954275931, 32.340815569137675 ], [ -96.430994553252219, 32.341414456541344 ], [ -96.448970262418356, 32.364320900881843 ], [ -96.072804488836312, 32.360552305752591 ], [ -95.448850082477918, 32.35814912246277 ], [ -95.450917374328583, 32.283868403578808 ], [ -95.480924516940149, 32.23306242026969 ], [ -95.464284146396722, 32.201367863363835 ], [ -95.476880478342025, 32.151222350200655 ], [ -95.463444635577389, 32.139729358498506 ], [ -95.461033570448308, 32.115446266505835 ], [ -95.430896358437622, 32.083652617500469 ] ] ] ] } },
{ "type": "Feature", "properties": { "fid": 112, "OBJECTID": 2565.0, "NAME": "Navarro", "STATE_NAME": "Texas", "STATE_FIPS": "48", "CNTY_FIPS": "349", "FIPS": "48349", "AREA": 1094.8552, "POP1990": 39926.0, "POP1999": 42181.0, "POP90_SQMI": 36.0, "HOUSEHOLDS": 14874.0, "MALES": 19193.0, "FEMALES": 20733.0, "WHITE": 30322.0, "BLACK": 7574.0, "AMERI_ES": 127.0, "ASIAN_PI": 271.0, "OTHER": 1632.0, "HISPANIC": 2891.0, "AGE_UNDER5": 2976.0, "AGE_5_17": 7782.0, "AGE_18_29": 6813.0, "AGE_30_49": 10067.0, "AGE_50_64": 5425.0, "AGE_65_UP": 6863.0, "NEVERMARRY": 6282.0, "MARRIED": 17941.0, "SEPARATED": 718.0, "WIDOWED": 3370.0, "DIVORCED": 2616.0, "HSEHLD_1_M": 1306.0, "HSEHLD_1_F": 2453.0, "MARHH_CHD": 4097.0, "MARHH_NO_C": 4409.0, "MHH_CHILD": 258.0, "FHH_CHILD": 1174.0, "HSE_UNITS": 17219.0, "VACANT": 2345.0, "OWNER_OCC": 10334.0, "RENTER_OCC": 4540.0, "MEDIAN_VAL": 40900.0, "MEDIANRENT": 248, "UNITS_1DET": 12323.0, "UNITS_1ATT": 224.0, "UNITS2": 425.0, "UNITS3_9": 963.0, "UNITS10_49": 547.0, "UNITS50_UP": 155.0, "MOBILEHOME": 2356.0, "NO_FARMS87": 1463.0, "AVG_SIZE87": 345.0, "CROP_ACR87": 242477.0, "AVG_SALE87": 19006.0, "Shape_Leng": 2.2296459650839959, "Shape_Area": 0.27078698029211501, "Datacenter": 1, "GDP_Change": 1.9, "HP_Change": null, "Talent-Bachelor": null, "Talent-Master": null, "Talent-Doctor": null, "NetADD": null, "NewDatacenter2023": null, "NewDatacenter2024": null, "NewDatacenter2025": null, "NewDatacenter2022": 1, "NewDatacenter2021": null, "1_DC": 1, "1_TT": -0.1119605, "1_TPM": -0.0007872, "1_GDP": -0.1741794, "1_TA": 0.5265104, "1_WI": 0.2916286, "1_SO": 1.795453, "1_ST": 0.3195143, "1_LP": 0.2966141, "1_PF": 0.069318, "1_CP": -0.1614918, "1_T": 0.086099, "1_NR": 0.8623299, "1_GW": -0.2357589, "1_SW": -0.0772632, "1_RW": -0.1722456, "1_EG": 0.0028483, "1_OF": -1.332909 }, "geometry": { "type": "MultiPolygon", "coordinates": [ [ [ [ -96.502213862591418, 31.806248694200306 ], [ -96.722001111601458, 31.824748109108235 ], [ -96.898522194212205, 32.086154801359861 ], [ -96.397309445777182, 32.329856335010355 ], [ -96.385239319896925, 32.332663851407993 ], [ -96.327314662343213, 32.305717801201425 ], [ -96.296429746747435, 32.304710760658374 ], [ -96.284557909886757, 32.291550534120894 ], [ -96.285809035657678, 32.264684596337666 ], [ -96.261539000983419, 32.250200725305383 ], [ -96.244990291351087, 32.256037018219814 ], [ -96.20379747366195, 32.221362986712634 ], [ -96.190003095759266, 32.226371522993539 ], [ -96.187538557232187, 32.209866053864921 ], [ -96.146422408556759, 32.219417810335173 ], [ -96.169516990714556, 32.178693803657204 ], [ -96.145903018812589, 32.162836955754472 ], [ -96.134115157338442, 32.160151605505327 ], [ -96.114743523836182, 32.168612337197168 ], [ -96.105404722597825, 32.160075499494752 ], [ -96.1125454817535, 32.102384644934148 ], [ -96.100780377122646, 32.088290100017531 ], [ -96.062433619906926, 32.086501446975376 ], [ -96.057207004284919, 32.060768795422668 ], [ -96.063409627395856, 32.033609397295798 ], [ -96.049691263472198, 32.015788156669529 ], [ -96.502213862591418, 31.806248694200306 ] ] ] ] } },
{ "type": "Feature", "properties": { "fid": 113, "OBJECTID": 2566.0, "NAME": "Somervell", "STATE_NAME": "Texas", "STATE_FIPS": "48", "CNTY_FIPS": "425", "FIPS": "48425", "AREA": 191.2795, "POP1990": 5360.0, "POP1999": 6601.0, "POP90_SQMI": 28.0, "HOUSEHOLDS": 1902.0, "MALES": 2712.0, "FEMALES": 2648.0, "WHITE": 4849.0, "BLACK": 10.0, "AMERI_ES": 34.0, "ASIAN_PI": 22.0, "OTHER": 445.0, "HISPANIC": 749.0, "AGE_UNDER5": 448.0, "AGE_5_17": 1269.0, "AGE_18_29": 818.0, "AGE_30_49": 1562.0, "AGE_50_64": 622.0, "AGE_65_UP": 641.0, "NEVERMARRY": 657.0, "MARRIED": 2548.0, "SEPARATED": 76.0, "WIDOWED": 304.0, "DIVORCED": 325.0, "HSEHLD_1_M": 180.0, "HSEHLD_1_F": 241.0, "MARHH_CHD": 675.0, "MARHH_NO_C": 552.0, "MHH_CHILD": 31.0, "FHH_CHILD": 119.0, "HSE_UNITS": 2429.0, "VACANT": 527.0, "OWNER_OCC": 1349.0, "RENTER_OCC": 553.0, "MEDIAN_VAL": 55300.0, "MEDIANRENT": 246, "UNITS_1DET": 1452.0, "UNITS_1ATT": 21.0, "UNITS2": 18.0, "UNITS3_9": 82.0, "UNITS10_49": 25.0, "UNITS50_UP": 0.0, "MOBILEHOME": 788.0, "NO_FARMS87": 234.0, "AVG_SIZE87": 278.0, "CROP_ACR87": 21166.0, "AVG_SALE87": 9407.0, "Shape_Leng": 0.90906821381440095, "Shape_Area": 0.047410230406077003, "Datacenter": 1, "GDP_Change": 0.0, "HP_Change": null, "Talent-Bachelor": null, "Talent-Master": null, "Talent-Doctor": null, "NetADD": null, "NewDatacenter2023": null, "NewDatacenter2024": null, "NewDatacenter2025": null, "NewDatacenter2022": null, "NewDatacenter2021": null, "1_DC": 1, "1_TT": -0.1119605, "1_TPM": -0.0007872, "1_GDP": -0.1875563, "1_TA": 0.3116226, "1_WI": -0.4878197, "1_SO": -0.3707, "1_ST": -0.3565562, "1_LP": 2.301965, "1_PF": -6.144841, "1_CP": -0.1614918, "1_T": 0.0362832, "1_NR": -1.243605, "1_GW": -0.2158508, "1_SW": -0.2090133, "1_RW": -0.1453471, "1_EG": 4.188633, "1_OF": 0.4100398 }, "geometry": { "type": "MultiPolygon", "coordinates": [ [ [ [ -97.865000848491889, 32.095379788659258 ], [ -97.944289057305525, 32.230892611550864 ], [ -97.942969213173058, 32.239986615052295 ], [ -97.783487454386432, 32.323581262180191 ], [ -97.61422391710181, 32.323327647369638 ], [ -97.613803728866742, 32.210263036932311 ], [ -97.62720906223791, 32.215103544772141 ], [ -97.865000848491889, 32.095379788659258 ] ] ] ] } },
{ "type": "Feature", "properties": { "fid": 114, "OBJECTID": 2573.0, "NAME": "Hill", "STATE_NAME": "Texas", "STATE_FIPS": "48", "CNTY_FIPS": "217", "FIPS": "48217", "AREA": 991.2486, "POP1990": 27146.0, "POP1999": 31055.0, "POP90_SQMI": 27.0, "HOUSEHOLDS": 10268.0, "MALES": 12998.0, "FEMALES": 14148.0, "WHITE": 23669.0, "BLACK": 2520.0, "AMERI_ES": 80.0, "ASIAN_PI": 38.0, "OTHER": 839.0, "HISPANIC": 2230.0, "AGE_UNDER5": 1794.0, "AGE_5_17": 5060.0, "AGE_18_29": 3909.0, "AGE_30_49": 6602.0, "AGE_50_64": 4097.0, "AGE_65_UP": 5684.0, "NEVERMARRY": 3735.0, "MARRIED": 13278.0, "SEPARATED": 417.0, "WIDOWED": 2470.0, "DIVORCED": 1546.0, "HSEHLD_1_M": 891.0, "HSEHLD_1_F": 1752.0, "MARHH_CHD": 2684.0, "MARHH_NO_C": 3533.0, "MHH_CHILD": 181.0, "FHH_CHILD": 554.0, "HSE_UNITS": 12899.0, "VACANT": 2631.0, "OWNER_OCC": 7624.0, "RENTER_OCC": 2644.0, "MEDIAN_VAL": 37200.0, "MEDIANRENT": 205, "UNITS_1DET": 9864.0, "UNITS_1ATT": 84.0, "UNITS2": 166.0, "UNITS3_9": 322.0, "UNITS10_49": 169.0, "UNITS50_UP": 0.0, "MOBILEHOME": 2139.0, "NO_FARMS87": 1501.0, "AVG_SIZE87": 294.0, "CROP_ACR87": 296402.0, "AVG_SALE87": 24002.0, "Shape_Leng": 2.376834459817657, "Shape_Area": 0.24496286321625099, "Datacenter": null, "GDP_Change": 6.3, "HP_Change": null, "Talent-Bachelor": null, "Talent-Master": null, "Talent-Doctor": null, "NetADD": null, "NewDatacenter2023": null, "NewDatacenter2024": null, "NewDatacenter2025": null, "NewDatacenter2022": null, "NewDatacenter2021": null, "1_DC": 0, "1_TT": -0.1119605, "1_TPM": -0.0007872, "1_GDP": -0.1874931, "1_TA": 0.5385355, "1_WI": 0.2942354, "1_SO": 1.229459, "1_ST": 1.549587, "1_LP": 0.2966141, "1_PF": -9.25192, "1_CP": 8.734175, "1_T": 0.0611911, "1_NR": 0.7874892, "1_GW": -0.0931022, "1_SW": -0.1673386, "1_RW": -0.1722456, "1_EG": -0.1617613, "1_OF": -0.7349384 }, "geometry": { "type": "MultiPolygon", "coordinates": [ [ [ [ -97.276616039739167, 31.754241427448374 ], [ -97.312254300503525, 31.767878277802325 ], [ -97.320204567230235, 31.788145186263709 ], [ -97.282903487020405, 31.823295234443432 ], [ -97.281766825485988, 31.841061764649474 ], [ -97.33237429667787, 31.843643727196628 ], [ -97.345367696292271, 31.858552969164172 ], [ -97.377320732650162, 31.871163713042151 ], [ -97.3727126026684, 31.896603347474763 ], [ -97.426028727230346, 31.933875261695487 ], [ -97.416842751002036, 31.95099910921887 ], [ -97.384630634244502, 31.97807931983462 ], [ -97.415851179568108, 31.998414625531968 ], [ -97.436664969774483, 32.02351820690739 ], [ -97.47304296833579, 32.018410092769393 ], [ -97.486616181708087, 32.033767500198643 ], [ -97.494657950353997, 32.053099777969322 ], [ -97.478109636822069, 32.097879429467532 ], [ -97.491621965793513, 32.132836245213262 ], [ -97.457174419677074, 32.160793636033958 ], [ -97.465170425744645, 32.181949299644828 ], [ -97.463842928740576, 32.189670039075402 ], [ -97.085304841373215, 32.275826742313299 ], [ -96.939295070722551, 32.066746291673269 ], [ -96.898522194212205, 32.086154801359861 ], [ -96.722001111601458, 31.824748109108235 ], [ -96.934142042939243, 31.720757892895985 ], [ -97.038120675905816, 31.866383445700986 ], [ -97.276616039739167, 31.754241427448374 ] ] ] ] } },
{ "type": "Feature", "properties": { "fid": 115, "OBJECTID": 2577.0, "NAME": "Comanche", "STATE_NAME": "Texas", "STATE_FIPS": "48", "CNTY_FIPS": "093", "FIPS": "48093", "AREA": 946.5628, "POP1990": 13381.0, "POP1999": 13616.0, "POP90_SQMI": 14.0, "HOUSEHOLDS": 5318.0, "MALES": 6549.0, "FEMALES": 6832.0, "WHITE": 12297.0, "BLACK": 16.0, "AMERI_ES": 51.0, "ASIAN_PI": 8.0, "OTHER": 1009.0, "HISPANIC": 2205.0, "AGE_UNDER5": 858.0, "AGE_5_17": 2281.0, "AGE_18_29": 1786.0, "AGE_30_49": 3079.0, "AGE_50_64": 2229.0, "AGE_65_UP": 3148.0, "NEVERMARRY": 1569.0, "MARRIED": 7088.0, "SEPARATED": 161.0, "WIDOWED": 1324.0, "DIVORCED": 654.0, "HSEHLD_1_M": 468.0, "HSEHLD_1_F": 924.0, "MARHH_CHD": 1365.0, "MARHH_NO_C": 2015.0, "MHH_CHILD": 53.0, "FHH_CHILD": 174.0, "HSE_UNITS": 6724.0, "VACANT": 1406.0, "OWNER_OCC": 4111.0, "RENTER_OCC": 1207.0, "MEDIAN_VAL": 31700.0, "MEDIANRENT": 160, "UNITS_1DET": 5232.0, "UNITS_1ATT": 73.0, "UNITS2": 105.0, "UNITS3_9": 57.0, "UNITS10_49": 112.0, "UNITS50_UP": 0.0, "MOBILEHOME": 1049.0, "NO_FARMS87": 1335.0, "AVG_SIZE87": 379.0, "CROP_ACR87": 190764.0, "AVG_SALE87": 49809.0, "Shape_Leng": 2.0739043387391281, "Shape_Area": 0.23391724081512799, "Datacenter": null, "GDP_Change": 9.6, "HP_Change": null, "Talent-Bachelor": null, "Talent-Master": null, "Talent-Doctor": null, "NetADD": -28, "NewDatacenter2023": null, "NewDatacenter2024": null, "NewDatacenter2025": null, "NewDatacenter2022": null, "NewDatacenter2021": null, "1_DC": 0, "1_TT": -0.1119605, "1_TPM": -0.0463037, "1_GDP": -0.2087843, "1_TA": -0.1303132, "1_WI": 0.0596189, "1_SO": -0.3707, "1_ST": -0.3565562, "1_LP": -0.1044561, "1_PF": 0.069318, "1_CP": -0.1614918, "1_T": -0.0384405, "1_NR": 0.0702655, "1_GW": -0.2216802, "1_SW": -0.1949103, "1_RW": -0.1722456, "1_EG": -0.3946367, "1_OF": 0.2945228 }, "geometry": { "type": "MultiPolygon", "coordinates": [ [ [ [ -98.461287409963688, 31.691422677118503 ], [ -98.495605239547899, 31.727017973088813 ], [ -98.671488726048949, 31.704606031178258 ], [ -98.924271284933013, 32.082195812010589 ], [ -98.76679850230795, 32.159448142046109 ], [ -98.757429614682167, 32.170285341686736 ], [ -98.731382225365337, 32.174099993027426 ], [ -98.552240466179455, 32.260375119000933 ], [ -98.326308257145968, 31.945396557212792 ], [ -98.252050128083681, 31.983487715033402 ], [ -98.204356706617318, 31.917976057833112 ], [ -98.158540177131442, 31.844711178761454 ], [ -98.461287409963688, 31.691422677118503 ] ] ] ] } },
{ "type": "Feature", "properties": { "fid": 116, "OBJECTID": 2588.0, "NAME": "Bosque", "STATE_NAME": "Texas", "STATE_FIPS": "48", "CNTY_FIPS": "035", "FIPS": "48035", "AREA": 999.9844, "POP1990": 15125.0, "POP1999": 16573.0, "POP90_SQMI": 15.0, "HOUSEHOLDS": 5990.0, "MALES": 7302.0, "FEMALES": 7823.0, "WHITE": 14173.0, "BLACK": 319.0, "AMERI_ES": 26.0, "ASIAN_PI": 41.0, "OTHER": 566.0, "HISPANIC": 1430.0, "AGE_UNDER5": 921.0, "AGE_5_17": 2641.0, "AGE_18_29": 1940.0, "AGE_30_49": 3613.0, "AGE_50_64": 2294.0, "AGE_65_UP": 3716.0, "NEVERMARRY": 1739.0, "MARRIED": 7966.0, "SEPARATED": 173.0, "WIDOWED": 1448.0, "DIVORCED": 811.0, "HSEHLD_1_M": 518.0, "HSEHLD_1_F": 1019.0, "MARHH_CHD": 1486.0, "MARHH_NO_C": 2311.0, "MHH_CHILD": 72.0, "FHH_CHILD": 240.0, "HSE_UNITS": 8074.0, "VACANT": 2084.0, "OWNER_OCC": 4543.0, "RENTER_OCC": 1447.0, "MEDIAN_VAL": 42000.0, "MEDIANRENT": 211, "UNITS_1DET": 6321.0, "UNITS_1ATT": 83.0, "UNITS2": 121.0, "UNITS3_9": 143.0, "UNITS10_49": 50.0, "UNITS50_UP": 0.0, "MOBILEHOME": 1247.0, "NO_FARMS87": 968.0, "AVG_SIZE87": 588.0, "CROP_ACR87": 137194.0, "AVG_SALE87": 25442.0, "Shape_Leng": 2.3685384008688271, "Shape_Area": 0.24703929583274301, "Datacenter": 1, "GDP_Change": -0.5, "HP_Change": null, "Talent-Bachelor": null, "Talent-Master": null, "Talent-Doctor": null, "NetADD": 34, "NewDatacenter2023": null, "NewDatacenter2024": 1, "NewDatacenter2025": null, "NewDatacenter2022": null, "NewDatacenter2021": null, "1_DC": 1, "1_TT": -0.1119605, "1_TPM": 0.0544829, "1_GDP": -0.205032, "1_TA": -0.292609, "1_WI": -0.4878197, "1_SO": -0.0702336, "1_ST": -0.3565562, "1_LP": 0.2966141, "1_PF": -5.109148, "1_CP": -0.1614918, "1_T": 0.0611911, "1_NR": -0.3912523, "1_GW": -0.1265025, "1_SW": -0.207628, "1_RW": -0.1722456, "1_EG": 0.5201924, "1_OF": -0.6805774 }, "geometry": { "type": "MultiPolygon", "coordinates": [ [ [ [ -97.75978547724776, 31.679141558968869 ], [ -98.005316540986996, 32.021798893163435 ], [ -97.865000848491889, 32.095379788659258 ], [ -97.62720906223791, 32.215103544772141 ], [ -97.613803728866742, 32.210263036932311 ], [ -97.586802377694198, 32.207410142534442 ], [ -97.582110095232849, 32.201383159631582 ], [ -97.595652576768771, 32.183435293327911 ], [ -97.569589716075939, 32.185610013774991 ], [ -97.561326560250563, 32.154429660448606 ], [ -97.522659432012176, 32.144466534417539 ], [ -97.50250193689152, 32.148582788824996 ], [ -97.501845947128118, 32.169543991921849 ], [ -97.465170425744645, 32.181949299644828 ], [ -97.457174419677074, 32.160793636033958 ], [ -97.491621965793513, 32.132836245213262 ], [ -97.478109636822069, 32.097879429467532 ], [ -97.494657950353997, 32.053099777969322 ], [ -97.486616181708087, 32.033767500198643 ], [ -97.47304296833579, 32.018410092769393 ], [ -97.436664969774483, 32.02351820690739 ], [ -97.415851179568108, 31.998414625531968 ], [ -97.384630634244502, 31.97807931983462 ], [ -97.416842751002036, 31.95099910921887 ], [ -97.426028727230346, 31.933875261695487 ], [ -97.3727126026684, 31.896603347474763 ], [ -97.377320732650162, 31.871163713042151 ], [ -97.345367696292271, 31.858552969164172 ], [ -97.33237429667787, 31.843643727196628 ], [ -97.281766825485988, 31.841061764649474 ], [ -97.282903487020405, 31.823295234443432 ], [ -97.320204567230235, 31.788145186263709 ], [ -97.312254300503525, 31.767878277802325 ], [ -97.276616039739167, 31.754241427448374 ], [ -97.60250819661951, 31.592824323838705 ], [ -97.692164389849154, 31.710170344564581 ], [ -97.75978547724776, 31.679141558968869 ] ] ] ] } },
{ "type": "Feature", "properties": { "fid": 117, "OBJECTID": 2592.0, "NAME": "Cherokee", "STATE_NAME": "Texas", "STATE_FIPS": "48", "CNTY_FIPS": "073", "FIPS": "48073", "AREA": 1054.1602, "POP1990": 41049.0, "POP1999": 43392.0, "POP90_SQMI": 39.0, "HOUSEHOLDS": 14981.0, "MALES": 20184.0, "FEMALES": 20865.0, "WHITE": 32039.0, "BLACK": 6931.0, "AMERI_ES": 108.0, "ASIAN_PI": 196.0, "OTHER": 1775.0, "HISPANIC": 2697.0, "AGE_UNDER5": 2903.0, "AGE_5_17": 7856.0, "AGE_18_29": 6757.0, "AGE_30_49": 10597.0, "AGE_50_64": 5764.0, "AGE_65_UP": 7172.0, "NEVERMARRY": 6318.0, "MARRIED": 18639.0, "SEPARATED": 884.0, "WIDOWED": 3461.0, "DIVORCED": 2763.0, "HSEHLD_1_M": 1265.0, "HSEHLD_1_F": 2467.0, "MARHH_CHD": 4072.0, "MARHH_NO_C": 4636.0, "MHH_CHILD": 253.0, "FHH_CHILD": 1186.0, "HSE_UNITS": 17629.0, "VACANT": 2648.0, "OWNER_OCC": 10886.0, "RENTER_OCC": 4095.0, "MEDIAN_VAL": 39500.0, "MEDIANRENT": 213, "UNITS_1DET": 12739.0, "UNITS_1ATT": 214.0, "UNITS2": 384.0, "UNITS3_9": 393.0, "UNITS10_49": 472.0, "UNITS50_UP": 86.0, "MOBILEHOME": 3149.0, "NO_FARMS87": 1463.0, "AVG_SIZE87": 194.0, "CROP_ACR87": 120417.0, "AVG_SALE87": 33604.0, "Shape_Leng": 2.3797820703364949, "Shape_Area": 0.26006163444133601, "Datacenter": null, "GDP_Change": 4.8, "HP_Change": null, "Talent-Bachelor": null, "Talent-Master": null, "Talent-Doctor": null, "NetADD": 40, "NewDatacenter2023": null, "NewDatacenter2024": null, "NewDatacenter2025": null, "NewDatacenter2022": null, "NewDatacenter2021": null, "1_DC": 0, "1_TT": -0.1119605, "1_TPM": 0.0642364, "1_GDP": -0.1802188, "1_TA": 0.3873224, "1_WI": -0.4878197, "1_SO": -0.3707, "1_ST": -0.3565562, "1_LP": 0.1066335, "1_PF": 0.069318, "1_CP": -0.1614918, "1_T": -0.1629801, "1_NR": 0.4174433, "1_GW": -0.2464279, "1_SW": -0.1962622, "1_RW": -0.1722456, "1_EG": -0.3212679, "1_OF": 0.1756081 }, "geometry": { "type": "MultiPolygon", "coordinates": [ [ [ [ -94.873869299793739, 31.53164123202092 ], [ -94.999533925799938, 31.439080200966647 ], [ -95.042511354853275, 31.447851959804755 ], [ -95.057976604868657, 31.467276074067414 ], [ -95.10294546323712, 31.478855476291379 ], [ -95.107187584782309, 31.48863812231086 ], [ -95.098757162496952, 31.512487197530248 ], [ -95.140873209791835, 31.554081975435373 ], [ -95.143612509403908, 31.571106651322459 ], [ -95.17719821598098, 31.585352342930854 ], [ -95.217589137784444, 31.57566509736472 ], [ -95.244826846795263, 31.579109677997856 ], [ -95.264603003791535, 31.590458044617279 ], [ -95.267265892939747, 31.600164299448835 ], [ -95.26538935214279, 31.622926080833548 ], [ -95.285455497677901, 31.638848131696282 ], [ -95.287325365054471, 31.680494110511962 ], [ -95.326610744593438, 31.718224163017847 ], [ -95.340214298446085, 31.716049752072223 ], [ -95.337620454985711, 31.732841676517541 ], [ -95.359883593269558, 31.73011027959063 ], [ -95.361981980091969, 31.749835609925512 ], [ -95.386816429501891, 31.758624238007737 ], [ -95.395819890604344, 31.799180726293059 ], [ -95.412475719853717, 31.828629127305106 ], [ -95.440697881904214, 31.844848513351195 ], [ -95.434937882400789, 31.870183036393485 ], [ -95.440622284481833, 31.893697934842685 ], [ -95.425668711674973, 31.928700553902271 ], [ -95.449763413583867, 31.951591648014656 ], [ -95.450091959053964, 31.984013607805586 ], [ -95.426234357222711, 32.01362985738163 ], [ -95.43413872083994, 32.026732614140307 ], [ -95.425006113431323, 32.044618871069332 ], [ -95.430896358437622, 32.083652617500469 ], [ -95.461033570448308, 32.115446266505835 ], [ -95.463444635577389, 32.139729358498506 ], [ -94.989155677894075, 32.142924789844294 ], [ -94.986034835535747, 31.976611622214467 ], [ -94.979175783733922, 31.956671030484745 ], [ -94.989193307180415, 31.93474307376411 ], [ -94.987369514320847, 31.851551449800215 ], [ -94.979480316338766, 31.787712973228224 ], [ -94.935579862947407, 31.765184238632671 ], [ -94.938273062064695, 31.756626287424648 ], [ -94.959078794342531, 31.751625394769871 ], [ -94.964213287275754, 31.738609858093909 ], [ -94.945283134870124, 31.653697840410853 ], [ -94.916045778963792, 31.579266701886695 ], [ -94.91046091248802, 31.573985366717377 ], [ -94.894164340350301, 31.576442088880459 ], [ -94.891661483322082, 31.547994451571252 ], [ -94.873869299793739, 31.53164123202092 ] ] ] ] } },
{ "type": "Feature", "properties": { "fid": 118, "OBJECTID": 2595.0, "NAME": "Sterling", "STATE_NAME": "Texas", "STATE_FIPS": "48", "CNTY_FIPS": "431", "FIPS": "48431", "AREA": 923.4538, "POP1990": 1438.0, "POP1999": 1345.0, "POP90_SQMI": 2.0, "HOUSEHOLDS": 494.0, "MALES": 702.0, "FEMALES": 736.0, "WHITE": 1244.0, "BLACK": 0.0, "AMERI_ES": 9.0, "ASIAN_PI": 0.0, "OTHER": 185.0, "HISPANIC": 366.0, "AGE_UNDER5": 126.0, "AGE_5_17": 357.0, "AGE_18_29": 229.0, "AGE_30_49": 377.0, "AGE_50_64": 172.0, "AGE_65_UP": 177.0, "NEVERMARRY": 158.0, "MARRIED": 723.0, "SEPARATED": 12.0, "WIDOWED": 66.0, "DIVORCED": 59.0, "HSEHLD_1_M": 39.0, "HSEHLD_1_F": 52.0, "MARHH_CHD": 202.0, "MARHH_NO_C": 148.0, "MHH_CHILD": 9.0, "FHH_CHILD": 31.0, "HSE_UNITS": 623.0, "VACANT": 129.0, "OWNER_OCC": 342.0, "RENTER_OCC": 152.0, "MEDIAN_VAL": 48100.0, "MEDIANRENT": 197, "UNITS_1DET": 469.0, "UNITS_1ATT": 5.0, "UNITS2": 2.0, "UNITS3_9": 0.0, "UNITS10_49": 0.0, "UNITS50_UP": 0.0, "MOBILEHOME": 143.0, "NO_FARMS87": 75.0, "AVG_SIZE87": 9013.0, "CROP_ACR87": 10068.0, "AVG_SALE87": 99126.0, "Shape_Leng": 1.9328634810231931, "Shape_Area": 0.22788049770928001, "Datacenter": null, "GDP_Change": -3.3, "HP_Change": null, "Talent-Bachelor": null, "Talent-Master": null, "Talent-Doctor": null, "NetADD": null, "NewDatacenter2023": null, "NewDatacenter2024": null, "NewDatacenter2025": null, "NewDatacenter2022": null, "NewDatacenter2021": null, "1_DC": 0, "1_TT": -0.1119605, "1_TPM": -0.0007872, "1_GDP": -0.2166978, "1_TA": -0.927052, "1_WI": 3.537157, "1_SO": 0.1359004, "1_ST": -0.3565562, "1_LP": -0.7482793, "1_PF": 0.069318, "1_CP": -0.1614918, "1_T": -0.187888, "1_NR": -1.560639, "1_GW": -0.2378854, "1_SW": -0.220112, "1_RW": -0.1722456, "1_EG": 0.5201924, "1_OF": -1.448426 }, "geometry": { "type": "MultiPolygon", "coordinates": [ [ [ [ -101.269755462847002, 31.653724818768335 ], [ -101.266951890161977, 32.09114176559671 ], [ -101.172864241635864, 32.092618663869899 ], [ -100.815297557745737, 32.085286485443099 ], [ -100.825953189913832, 31.702591547799269 ], [ -100.861468636448194, 31.701866108875951 ], [ -100.865434488968276, 31.56997837869821 ], [ -101.271608935525364, 31.566550426295599 ], [ -101.269755462847002, 31.653724818768335 ] ] ] ] } },
{ "type": "Feature", "properties": { "fid": 119, "OBJECTID": 2597.0, "NAME": "Glasscock", "STATE_NAME": "Texas", "STATE_FIPS": "48", "CNTY_FIPS": "173", "FIPS": "48173", "AREA": 895.6713, "POP1990": 1447.0, "POP1999": 1382.0, "POP90_SQMI": 2.0, "HOUSEHOLDS": 456.0, "MALES": 740.0, "FEMALES": 707.0, "WHITE": 1156.0, "BLACK": 0.0, "AMERI_ES": 2.0, "ASIAN_PI": 0.0, "OTHER": 289.0, "HISPANIC": 424.0, "AGE_UNDER5": 143.0, "AGE_5_17": 368.0, "AGE_18_29": 261.0, "AGE_30_49": 380.0, "AGE_50_64": 208.0, "AGE_65_UP": 87.0, "NEVERMARRY": 195.0, "MARRIED": 733.0, "SEPARATED": 11.0, "WIDOWED": 30.0, "DIVORCED": 42.0, "HSEHLD_1_M": 37.0, "HSEHLD_1_F": 24.0, "MARHH_CHD": 212.0, "MARHH_NO_C": 139.0, "MHH_CHILD": 4.0, "FHH_CHILD": 9.0, "HSE_UNITS": 600.0, "VACANT": 144.0, "OWNER_OCC": 274.0, "RENTER_OCC": 182.0, "MEDIAN_VAL": 47500.0, "MEDIANRENT": 100, "UNITS_1DET": 469.0, "UNITS_1ATT": 7.0, "UNITS2": 2.0, "UNITS3_9": 0.0, "UNITS10_49": 0.0, "UNITS50_UP": 0.0, "MOBILEHOME": 114.0, "NO_FARMS87": 199.0, "AVG_SIZE87": 2660.0, "CROP_ACR87": 110504.0, "AVG_SALE87": 112348.0, "Shape_Leng": 1.884138699081495, "Shape_Area": 0.221135055871995, "Datacenter": null, "GDP_Change": 14.5, "HP_Change": null, "Talent-Bachelor": null, "Talent-Master": null, "Talent-Doctor": null, "NetADD": null, "NewDatacenter2023": null, "NewDatacenter2024": null, "NewDatacenter2025": null, "NewDatacenter2022": null, "NewDatacenter2021": null, "1_DC": 0, "1_TT": -0.1119605, "1_TPM": -0.0007872, "1_GDP": -0.1227484, "1_TA": -0.8148926, "1_WI": 2.178988, "1_SO": -0.3707, "1_ST": -0.2626576, "1_LP": -0.7482793, "1_PF": 0.069318, "1_CP": -0.1614918, "1_T": -0.2875196, "1_NR": -1.457733, "1_GW": -0.2431649, "1_SW": -0.220112, "1_RW": -0.1722456, "1_EG": -0.0206674, "1_OF": 1.194877 }, "geometry": { "type": "MultiPolygon", "coordinates": [ [ [ [ -101.269755462847002, 31.653724818768335 ], [ -101.772139862673896, 31.651920608885192 ], [ -101.774768292529188, 32.088392256862988 ], [ -101.69476441471005, 32.090536736872195 ], [ -101.266951890161977, 32.09114176559671 ], [ -101.269755462847002, 31.653724818768335 ] ] ] ] } },
{ "type": "Feature", "properties": { "fid": 120, "OBJECTID": 2598.0, "NAME": "Midland", "STATE_NAME": "Texas", "STATE_FIPS": "48", "CNTY_FIPS": "329", "FIPS": "48329", "AREA": 910.9281, "POP1990": 106611.0, "POP1999": 121370.0, "POP90_SQMI": 117.0, "HOUSEHOLDS": 38920.0, "MALES": 51758.0, "FEMALES": 54853.0, "WHITE": 86977.0, "BLACK": 8281.0, "AMERI_ES": 414.0, "ASIAN_PI": 888.0, "OTHER": 10051.0, "HISPANIC": 22780.0, "AGE_UNDER5": 10002.0, "AGE_5_17": 23441.0, "AGE_18_29": 17662.0, "AGE_30_49": 32507.0, "AGE_50_64": 13470.0, "AGE_65_UP": 9529.0, "NEVERMARRY": 14914.0, "MARRIED": 49136.0, "SEPARATED": 1766.0, "WIDOWED": 4595.0, "DIVORCED": 7238.0, "HSEHLD_1_M": 3972.0, "HSEHLD_1_F": 5266.0, "MARHH_CHD": 13304.0, "MARHH_NO_C": 10435.0, "MHH_CHILD": 684.0, "FHH_CHILD": 2852.0, "HSE_UNITS": 45181.0, "VACANT": 6261.0, "OWNER_OCC": 25645.0, "RENTER_OCC": 13275.0, "MEDIAN_VAL": 62300.0, "MEDIANRENT": 283, "UNITS_1DET": 28534.0, "UNITS_1ATT": 1517.0, "UNITS2": 838.0, "UNITS3_9": 3666.0, "UNITS10_49": 3855.0, "UNITS50_UP": 2550.0, "MOBILEHOME": 3659.0, "NO_FARMS87": 343.0, "AVG_SIZE87": 2138.0, "CROP_ACR87": 72322.0, "AVG_SALE87": 42372.0, "Shape_Leng": 1.9026211829596551, "Shape_Area": 0.22489836633618701, "Datacenter": null, "GDP_Change": 5.9, "HP_Change": 1.3, "Talent-Bachelor": null, "Talent-Master": null, "Talent-Doctor": null, "NetADD": -1421, "NewDatacenter2023": null, "NewDatacenter2024": null, "NewDatacenter2025": null, "NewDatacenter2022": null, "NewDatacenter2021": null, "1_DC": 0, "1_TT": -0.1119605, "1_TPM": -2.310751, "1_GDP": 0.6204958, "1_TA": 0.5407358, "1_WI": -0.1228607, "1_SO": -0.3707, "1_ST": -0.3565562, "1_LP": -1.012141, "1_PF": 0.069318, "1_CP": -0.1614918, "1_T": -0.2377038, "1_NR": 1.056708, "1_GW": 0.1618906, "1_SW": 0.1105983, "1_RW": -0.1698953, "1_EG": -0.3937666, "1_OF": 0.5935082 }, "geometry": { "type": "MultiPolygon", "coordinates": [ [ [ [ -101.772139862673896, 31.651920608885192 ], [ -102.290259288537698, 31.653476273402575 ], [ -102.29123249067311, 32.085002526586344 ], [ -102.211777774014195, 32.08704439668292 ], [ -101.774768292529188, 32.088392256862988 ], [ -101.772139862673896, 31.651920608885192 ] ] ] ] } },
{ "type": "Feature", "properties": { "fid": 121, "OBJECTID": 2599.0, "NAME": "Coke", "STATE_NAME": "Texas", "STATE_FIPS": "48", "CNTY_FIPS": "081", "FIPS": "48081", "AREA": 917.7503, "POP1990": 3424.0, "POP1999": 3376.0, "POP90_SQMI": 4.0, "HOUSEHOLDS": 1374.0, "MALES": 1634.0, "FEMALES": 1790.0, "WHITE": 3222.0, "BLACK": 6.0, "AMERI_ES": 17.0, "ASIAN_PI": 2.0, "OTHER": 177.0, "HISPANIC": 422.0, "AGE_UNDER5": 182.0, "AGE_5_17": 610.0, "AGE_18_29": 364.0, "AGE_30_49": 757.0, "AGE_50_64": 635.0, "AGE_65_UP": 876.0, "NEVERMARRY": 360.0, "MARRIED": 1860.0, "SEPARATED": 42.0, "WIDOWED": 336.0, "DIVORCED": 176.0, "HSEHLD_1_M": 139.0, "HSEHLD_1_F": 217.0, "MARHH_CHD": 330.0, "MARHH_NO_C": 549.0, "MHH_CHILD": 17.0, "FHH_CHILD": 42.0, "HSE_UNITS": 2793.0, "VACANT": 1419.0, "OWNER_OCC": 1056.0, "RENTER_OCC": 318.0, "MEDIAN_VAL": 37300.0, "MEDIANRENT": 144, "UNITS_1DET": 1707.0, "UNITS_1ATT": 13.0, "UNITS2": 60.0, "UNITS3_9": 18.0, "UNITS10_49": 1.0, "UNITS50_UP": 0.0, "MOBILEHOME": 980.0, "NO_FARMS87": 344.0, "AVG_SIZE87": 1470.0, "CROP_ACR87": 46671.0, "AVG_SALE87": 26114.0, "Shape_Leng": 1.943507915372757, "Shape_Area": 0.226684067158371, "Datacenter": null, "GDP_Change": 18.1, "HP_Change": null, "Talent-Bachelor": null, "Talent-Master": null, "Talent-Doctor": null, "NetADD": null, "NewDatacenter2023": null, "NewDatacenter2024": null, "NewDatacenter2025": null, "NewDatacenter2022": null, "NewDatacenter2021": null, "1_DC": 0, "1_TT": -0.1119605, "1_TPM": -0.0007872, "1_GDP": -0.2164553, "1_TA": -0.8090532, "1_WI": 1.271804, "1_SO": -0.3707, "1_ST": -0.3565562, "1_LP": -0.7482793, "1_PF": 0.069318, "1_CP": -0.1614918, "1_T": -0.0882564, "1_NR": -1.477482, "1_GW": -0.2399018, "1_SW": -0.21382, "1_RW": -0.1722456, "1_EG": -0.1382456, "1_OF": -1.156236 }, "geometry": { "type": "MultiPolygon", "coordinates": [ [ [ [ -100.232307764163522, 31.697643045124508 ], [ -100.825953189913832, 31.702591547799269 ], [ -100.815297557745737, 32.085286485443099 ], [ -100.669855051704303, 32.088068622770706 ], [ -100.23505343425046, 32.08434523541743 ], [ -100.232307764163522, 31.697643045124508 ] ] ] ] } },
{ "type": "Feature", "properties": { "fid": 122, "OBJECTID": 2600.0, "NAME": "Winkler", "STATE_NAME": "Texas", "STATE_FIPS": "48", "CNTY_FIPS": "495", "FIPS": "48495", "AREA": 848.7365, "POP1990": 8626.0, "POP1999": 7995.0, "POP90_SQMI": 10.0, "HOUSEHOLDS": 2941.0, "MALES": 4261.0, "FEMALES": 4365.0, "WHITE": 6184.0, "BLACK": 167.0, "AMERI_ES": 48.0, "ASIAN_PI": 9.0, "OTHER": 2218.0, "HISPANIC": 3172.0, "AGE_UNDER5": 711.0, "AGE_5_17": 2158.0, "AGE_18_29": 1291.0, "AGE_30_49": 2181.0, "AGE_50_64": 1184.0, "AGE_65_UP": 1101.0, "NEVERMARRY": 1050.0, "MARRIED": 4200.0, "SEPARATED": 107.0, "WIDOWED": 479.0, "DIVORCED": 384.0, "HSEHLD_1_M": 220.0, "HSEHLD_1_F": 347.0, "MARHH_CHD": 1120.0, "MARHH_NO_C": 910.0, "MHH_CHILD": 55.0, "FHH_CHILD": 150.0, "HSE_UNITS": 3708.0, "VACANT": 767.0, "OWNER_OCC": 2362.0, "RENTER_OCC": 579.0, "MEDIAN_VAL": 29200.0, "MEDIANRENT": 215, "UNITS_1DET": 2888.0, "UNITS_1ATT": 46.0, "UNITS2": 77.0, "UNITS3_9": 108.0, "UNITS10_49": 31.0, "UNITS50_UP": 0.0, "MOBILEHOME": 446.0, "NO_FARMS87": 30.0, "AVG_SIZE87": 15572.0, "CROP_ACR87": 989.0, "AVG_SALE87": 57657.0, "Shape_Leng": 1.9423687884723739, "Shape_Area": 0.20955444151788699, "Datacenter": 1, "GDP_Change": 11.9, "HP_Change": null, "Talent-Bachelor": null, "Talent-Master": null, "Talent-Doctor": null, "NetADD": null, "NewDatacenter2023": null, "NewDatacenter2024": null, "NewDatacenter2025": null, "NewDatacenter2022": null, "NewDatacenter2021": null, "1_DC": 1, "1_TT": -0.1119605, "1_TPM": -0.0007872, "1_GDP": -0.1759826, "1_TA": -0.9092244, "1_WI": -0.0889716, "1_SO": 0.5132304, "1_ST": -0.0373007, "1_LP": -1.24434, "1_PF": 0.069318, "1_CP": -0.1614918, "1_T": -0.1380722, "1_NR": -1.461891, "1_GW": -0.1792975, "1_SW": -0.220112, "1_RW": -0.1722456, "1_EG": -0.411662, "1_OF": -1.421246 }, "geometry": { "type": "MultiPolygon", "coordinates": [ [ [ [ -102.800324988210036, 31.653294514102182 ], [ -103.344565302660612, 31.65753804081525 ], [ -103.332549418381291, 32.004281473901457 ], [ -103.058413767661023, 32.0020227779303 ], [ -103.055640531825816, 32.08511682221458 ], [ -102.794909516172197, 32.08640157611886 ], [ -102.800324988210036, 31.653294514102182 ] ] ] ] } },
{ "type": "Feature", "properties": { "fid": 123, "OBJECTID": 2601.0, "NAME": "Ector", "STATE_NAME": "Texas", "STATE_FIPS": "48", "CNTY_FIPS": "135", "FIPS": "48135", "AREA": 886.4578, "POP1990": 118934.0, "POP1999": 127043.0, "POP90_SQMI": 134.0, "HOUSEHOLDS": 42322.0, "MALES": 58211.0, "FEMALES": 60723.0, "WHITE": 91309.0, "BLACK": 5557.0, "AMERI_ES": 647.0, "ASIAN_PI": 662.0, "OTHER": 20759.0, "HISPANIC": 37315.0, "AGE_UNDER5": 10796.0, "AGE_5_17": 26915.0, "AGE_18_29": 21215.0, "AGE_30_49": 33746.0, "AGE_50_64": 15214.0, "AGE_65_UP": 11048.0, "NEVERMARRY": 16842.0, "MARRIED": 53094.0, "SEPARATED": 2459.0, "WIDOWED": 5613.0, "DIVORCED": 8701.0, "HSEHLD_1_M": 4425.0, "HSEHLD_1_F": 5090.0, "MARHH_CHD": 14159.0, "MARHH_NO_C": 11306.0, "MHH_CHILD": 801.0, "FHH_CHILD": 3627.0, "HSE_UNITS": 48789.0, "VACANT": 6467.0, "OWNER_OCC": 27858.0, "RENTER_OCC": 14464.0, "MEDIAN_VAL": 43400.0, "MEDIANRENT": 239, "UNITS_1DET": 29700.0, "UNITS_1ATT": 1332.0, "UNITS2": 856.0, "UNITS3_9": 2562.0, "UNITS10_49": 4652.0, "UNITS50_UP": 2358.0, "MOBILEHOME": 6821.0, "NO_FARMS87": 223.0, "AVG_SIZE87": 2641.0, "CROP_ACR87": 6455.0, "AVG_SALE87": 15583.0, "Shape_Leng": 1.8786641075338, "Shape_Area": 0.21879289500888699, "Datacenter": 2, "GDP_Change": 3.0, "HP_Change": 6.8, "Talent-Bachelor": null, "Talent-Master": null, "Talent-Doctor": null, "NetADD": -41, "NewDatacenter2023": 1, "NewDatacenter2024": null, "NewDatacenter2025": null, "NewDatacenter2022": null, "NewDatacenter2021": null, "1_DC": 2, "1_TT": -0.1119605, "1_TPM": -0.0674364, "1_GDP": 0.1126644, "1_TA": 0.4123407, "1_WI": -0.4878197, "1_SO": 0.2581833, "1_ST": 0.0190385, "1_LP": -1.012141, "1_PF": 0.069318, "1_CP": -0.1614918, "1_T": -0.2377038, "1_NR": 1.10972, "1_GW": -0.1140736, "1_SW": 0.1739866, "1_RW": -0.1061744, "1_EG": 2.542538, "1_OF": 0.0770788 }, "geometry": { "type": "MultiPolygon", "coordinates": [ [ [ [ -102.800324988210036, 31.653294514102182 ], [ -102.794909516172197, 32.08640157611886 ], [ -102.29123249067311, 32.085002526586344 ], [ -102.290259288537698, 31.653476273402575 ], [ -102.303778808647166, 31.65593660709613 ], [ -102.766930103940581, 31.652298883909452 ], [ -102.800324988210036, 31.653294514102182 ] ] ] ] } },
{ "type": "Feature", "properties": { "fid": 124, "OBJECTID": 2602.0, "NAME": "Runnels", "STATE_NAME": "Texas", "STATE_FIPS": "48", "CNTY_FIPS": "399", "FIPS": "48399", "AREA": 1057.923, "POP1990": 11294.0, "POP1999": 11593.0, "POP90_SQMI": 11.0, "HOUSEHOLDS": 4346.0, "MALES": 5503.0, "FEMALES": 5791.0, "WHITE": 10438.0, "BLACK": 183.0, "AMERI_ES": 16.0, "ASIAN_PI": 16.0, "OTHER": 641.0, "HISPANIC": 2740.0, "AGE_UNDER5": 781.0, "AGE_5_17": 2307.0, "AGE_18_29": 1562.0, "AGE_30_49": 2696.0, "AGE_50_64": 1609.0, "AGE_65_UP": 2339.0, "NEVERMARRY": 1497.0, "MARRIED": 5446.0, "SEPARATED": 172.0, "WIDOWED": 1042.0, "DIVORCED": 571.0, "HSEHLD_1_M": 373.0, "HSEHLD_1_F": 765.0, "MARHH_CHD": 1203.0, "MARHH_NO_C": 1428.0, "MHH_CHILD": 68.0, "FHH_CHILD": 246.0, "HSE_UNITS": 5345.0, "VACANT": 999.0, "OWNER_OCC": 3292.0, "RENTER_OCC": 1054.0, "MEDIAN_VAL": 30300.0, "MEDIANRENT": 169, "UNITS_1DET": 4592.0, "UNITS_1ATT": 39.0, "UNITS2": 189.0, "UNITS3_9": 77.0, "UNITS10_49": 21.0, "UNITS50_UP": 0.0, "MOBILEHOME": 380.0, "NO_FARMS87": 838.0, "AVG_SIZE87": 688.0, "CROP_ACR87": 300886.0, "AVG_SALE87": 43408.0, "Shape_Leng": 2.0443781916779211, "Shape_Area": 0.26102718332912, "Datacenter": null, "GDP_Change": 1.4, "HP_Change": null, "Talent-Bachelor": null, "Talent-Master": null, "Talent-Doctor": null, "NetADD": null, "NewDatacenter2023": null, "NewDatacenter2024": null, "NewDatacenter2025": null, "NewDatacenter2022": null, "NewDatacenter2021": null, "1_DC": 0, "1_TT": -0.1119605, "1_TPM": -0.0007872, "1_GDP": -0.2136519, "1_TA": -0.2980917, "1_WI": -0.4878197, "1_SO": -0.3707, "1_ST": -0.3565562, "1_LP": -0.8116061, "1_PF": 0.069318, "1_CP": -0.1614918, "1_T": -0.1131643, "1_NR": -0.731154, "1_GW": -0.2422116, "1_SW": -0.1968964, "1_RW": -0.1722456, "1_EG": -0.5136259, "1_OF": 0.4032447 }, "geometry": { "type": "MultiPolygon", "coordinates": [ [ [ [ -100.11375051403104, 31.58558918011359 ], [ -100.231985524607865, 31.587234734019489 ], [ -100.232307764163522, 31.697643045124508 ], [ -100.23505343425046, 32.08434523541743 ], [ -100.157187225472001, 32.08448381213541 ], [ -99.710518552984581, 32.084677171893617 ], [ -99.71609515468765, 31.577983968965242 ], [ -99.723084020688304, 31.577543390965538 ], [ -100.11375051403104, 31.58558918011359 ] ] ] ] } },
{ "type": "Feature", "properties": { "fid": 125, "OBJECTID": 2603.0, "NAME": "Coleman", "STATE_NAME": "Texas", "STATE_FIPS": "48", "CNTY_FIPS": "083", "FIPS": "48083", "AREA": 1279.7308, "POP1990": 9710.0, "POP1999": 9492.0, "POP90_SQMI": 8.0, "HOUSEHOLDS": 4026.0, "MALES": 4602.0, "FEMALES": 5108.0, "WHITE": 8995.0, "BLACK": 246.0, "AMERI_ES": 29.0, "ASIAN_PI": 7.0, "OTHER": 433.0, "HISPANIC": 1139.0, "AGE_UNDER5": 645.0, "AGE_5_17": 1683.0, "AGE_18_29": 1186.0, "AGE_30_49": 2173.0, "AGE_50_64": 1526.0, "AGE_65_UP": 2497.0, "NEVERMARRY": 1074.0, "MARRIED": 4891.0, "SEPARATED": 153.0, "WIDOWED": 1084.0, "DIVORCED": 538.0, "HSEHLD_1_M": 410.0, "HSEHLD_1_F": 809.0, "MARHH_CHD": 936.0, "MARHH_NO_C": 1398.0, "MHH_CHILD": 42.0, "FHH_CHILD": 193.0, "HSE_UNITS": 5382.0, "VACANT": 1356.0, "OWNER_OCC": 2945.0, "RENTER_OCC": 1081.0, "MEDIAN_VAL": 26300.0, "MEDIANRENT": 152, "UNITS_1DET": 4336.0, "UNITS_1ATT": 45.0, "UNITS2": 169.0, "UNITS3_9": 111.0, "UNITS10_49": 38.0, "UNITS50_UP": 69.0, "MOBILEHOME": 571.0, "NO_FARMS87": 784.0, "AVG_SIZE87": 896.0, "CROP_ACR87": 210613.0, "AVG_SALE87": 22089.0, "Shape_Leng": 2.5528437990718, "Shape_Area": 0.315528361506202, "Datacenter": null, "GDP_Change": -5.8, "HP_Change": null, "Talent-Bachelor": null, "Talent-Master": null, "Talent-Doctor": null, "NetADD": null, "NewDatacenter2023": null, "NewDatacenter2024": null, "NewDatacenter2025": null, "NewDatacenter2022": null, "NewDatacenter2021": null, "1_DC": 0, "1_TT": -0.1119605, "1_TPM": -0.0007872, "1_GDP": -0.2167259, "1_TA": -0.4823715, "1_WI": -0.4878197, "1_SO": -0.3707, "1_ST": -0.3565562, "1_LP": -0.1044561, "1_PF": 0.069318, "1_CP": -0.1614918, "1_T": -0.1629801, "1_NR": -0.9234531, "1_GW": -0.2470512, "1_SW": -0.189653, "1_RW": -0.1722456, "1_EG": -0.5380116, "1_OF": 0.3115106 }, "geometry": { "type": "MultiPolygon", "coordinates": [ [ [ [ -99.205017777771047, 31.472383071819529 ], [ -99.212563331811282, 31.469241668239469 ], [ -99.230111249870276, 31.485794999458367 ], [ -99.247330995196535, 31.481346997818925 ], [ -99.278726892207146, 31.451888652317923 ], [ -99.289988291212637, 31.452416967997653 ], [ -99.28853856800788, 31.434150769846386 ], [ -99.305690077840893, 31.435628935469691 ], [ -99.306895492721765, 31.420116895058115 ], [ -99.315524623603437, 31.414236717211466 ], [ -99.348156781098453, 31.424929054783455 ], [ -99.34638679420425, 31.445003294425316 ], [ -99.367360730500991, 31.438276285295728 ], [ -99.382849010428629, 31.447492300812232 ], [ -99.402159709419152, 31.447141355783781 ], [ -99.410674474217103, 31.45722706818669 ], [ -99.407904962281748, 31.469078931432705 ], [ -99.443794988197567, 31.477934369107096 ], [ -99.454072099565963, 31.466576506164106 ], [ -99.444519672340675, 31.45146705544656 ], [ -99.46279271012969, 31.446078989245795 ], [ -99.471490447234544, 31.428778089878705 ], [ -99.498736099739233, 31.446702661880568 ], [ -99.507967975842007, 31.428488171636932 ], [ -99.518123197625187, 31.434921351121254 ], [ -99.538243124551798, 31.481104021744088 ], [ -99.573607113946366, 31.492196656732954 ], [ -99.600448591695795, 31.491838026835463 ], [ -99.626168609386696, 31.501511706137897 ], [ -99.629968125895687, 31.492854541792649 ], [ -99.613937867095331, 31.476827680361275 ], [ -99.62899132160328, 31.47185725210251 ], [ -99.654642794288463, 31.496583231894508 ], [ -99.672885577623276, 31.499833213734565 ], [ -99.669590025668185, 31.518534083585894 ], [ -99.658290455586553, 31.522606135609223 ], [ -99.654483530951097, 31.534915707176403 ], [ -99.662517800031424, 31.539502703715954 ], [ -99.688855612462589, 31.53410508650472 ], [ -99.685590414381636, 31.546416575584633 ], [ -99.67105589809546, 31.553675682574507 ], [ -99.690389796386341, 31.555556256265231 ], [ -99.699446894870675, 31.575201238083995 ], [ -99.713470035490673, 31.561548929253522 ], [ -99.723084020688304, 31.577543390965538 ], [ -99.71609515468765, 31.577983968965242 ], [ -99.710518552984581, 32.084677171893617 ], [ -99.628323032484786, 32.084436010909123 ], [ -99.194097990342357, 32.083990442314452 ], [ -99.205017777771047, 31.472383071819529 ] ] ] ] } },
{ "type": "Feature", "properties": { "fid": 126, "OBJECTID": 2604.0, "NAME": "Brown", "STATE_NAME": "Texas", "STATE_FIPS": "48", "CNTY_FIPS": "049", "FIPS": "48049", "AREA": 952.8783, "POP1990": 34371.0, "POP1999": 37247.0, "POP90_SQMI": 36.0, "HOUSEHOLDS": 13097.0, "MALES": 16659.0, "FEMALES": 17712.0, "WHITE": 30267.0, "BLACK": 1552.0, "AMERI_ES": 131.0, "ASIAN_PI": 88.0, "OTHER": 2333.0, "HISPANIC": 3799.0, "AGE_UNDER5": 2378.0, "AGE_5_17": 6859.0, "AGE_18_29": 5569.0, "AGE_30_49": 8737.0, "AGE_50_64": 4751.0, "AGE_65_UP": 6077.0, "NEVERMARRY": 5224.0, "MARRIED": 16000.0, "SEPARATED": 592.0, "WIDOWED": 2733.0, "DIVORCED": 2315.0, "HSEHLD_1_M": 1220.0, "HSEHLD_1_F": 2157.0, "MARHH_CHD": 3516.0, "MARHH_NO_C": 4150.0, "MHH_CHILD": 214.0, "FHH_CHILD": 927.0, "HSE_UNITS": 16909.0, "VACANT": 3812.0, "OWNER_OCC": 9403.0, "RENTER_OCC": 3694.0, "MEDIAN_VAL": 36500.0, "MEDIANRENT": 236, "UNITS_1DET": 12074.0, "UNITS_1ATT": 164.0, "UNITS2": 489.0, "UNITS3_9": 704.0, "UNITS10_49": 488.0, "UNITS50_UP": 61.0, "MOBILEHOME": 2804.0, "NO_FARMS87": 1144.0, "AVG_SIZE87": 478.0, "CROP_ACR87": 142893.0, "AVG_SALE87": 21097.0, "Shape_Leng": 2.026922869518224, "Shape_Area": 0.23488739719992799, "Datacenter": null, "GDP_Change": 1.1, "HP_Change": null, "Talent-Bachelor": null, "Talent-Master": null, "Talent-Doctor": null, "NetADD": 82, "NewDatacenter2023": null, "NewDatacenter2024": null, "NewDatacenter2025": null, "NewDatacenter2022": null, "NewDatacenter2021": null, "1_DC": 0, "1_TT": -0.1119605, "1_TPM": 0.1325112, "1_GDP": -0.1814668, "1_TA": -0.0955476, "1_WI": -0.4878197, "1_SO": 0.7717713, "1_ST": -0.3565562, "1_LP": -0.1044561, "1_PF": 0.069318, "1_CP": -0.1614918, "1_T": -0.0882564, "1_NR": 0.5234677, "1_GW": -0.1429276, "1_SW": -0.220112, "1_RW": -0.1722456, "1_EG": -0.3821969, "1_OF": 0.5663277 }, "geometry": { "type": "MultiPolygon", "coordinates": [ [ [ [ -99.205017777771047, 31.472383071819529 ], [ -99.194097990342357, 32.083990442314452 ], [ -99.121640282936823, 32.083449582555026 ], [ -98.924271284933013, 32.082195812010589 ], [ -98.671488726048949, 31.704606031178258 ], [ -98.761578205346211, 31.691493890622375 ], [ -98.783780253711882, 31.611435204076926 ], [ -98.986402501549492, 31.487502606816815 ], [ -99.017736566850999, 31.470895231998409 ], [ -99.034712315357126, 31.487473455090598 ], [ -99.050245983622403, 31.490343809276926 ], [ -99.060690607733761, 31.468981791274015 ], [ -99.070845491220837, 31.47271812257236 ], [ -99.077933226225184, 31.463192935306012 ], [ -99.094069585515967, 31.459673796208239 ], [ -99.095763282289283, 31.451926280173979 ], [ -99.111136826837253, 31.468939357473513 ], [ -99.123054035412451, 31.458990715055361 ], [ -99.167465399508956, 31.471197082008668 ], [ -99.180969555254819, 31.462167762332847 ], [ -99.190483614831294, 31.476842492483843 ], [ -99.205017777771047, 31.472383071819529 ] ] ] ] } },
{ "type": "Feature", "properties": { "fid": 127, "OBJECTID": 2605.0, "NAME": "Anderson", "STATE_NAME": "Texas", "STATE_FIPS": "48", "CNTY_FIPS": "001", "FIPS": "48001", "AREA": 1072.7478, "POP1990": 48024.0, "POP1999": 52497.0, "POP90_SQMI": 45.0, "HOUSEHOLDS": 14223.0, "MALES": 27821.0, "FEMALES": 20203.0, "WHITE": 33354.0, "BLACK": 11143.0, "AMERI_ES": 129.0, "ASIAN_PI": 125.0, "OTHER": 3273.0, "HISPANIC": 3953.0, "AGE_UNDER5": 2993.0, "AGE_5_17": 8287.0, "AGE_18_29": 11391.0, "AGE_30_49": 13842.0, "AGE_50_64": 5415.0, "AGE_65_UP": 6096.0, "NEVERMARRY": 10859.0, "MARRIED": 20436.0, "SEPARATED": 677.0, "WIDOWED": 3055.0, "DIVORCED": 3569.0, "HSEHLD_1_M": 1131.0, "HSEHLD_1_F": 2082.0, "MARHH_CHD": 4315.0, "MARHH_NO_C": 4320.0, "MHH_CHILD": 266.0, "FHH_CHILD": 1143.0, "HSE_UNITS": 16909.0, "VACANT": 2686.0, "OWNER_OCC": 10354.0, "RENTER_OCC": 3869.0, "MEDIAN_VAL": 42800.0, "MEDIANRENT": 275, "UNITS_1DET": 12018.0, "UNITS_1ATT": 164.0, "UNITS2": 299.0, "UNITS3_9": 675.0, "UNITS10_49": 695.0, "UNITS50_UP": 0.0, "MOBILEHOME": 2883.0, "NO_FARMS87": 1598.0, "AVG_SIZE87": 220.0, "CROP_ACR87": 120032.0, "AVG_SALE87": 11509.0, "Shape_Leng": 2.7288120439485501, "Shape_Area": 0.26452365324054999, "Datacenter": null, "GDP_Change": -1.2, "HP_Change": null, "Talent-Bachelor": null, "Talent-Master": null, "Talent-Doctor": null, "NetADD": null, "NewDatacenter2023": null, "NewDatacenter2024": null, "NewDatacenter2025": null, "NewDatacenter2022": null, "NewDatacenter2021": null, "1_DC": 0, "1_TT": -0.1119605, "1_TPM": -0.0007872, "1_GDP": null, "1_TA": 0.1394759, "1_WI": -0.4878197, "1_SO": -0.3707, "1_ST": -0.3565562, "1_LP": 0.1066335, "1_PF": 0.069318, "1_CP": 4.780545, "1_T": -0.1380722, "1_NR": 0.8093177, "1_GW": 0.046658, "1_SW": -0.1706599, "1_RW": -0.1722456, "1_EG": -0.5380116, "1_OF": -0.242292 }, "geometry": { "type": "MultiPolygon", "coordinates": [ [ [ [ -95.734455972528167, 31.516634746971494 ], [ -95.758985302778456, 31.540864947973784 ], [ -95.752240878673547, 31.556594505200746 ], [ -95.719487220176745, 31.565850857387009 ], [ -95.728131702724397, 31.585366310174908 ], [ -95.711644360140781, 31.602091553323316 ], [ -95.712728038800378, 31.632276505397112 ], [ -95.727361724927221, 31.650647530148234 ], [ -95.74177400546165, 31.65302392242068 ], [ -95.756567726095511, 31.648104892216068 ], [ -95.758047509477137, 31.609796734400042 ], [ -95.770567668039007, 31.607074938582393 ], [ -95.789535039658574, 31.625144597821421 ], [ -95.791480916584362, 31.65992613834522 ], [ -95.78226465372785, 31.692003190943741 ], [ -95.793365769528066, 31.696073307624864 ], [ -95.802238858956059, 31.680881597866666 ], [ -95.825555103736292, 31.698647977033211 ], [ -95.866014895522483, 31.697407994642468 ], [ -95.869685051564545, 31.730875403073224 ], [ -95.879435778191123, 31.74036608270713 ], [ -95.868586584242394, 31.752294390628272 ], [ -95.893008992548403, 31.759583890783816 ], [ -95.892986164101785, 31.770541235321293 ], [ -95.922138858574101, 31.769778163408137 ], [ -95.975942826436665, 31.793634198130203 ], [ -95.974409324682483, 31.824164124658616 ], [ -95.988821618699433, 31.848874850571029 ], [ -95.964712235977004, 31.877680688070996 ], [ -95.979612769405492, 31.881867118159214 ], [ -95.992933971900072, 31.874583138733136 ], [ -96.022277565434933, 31.881559736854296 ], [ -96.025581217213698, 31.891262062342406 ], [ -96.000235469488814, 31.912271080831097 ], [ -95.999152077113365, 31.923186482886379 ], [ -96.016509576680221, 31.954379952419938 ], [ -96.052132531863265, 31.955178688021316 ], [ -96.053818701690261, 31.964823803021371 ], [ -96.04338893682791, 31.968108270845274 ], [ -96.053841616411319, 31.986273117600458 ], [ -96.049691263472198, 32.015788156669529 ], [ -95.430896358437622, 32.083652617500469 ], [ -95.425006113431323, 32.044618871069332 ], [ -95.43413872083994, 32.026732614140307 ], [ -95.426234357222711, 32.01362985738163 ], [ -95.450091959053964, 31.984013607805586 ], [ -95.449763413583867, 31.951591648014656 ], [ -95.425668711674973, 31.928700553902271 ], [ -95.440622284481833, 31.893697934842685 ], [ -95.434937882400789, 31.870183036393485 ], [ -95.440697881904214, 31.844848513351195 ], [ -95.412475719853717, 31.828629127305106 ], [ -95.395819890604344, 31.799180726293059 ], [ -95.386816429501891, 31.758624238007737 ], [ -95.361981980091969, 31.749835609925512 ], [ -95.359883593269558, 31.73011027959063 ], [ -95.337620454985711, 31.732841676517541 ], [ -95.340214298446085, 31.716049752072223 ], [ -95.326610744593438, 31.718224163017847 ], [ -95.287325365054471, 31.680494110511962 ], [ -95.285455497677901, 31.638848131696282 ], [ -95.26538935214279, 31.622926080833548 ], [ -95.267265892939747, 31.600164299448835 ], [ -95.65608531796363, 31.544678315372444 ], [ -95.656871031027947, 31.530091259547532 ], [ -95.734455972528167, 31.516634746971494 ] ] ] ] } },
{ "type": "Feature", "properties": { "fid": 128, "OBJECTID": 2611.0, "NAME": "Hamilton", "STATE_NAME": "Texas", "STATE_FIPS": "48", "CNTY_FIPS": "193", "FIPS": "48193", "AREA": 835.1764, "POP1990": 7733.0, "POP1999": 7632.0, "POP90_SQMI": 9.0, "HOUSEHOLDS": 3250.0, "MALES": 3679.0, "FEMALES": 4054.0, "WHITE": 7389.0, "BLACK": 2.0, "AMERI_ES": 21.0, "ASIAN_PI": 24.0, "OTHER": 297.0, "HISPANIC": 403.0, "AGE_UNDER5": 457.0, "AGE_5_17": 1269.0, "AGE_18_29": 927.0, "AGE_30_49": 1758.0, "AGE_50_64": 1217.0, "AGE_65_UP": 2105.0, "NEVERMARRY": 852.0, "MARRIED": 4006.0, "SEPARATED": 82.0, "WIDOWED": 908.0, "DIVORCED": 435.0, "HSEHLD_1_M": 342.0, "HSEHLD_1_F": 645.0, "MARHH_CHD": 715.0, "MARHH_NO_C": 1186.0, "MHH_CHILD": 37.0, "FHH_CHILD": 133.0, "HSE_UNITS": 4266.0, "VACANT": 1016.0, "OWNER_OCC": 2509.0, "RENTER_OCC": 741.0, "MEDIAN_VAL": 33300.0, "MEDIANRENT": 182, "UNITS_1DET": 3607.0, "UNITS_1ATT": 43.0, "UNITS2": 59.0, "UNITS3_9": 84.0, "UNITS10_49": 20.0, "UNITS50_UP": 0.0, "MOBILEHOME": 412.0, "NO_FARMS87": 919.0, "AVG_SIZE87": 453.0, "CROP_ACR87": 125609.0, "AVG_SALE87": 27376.0, "Shape_Leng": 1.967699026693615, "Shape_Area": 0.20582438830234401, "Datacenter": null, "GDP_Change": 2.7, "HP_Change": null, "Talent-Bachelor": null, "Talent-Master": null, "Talent-Doctor": null, "NetADD": null, "NewDatacenter2023": null, "NewDatacenter2024": null, "NewDatacenter2025": null, "NewDatacenter2022": null, "NewDatacenter2021": null, "1_DC": 0, "1_TT": -0.1119605, "1_TPM": -0.0007872, "1_GDP": -0.2145877, "1_TA": -0.2980416, "1_WI": -0.4878197, "1_SO": -0.0143328, "1_ST": -0.3565562, "1_LP": 0.0644156, "1_PF": 0.069318, "1_CP": -0.1614918, "1_T": 0.0362832, "1_NR": -1.17708, "1_GW": -0.22366, "1_SW": -0.208813, "1_RW": -0.1722456, "1_EG": -0.5083584, "1_OF": 0.6376765 }, "geometry": { "type": "MultiPolygon", "coordinates": [ [ [ [ -98.179541315212191, 31.464943754545967 ], [ -98.259849824249955, 31.424226600222802 ], [ -98.461287409963688, 31.691422677118503 ], [ -98.158540177131442, 31.844711178761454 ], [ -98.204356706617318, 31.917976057833112 ], [ -98.005316540986996, 32.021798893163435 ], [ -97.75978547724776, 31.679141558968869 ], [ -98.179541315212191, 31.464943754545967 ] ] ] ] } },
{ "type": "Feature", "properties": { "fid": 129, "OBJECTID": 2612.0, "NAME": "Freestone", "STATE_NAME": "Texas", "STATE_FIPS": "48", "CNTY_FIPS": "161", "FIPS": "48161", "AREA": 895.6364, "POP1990": 15818.0, "POP1999": 17804.0, "POP90_SQMI": 18.0, "HOUSEHOLDS": 6063.0, "MALES": 7623.0, "FEMALES": 8195.0, "WHITE": 12382.0, "BLACK": 3013.0, "AMERI_ES": 53.0, "ASIAN_PI": 37.0, "OTHER": 333.0, "HISPANIC": 619.0, "AGE_UNDER5": 1038.0, "AGE_5_17": 3249.0, "AGE_18_29": 2120.0, "AGE_30_49": 4133.0, "AGE_50_64": 2223.0, "AGE_65_UP": 3055.0, "NEVERMARRY": 2075.0, "MARRIED": 7503.0, "SEPARATED": 257.0, "WIDOWED": 1502.0, "DIVORCED": 947.0, "HSEHLD_1_M": 570.0, "HSEHLD_1_F": 1047.0, "MARHH_CHD": 1742.0, "MARHH_NO_C": 1832.0, "MHH_CHILD": 88.0, "FHH_CHILD": 392.0, "HSE_UNITS": 7812.0, "VACANT": 1749.0, "OWNER_OCC": 4819.0, "RENTER_OCC": 1244.0, "MEDIAN_VAL": 44700.0, "MEDIANRENT": 197, "UNITS_1DET": 5405.0, "UNITS_1ATT": 83.0, "UNITS2": 141.0, "UNITS3_9": 105.0, "UNITS10_49": 121.0, "UNITS50_UP": 0.0, "MOBILEHOME": 1833.0, "NO_FARMS87": 1178.0, "AVG_SIZE87": 344.0, "CROP_ACR87": 110367.0, "AVG_SALE87": 12368.0, "Shape_Leng": 2.1678911146274662, "Shape_Area": 0.220808777969735, "Datacenter": null, "GDP_Change": -2.9, "HP_Change": null, "Talent-Bachelor": null, "Talent-Master": null, "Talent-Doctor": null, "NetADD": null, "NewDatacenter2023": null, "NewDatacenter2024": null, "NewDatacenter2025": null, "NewDatacenter2022": null, "NewDatacenter2021": null, "1_DC": 0, "1_TT": -0.1119605, "1_TPM": -0.0007872, "1_GDP": -0.19649, "1_TA": 0.0959059, "1_WI": -0.4878197, "1_SO": -0.3357621, "1_ST": -0.3565562, "1_LP": 0.2966141, "1_PF": 0.069318, "1_CP": -0.1614918, "1_T": 0.086099, "1_NR": 0.2500911, "1_GW": -0.1518734, "1_SW": -0.2192108, "1_RW": -0.1722456, "1_EG": 0.9199584, "1_OF": -0.9489848 }, "geometry": { "type": "MultiPolygon", "coordinates": [ [ [ [ -96.234453394217951, 31.420410350402889 ], [ -96.502213862591418, 31.806248694200306 ], [ -96.049691263472198, 32.015788156669529 ], [ -96.053841616411319, 31.986273117600458 ], [ -96.04338893682791, 31.968108270845274 ], [ -96.053818701690261, 31.964823803021371 ], [ -96.052132531863265, 31.955178688021316 ], [ -96.016509576680221, 31.954379952419938 ], [ -95.999152077113365, 31.923186482886379 ], [ -96.000235469488814, 31.912271080831097 ], [ -96.025581217213698, 31.891262062342406 ], [ -96.022277565434933, 31.881559736854296 ], [ -95.992933971900072, 31.874583138733136 ], [ -95.979612769405492, 31.881867118159214 ], [ -95.964712235977004, 31.877680688070996 ], [ -95.988821618699433, 31.848874850571029 ], [ -95.974409324682483, 31.824164124658616 ], [ -95.975942826436665, 31.793634198130203 ], [ -95.922138858574101, 31.769778163408137 ], [ -95.892986164101785, 31.770541235321293 ], [ -95.893008992548403, 31.759583890783816 ], [ -95.868586584242394, 31.752294390628272 ], [ -95.879435778191123, 31.74036608270713 ], [ -95.869685051564545, 31.730875403073224 ], [ -95.866014895522483, 31.697407994642468 ], [ -95.825555103736292, 31.698647977033211 ], [ -95.802238858956059, 31.680881597866666 ], [ -95.793365769528066, 31.696073307624864 ], [ -95.78226465372785, 31.692003190943741 ], [ -95.791480916584362, 31.65992613834522 ], [ -95.789535039658574, 31.625144597821421 ], [ -96.234453394217951, 31.420410350402889 ] ] ] ] } },
{ "type": "Feature", "properties": { "fid": 130, "OBJECTID": 2614.0, "NAME": "Culberson", "STATE_NAME": "Texas", "STATE_FIPS": "48", "CNTY_FIPS": "109", "FIPS": "48109", "AREA": 3822.9164, "POP1990": 3407.0, "POP1999": 2996.0, "POP90_SQMI": 1.0, "HOUSEHOLDS": 1076.0, "MALES": 1729.0, "FEMALES": 1678.0, "WHITE": 2400.0, "BLACK": 2.0, "AMERI_ES": 16.0, "ASIAN_PI": 27.0, "OTHER": 962.0, "HISPANIC": 2419.0, "AGE_UNDER5": 328.0, "AGE_5_17": 860.0, "AGE_18_29": 565.0, "AGE_30_49": 897.0, "AGE_50_64": 460.0, "AGE_65_UP": 297.0, "NEVERMARRY": 541.0, "MARRIED": 1492.0, "SEPARATED": 62.0, "WIDOWED": 137.0, "DIVORCED": 198.0, "HSEHLD_1_M": 97.0, "HSEHLD_1_F": 84.0, "MARHH_CHD": 441.0, "MARHH_NO_C": 255.0, "MHH_CHILD": 23.0, "FHH_CHILD": 99.0, "HSE_UNITS": 1286.0, "VACANT": 210.0, "OWNER_OCC": 699.0, "RENTER_OCC": 377.0, "MEDIAN_VAL": 27500.0, "MEDIANRENT": 191, "UNITS_1DET": 853.0, "UNITS_1ATT": 54.0, "UNITS2": 23.0, "UNITS3_9": 16.0, "UNITS10_49": 14.0, "UNITS50_UP": 0.0, "MOBILEHOME": 309.0, "NO_FARMS87": 74.0, "AVG_SIZE87": 21704.0, "CROP_ACR87": 12041.0, "AVG_SALE87": 105101.0, "Shape_Leng": 4.0723642320408606, "Shape_Area": 0.94004391634878803, "Datacenter": null, "GDP_Change": 10.3, "HP_Change": null, "Talent-Bachelor": null, "Talent-Master": null, "Talent-Doctor": null, "NetADD": null, "NewDatacenter2023": null, "NewDatacenter2024": null, "NewDatacenter2025": null, "NewDatacenter2022": null, "NewDatacenter2021": null, "1_DC": 0, "1_TT": -0.1119605, "1_TPM": -0.0007872, "1_GDP": -0.1447693, "1_TA": -1.165604, "1_WI": -0.4878197, "1_SO": 1.952674, "1_ST": -0.2626576, "1_LP": -1.24434, "1_PF": 0.069318, "1_CP": -0.1614918, "1_T": -0.6362302, "1_NR": -1.216579, "1_GW": -0.2240267, "1_SW": -0.220112, "1_RW": -0.1722456, "1_EG": -0.3084989, "1_OF": 0.664857 }, "geometry": { "type": "MultiPolygon", "coordinates": [ [ [ [ -104.915386486498505, 30.681778148448331 ], [ -104.917065786220292, 30.815795077921369 ], [ -104.902103947111812, 30.815087517158521 ], [ -104.901959830855901, 30.98117005246657 ], [ -104.91600604179223, 30.983750624738985 ], [ -104.922304814538109, 32.004382107887622 ], [ -104.851068052289918, 32.003265026424174 ], [ -104.019296949948057, 32.007403488733353 ], [ -104.103680515555084, 31.109588479916489 ], [ -104.915386486498505, 30.681778148448331 ] ] ] ] } },
{ "type": "Feature", "properties": { "fid": 131, "OBJECTID": 2615.0, "NAME": "Reeves", "STATE_NAME": "Texas", "STATE_FIPS": "48", "CNTY_FIPS": "389", "FIPS": "48389", "AREA": 2634.8219, "POP1990": 15852.0, "POP1999": 14279.0, "POP90_SQMI": 6.0, "HOUSEHOLDS": 4838.0, "MALES": 8170.0, "FEMALES": 7682.0, "WHITE": 15293.0, "BLACK": 347.0, "AMERI_ES": 36.0, "ASIAN_PI": 36.0, "OTHER": 140.0, "HISPANIC": 11545.0, "AGE_UNDER5": 1400.0, "AGE_5_17": 3915.0, "AGE_18_29": 2841.0, "AGE_30_49": 4025.0, "AGE_50_64": 2033.0, "AGE_65_UP": 1638.0, "NEVERMARRY": 2540.0, "MARRIED": 7115.0, "SEPARATED": 301.0, "WIDOWED": 797.0, "DIVORCED": 640.0, "HSEHLD_1_M": 410.0, "HSEHLD_1_F": 510.0, "MARHH_CHD": 1953.0, "MARHH_NO_C": 1235.0, "MHH_CHILD": 94.0, "FHH_CHILD": 340.0, "HSE_UNITS": 6044.0, "VACANT": 1206.0, "OWNER_OCC": 3605.0, "RENTER_OCC": 1233.0, "MEDIAN_VAL": 25800.0, "MEDIANRENT": 191, "UNITS_1DET": 4498.0, "UNITS_1ATT": 132.0, "UNITS2": 258.0, "UNITS3_9": 264.0, "UNITS10_49": 40.0, "UNITS50_UP": 0.0, "MOBILEHOME": 808.0, "NO_FARMS87": 174.0, "AVG_SIZE87": 8232.0, "CROP_ACR87": 48376.0, "AVG_SALE87": 378306.0, "Shape_Leng": 3.8958783524415961, "Shape_Area": 0.64738186730043001, "Datacenter": 2, "GDP_Change": 5.1, "HP_Change": -6.0, "Talent-Bachelor": null, "Talent-Master": null, "Talent-Doctor": null, "NetADD": null, "NewDatacenter2023": null, "NewDatacenter2024": null, "NewDatacenter2025": null, "NewDatacenter2022": null, "NewDatacenter2021": null, "1_DC": 2, "1_TT": -0.1119605, "1_TPM": -0.0007872, "1_GDP": 0.0671433, "1_TA": -0.7306603, "1_WI": -0.4878197, "1_SO": -0.0213204, "1_ST": 7.192898, "1_LP": -1.24434, "1_PF": 0.069318, "1_CP": -0.1614918, "1_T": 0.1110069, "1_NR": -0.971268, "1_GW": -0.0444135, "1_SW": -0.220112, "1_RW": -0.1722456, "1_EG": -0.4937551, "1_OF": -0.351014 }, "geometry": { "type": "MultiPolygon", "coordinates": [ [ [ [ -104.103680515555084, 31.109588479916489 ], [ -104.019296949948057, 32.007403488733353 ], [ -103.981377077849174, 32.006015221380913 ], [ -103.970488782506777, 31.982669388715767 ], [ -103.945280345404058, 31.986749216020158 ], [ -103.939442754030665, 31.955920860052171 ], [ -103.918819298643825, 31.942950990816502 ], [ -103.912249150676189, 31.908037161403811 ], [ -103.906435081956545, 31.899566692865474 ], [ -103.880097111876125, 31.890894147541388 ], [ -103.883934267993425, 31.869764649315243 ], [ -103.825789022818185, 31.89549489007279 ], [ -103.823972424710632, 31.868628215308963 ], [ -103.794466019799074, 31.781076214219283 ], [ -103.780877472726957, 31.778797082471122 ], [ -103.777024126246488, 31.765688049236399 ], [ -103.749037931394184, 31.743345886845791 ], [ -103.688626411830626, 31.7540212275923 ], [ -103.668033572166848, 31.727763106605284 ], [ -103.619783300859638, 31.709244975053839 ], [ -103.615922500653255, 31.695216633414592 ], [ -103.631021631612214, 31.69564193728915 ], [ -103.631647134712807, 31.685578905226429 ], [ -103.617196238564759, 31.663675258766958 ], [ -103.60289812665269, 31.656829924133657 ], [ -103.564543504420612, 31.641621075995538 ], [ -103.551489249899532, 31.650711396909717 ], [ -103.53735903193575, 31.647507146925665 ], [ -103.528302444899396, 31.637291585849244 ], [ -103.506527238784201, 31.631583063548771 ], [ -103.510723336874719, 31.616841402692739 ], [ -103.499965284532948, 31.604394302452622 ], [ -103.51365264902455, 31.585244790672196 ], [ -103.490480514126375, 31.534372955408781 ], [ -103.503954336849915, 31.522990050694876 ], [ -103.485429114240674, 31.492059223349877 ], [ -103.483987020399013, 31.458765325127313 ], [ -103.46346323717961, 31.443419222177894 ], [ -103.447090014861089, 31.437075584230584 ], [ -103.432311400085496, 31.443011160468693 ], [ -103.418578043543562, 31.43566808940805 ], [ -103.394704885855447, 31.442334190446783 ], [ -103.377973110464836, 31.427312335181735 ], [ -103.332225811817807, 31.424121577658507 ], [ -103.278070637897429, 31.425268052508294 ], [ -103.263948110663023, 31.434358290384925 ], [ -103.249665699676143, 31.399611165380936 ], [ -103.189750057838069, 31.376676356277674 ], [ -103.07625873938116, 31.367989523649989 ], [ -103.047082665267681, 31.390713199388269 ], [ -103.017655125253555, 31.37826836314002 ], [ -103.58611021652132, 30.770901224151928 ], [ -104.103680515555084, 31.109588479916489 ] ] ] ] } },
{ "type": "Feature", "properties": { "fid": 132, "OBJECTID": 2616.0, "NAME": "Loving", "STATE_NAME": "Texas", "STATE_FIPS": "48", "CNTY_FIPS": "301", "FIPS": "48301", "AREA": 657.3107, "POP1990": 107.0, "POP1999": 114.0, "POP90_SQMI": 0.0, "HOUSEHOLDS": 42.0, "MALES": 59.0, "FEMALES": 48.0, "WHITE": 93.0, "BLACK": 0.0, "AMERI_ES": 0.0, "ASIAN_PI": 0.0, "OTHER": 14.0, "HISPANIC": 14.0, "AGE_UNDER5": 6.0, "AGE_5_17": 22.0, "AGE_18_29": 15.0, "AGE_30_49": 28.0, "AGE_50_64": 22.0, "AGE_65_UP": 14.0, "NEVERMARRY": 17.0, "MARRIED": 58.0, "SEPARATED": 0.0, "WIDOWED": 5.0, "DIVORCED": 5.0, "HSEHLD_1_M": 10.0, "HSEHLD_1_F": 4.0, "MARHH_CHD": 11.0, "MARHH_NO_C": 16.0, "MHH_CHILD": 0.0, "FHH_CHILD": 0.0, "HSE_UNITS": 59.0, "VACANT": 17.0, "OWNER_OCC": 31.0, "RENTER_OCC": 11.0, "MEDIAN_VAL": 14999.0, "MEDIANRENT": 175, "UNITS_1DET": 36.0, "UNITS_1ATT": 0.0, "UNITS2": 0.0, "UNITS3_9": 0.0, "UNITS10_49": 0.0, "UNITS50_UP": 0.0, "MOBILEHOME": 23.0, "NO_FARMS87": 17.0, "AVG_SIZE87": 24444.0, "CROP_ACR87": 202.0, "AVG_SALE87": 56007.0, "Shape_Leng": 1.9305431535515809, "Shape_Area": 0.16218905380883999, "Datacenter": null, "GDP_Change": 16.7, "HP_Change": null, "Talent-Bachelor": null, "Talent-Master": null, "Talent-Doctor": null, "NetADD": null, "NewDatacenter2023": null, "NewDatacenter2024": null, "NewDatacenter2025": null, "NewDatacenter2022": null, "NewDatacenter2021": null, "1_DC": 0, "1_TT": -0.1119605, "1_TPM": -0.0007872, "1_GDP": 0.0105382, "1_TA": -1.329749, "1_WI": -0.4878197, "1_SO": -0.3707, "1_ST": -0.3565562, "1_LP": -1.24434, "1_PF": 0.069318, "1_CP": -0.1614918, "1_T": -0.1131643, "1_NR": -1.59598, "1_GW": -0.2440448, "1_SW": -0.220112, "1_RW": -0.1722456, "1_EG": -0.5380116, "1_OF": -1.322717 }, "geometry": { "type": "MultiPolygon", "coordinates": [ [ [ [ -103.344565302660612, 31.65753804081525 ], [ -103.60289812665269, 31.656829924133657 ], [ -103.617196238564759, 31.663675258766958 ], [ -103.631647134712807, 31.685578905226429 ], [ -103.631021631612214, 31.69564193728915 ], [ -103.615922500653255, 31.695216633414592 ], [ -103.619783300859638, 31.709244975053839 ], [ -103.668033572166848, 31.727763106605284 ], [ -103.688626411830626, 31.7540212275923 ], [ -103.749037931394184, 31.743345886845791 ], [ -103.777024126246488, 31.765688049236399 ], [ -103.780877472726957, 31.778797082471122 ], [ -103.794466019799074, 31.781076214219283 ], [ -103.823972424710632, 31.868628215308963 ], [ -103.825789022818185, 31.89549489007279 ], [ -103.883934267993425, 31.869764649315243 ], [ -103.880097111876125, 31.890894147541388 ], [ -103.906435081956545, 31.899566692865474 ], [ -103.912249150676189, 31.908037161403811 ], [ -103.918819298643825, 31.942950990816502 ], [ -103.939442754030665, 31.955920860052171 ], [ -103.945280345404058, 31.986749216020158 ], [ -103.970488782506777, 31.982669388715767 ], [ -103.981377077849174, 32.006015221380913 ], [ -103.729444279738857, 32.006228901688829 ], [ -103.332549418381291, 32.004281473901457 ], [ -103.344565302660612, 31.65753804081525 ] ] ] ] } },
{ "type": "Feature", "properties": { "fid": 133, "OBJECTID": 2617.0, "NAME": "Hudspeth", "STATE_NAME": "Texas", "STATE_FIPS": "48", "CNTY_FIPS": "229", "FIPS": "48229", "AREA": 4571.9183, "POP1990": 2915.0, "POP1999": 3298.0, "POP90_SQMI": 1.0, "HOUSEHOLDS": 946.0, "MALES": 1505.0, "FEMALES": 1410.0, "WHITE": 2345.0, "BLACK": 15.0, "AMERI_ES": 9.0, "ASIAN_PI": 2.0, "OTHER": 544.0, "HISPANIC": 1935.0, "AGE_UNDER5": 216.0, "AGE_5_17": 712.0, "AGE_18_29": 544.0, "AGE_30_49": 736.0, "AGE_50_64": 415.0, "AGE_65_UP": 292.0, "NEVERMARRY": 520.0, "MARRIED": 1336.0, "SEPARATED": 57.0, "WIDOWED": 125.0, "DIVORCED": 108.0, "HSEHLD_1_M": 131.0, "HSEHLD_1_F": 78.0, "MARHH_CHD": 362.0, "MARHH_NO_C": 238.0, "MHH_CHILD": 14.0, "FHH_CHILD": 57.0, "HSE_UNITS": 1288.0, "VACANT": 342.0, "OWNER_OCC": 651.0, "RENTER_OCC": 295.0, "MEDIAN_VAL": 23100.0, "MEDIANRENT": 179, "UNITS_1DET": 803.0, "UNITS_1ATT": 42.0, "UNITS2": 46.0, "UNITS3_9": 12.0, "UNITS10_49": 0.0, "UNITS50_UP": 0.0, "MOBILEHOME": 383.0, "NO_FARMS87": 148.0, "AVG_SIZE87": 15317.0, "CROP_ACR87": 50712.0, "AVG_SALE87": 156787.0, "Shape_Leng": 4.525391008416114, "Shape_Area": 1.122799548884911, "Datacenter": null, "GDP_Change": -4.0, "HP_Change": null, "Talent-Bachelor": null, "Talent-Master": null, "Talent-Doctor": null, "NetADD": null, "NewDatacenter2023": null, "NewDatacenter2024": null, "NewDatacenter2025": null, "NewDatacenter2022": null, "NewDatacenter2021": null, "1_DC": 0, "1_TT": -0.1119605, "1_TPM": -0.0007872, "1_GDP": -0.2180631, "1_TA": -1.194762, "1_WI": -0.4878197, "1_SO": -0.3707, "1_ST": -0.3565562, "1_LP": -1.24434, "1_PF": 0.069318, "1_CP": -0.1614918, "1_T": -0.8105856, "1_NR": -1.522179, "1_GW": -0.2228168, "1_SW": -0.220112, "1_RW": -0.1722456, "1_EG": -0.5380116, "1_OF": -1.414451 }, "geometry": { "type": "MultiPolygon", "coordinates": [ [ [ [ -104.987425711770072, 30.641467032003028 ], [ -104.998039007429554, 30.684474818854756 ], [ -105.061059930981799, 30.688010809857971 ], [ -105.214844038145543, 30.812223563592198 ], [ -105.258691517006525, 30.797790886908928 ], [ -105.288103873955436, 30.832086136065758 ], [ -105.314288579451386, 30.816644639935149 ], [ -105.390821398516493, 30.853217287083023 ], [ -105.409575297759034, 30.902645106749318 ], [ -105.554896847903137, 30.998418618998002 ], [ -105.603733779010668, 31.08655860474305 ], [ -105.770249888887292, 31.170908854886036 ], [ -105.998886788461846, 31.393940052436093 ], [ -105.963981499042461, 31.408618732981203 ], [ -105.962463390751395, 31.475467570326224 ], [ -106.0008706282822, 31.478438967351142 ], [ -106.003240376180372, 32.001658023436818 ], [ -104.922304814538109, 32.004382107887622 ], [ -104.91600604179223, 30.983750624738985 ], [ -104.901959830855901, 30.98117005246657 ], [ -104.902103947111812, 30.815087517158521 ], [ -104.917065786220292, 30.815795077921369 ], [ -104.915386486498505, 30.681778148448331 ], [ -104.987425711770072, 30.641467032003028 ] ] ] ] } },
{ "type": "Feature", "properties": { "fid": 134, "OBJECTID": 2618.0, "NAME": "El Paso", "STATE_NAME": "Texas", "STATE_FIPS": "48", "CNTY_FIPS": "141", "FIPS": "48141", "AREA": 993.5534, "POP1990": 591609.99999999988, "POP1999": 714104.0, "POP90_SQMI": 595.0, "HOUSEHOLDS": 178366.0, "MALES": 287602.0, "FEMALES": 304008.0, "WHITE": 452512.0, "BLACK": 22110.0, "AMERI_ES": 2590.0, "ASIAN_PI": 6485.0, "OTHER": 107913.0, "HISPANIC": 411619.0, "AGE_UNDER5": 53041.0, "AGE_5_17": 139771.0, "AGE_18_29": 124152.0, "AGE_30_49": 158657.0, "AGE_50_64": 67722.0, "AGE_65_UP": 48267.0, "NEVERMARRY": 123622.0, "MARRIED": 237063.0, "SEPARATED": 12359.0, "WIDOWED": 23692.0, "DIVORCED": 35497.0, "HSEHLD_1_M": 13479.0, "HSEHLD_1_F": 16778.0, "MARHH_CHD": 67823.0, "MARHH_NO_C": 40348.0, "MHH_CHILD": 3808.0, "FHH_CHILD": 20287.0, "HSE_UNITS": 187473.0, "VACANT": 9107.0, "OWNER_OCC": 104624.0, "RENTER_OCC": 73742.0, "MEDIAN_VAL": 57300.0, "MEDIANRENT": 301, "UNITS_1DET": 112278.0, "UNITS_1ATT": 10687.0, "UNITS2": 4970.0, "UNITS3_9": 18883.0, "UNITS10_49": 17481.0, "UNITS50_UP": 10179.0, "MOBILEHOME": 10465.0, "NO_FARMS87": 422.0, "AVG_SIZE87": 561.0, "CROP_ACR87": 45271.0, "AVG_SALE87": 156552.0, "Shape_Leng": 2.28785377014795, "Shape_Area": 0.24499797588664099, "Datacenter": 8, "GDP_Change": 8.4, "HP_Change": 0.8, "Talent-Bachelor": 320, "Talent-Master": 41, "Talent-Doctor": 8, "NetADD": -793, "NewDatacenter2023": null, "NewDatacenter2024": null, "NewDatacenter2025": 1, "NewDatacenter2022": null, "NewDatacenter2021": null, "1_DC": 8, "1_TT": 0.4640102, "1_TPM": -1.28988, "1_GDP": 0.8596156, "1_TA": 1.64312, "1_WI": -0.4878197, "1_SO": -0.3147993, "1_ST": -0.3565562, "1_LP": -0.8643785, "1_PF": 0.069318, "1_CP": -0.1614918, "1_T": -0.2127959, "1_NR": 1.522384, "1_GW": 3.387705, "1_SW": 0.3494808, "1_RW": 0.7919244, "1_EG": 0.6612863, "1_OF": 0.2639447 }, "geometry": { "type": "MultiPolygon", "coordinates": [ [ [ [ -105.998886788461846, 31.393940052436093 ], [ -106.21328556163985, 31.47824643737269 ], [ -106.383581210565978, 31.73387271763545 ], [ -106.539514775670568, 31.786305276558625 ], [ -106.61498654980943, 31.817834383114828 ], [ -106.616123706329574, 31.844740532326369 ], [ -106.644079092060508, 31.895205436104476 ], [ -106.633748923526241, 31.914101009073224 ], [ -106.632605287072806, 31.972219987577422 ], [ -106.650061890883705, 31.980329726678566 ], [ -106.623625658903848, 32.001088784457828 ], [ -106.378387283310929, 32.00074706437367 ], [ -106.003240376180372, 32.001658023436818 ], [ -106.0008706282822, 31.478438967351142 ], [ -105.962463390751395, 31.475467570326224 ], [ -105.963981499042461, 31.408618732981203 ], [ -105.998886788461846, 31.393940052436093 ] ] ] ] } },
{ "type": "Feature", "properties": { "fid": 135, "OBJECTID": 2621.0, "NAME": "Shelby", "STATE_NAME": "Texas", "STATE_FIPS": "48", "CNTY_FIPS": "419", "FIPS": "48419", "AREA": 829.4131, "POP1990": 22034.0, "POP1999": 22877.0, "POP90_SQMI": 27.0, "HOUSEHOLDS": 8476.0, "MALES": 10463.0, "FEMALES": 11571.0, "WHITE": 17047.0, "BLACK": 4727.0, "AMERI_ES": 36.0, "ASIAN_PI": 31.0, "OTHER": 193.0, "HISPANIC": 539.0, "AGE_UNDER5": 1562.0, "AGE_5_17": 4203.0, "AGE_18_29": 3336.0, "AGE_30_49": 5337.0, "AGE_50_64": 3344.0, "AGE_65_UP": 4252.0, "NEVERMARRY": 3226.0, "MARRIED": 10245.0, "SEPARATED": 439.0, "WIDOWED": 2123.0, "DIVORCED": 1230.0, "HSEHLD_1_M": 751.0, "HSEHLD_1_F": 1441.0, "MARHH_CHD": 2185.0, "MARHH_NO_C": 2692.0, "MHH_CHILD": 133.0, "FHH_CHILD": 675.0, "HSE_UNITS": 10616.0, "VACANT": 2140.0, "OWNER_OCC": 6583.0, "RENTER_OCC": 1893.0, "MEDIAN_VAL": 35200.0, "MEDIANRENT": 161, "UNITS_1DET": 7186.0, "UNITS_1ATT": 109.0, "UNITS2": 232.0, "UNITS3_9": 176.0, "UNITS10_49": 54.0, "UNITS50_UP": 0.0, "MOBILEHOME": 2758.0, "NO_FARMS87": 1135.0, "AVG_SIZE87": 180.0, "CROP_ACR87": 76239.0, "AVG_SALE87": 78655.0, "Shape_Leng": 2.0039163760848879, "Shape_Area": 0.20449917633836301, "Datacenter": null, "GDP_Change": 10.0, "HP_Change": null, "Talent-Bachelor": null, "Talent-Master": null, "Talent-Doctor": null, "NetADD": null, "NewDatacenter2023": null, "NewDatacenter2024": null, "NewDatacenter2025": null, "NewDatacenter2022": null, "NewDatacenter2021": null, "1_DC": 0, "1_TT": -0.1119605, "1_TPM": -0.0007872, "1_GDP": -0.1820928, "1_TA": 0.33616, "1_WI": -0.4878197, "1_SO": -0.3707, "1_ST": -0.3565562, "1_LP": 0.1066335, "1_PF": 0.069318, "1_CP": -0.1614918, "1_T": -0.1380722, "1_NR": 0.2241048, "1_GW": -0.1710116, "1_SW": -0.1797058, "1_RW": -0.1722456, "1_EG": -0.5380116, "1_OF": -0.8504555 }, "geometry": { "type": "MultiPolygon", "coordinates": [ [ [ [ -93.832805176584657, 31.590360138683263 ], [ -93.915640165453738, 31.611119605931997 ], [ -93.987709556987852, 31.569298860231623 ], [ -94.096523573304182, 31.62721479265722 ], [ -94.395559100674632, 31.657222202007503 ], [ -94.409162706610459, 31.686237915347551 ], [ -94.412863087534959, 31.733946993793428 ], [ -94.440046543076278, 31.82439595783476 ], [ -94.457212872298555, 31.849459488014947 ], [ -94.473547447850819, 31.886809658440576 ], [ -94.507887947124971, 31.921838646472384 ], [ -94.508261291317524, 31.971643260515243 ], [ -94.004584700129669, 31.978108625101427 ], [ -93.977400745223918, 31.946327107567207 ], [ -93.970175715061146, 31.923332669651831 ], [ -93.935918955427212, 31.909624607141147 ], [ -93.918111483925884, 31.909870481213357 ], [ -93.923650691152659, 31.892762087324471 ], [ -93.899449601255867, 31.894623383503852 ], [ -93.892712827135824, 31.870234730703817 ], [ -93.881451529881701, 31.871588807707194 ], [ -93.877591084183564, 31.850282374111604 ], [ -93.865010062864428, 31.817442449101947 ], [ -93.834514598451904, 31.802187635433221 ], [ -93.822253949748244, 31.774808311184209 ], [ -93.831348561481832, 31.753452407023921 ], [ -93.810176298512488, 31.730524706120711 ], [ -93.815135474543013, 31.712523758421781 ], [ -93.80895545927666, 31.707738323722516 ], [ -93.792452602236267, 31.711568029131435 ], [ -93.812030053823719, 31.674740352565159 ], [ -93.806612927897447, 31.653941335328426 ], [ -93.814913937485017, 31.648141329857381 ], [ -93.819773883030621, 31.618267503721082 ], [ -93.835765576390202, 31.615364714882482 ], [ -93.832805176584657, 31.590360138683263 ] ] ] ] } },
{ "type": "Feature", "properties": { "fid": 136, "OBJECTID": 2632.0, "NAME": "McLennan", "STATE_NAME": "Texas", "STATE_FIPS": "48", "CNTY_FIPS": "309", "FIPS": "48309", "AREA": 1061.1586, "POP1990": 189123.0, "POP1999": 204715.0, "POP90_SQMI": 178.0, "HOUSEHOLDS": 70208.0, "MALES": 91808.0, "FEMALES": 97315.0, "WHITE": 146100.0, "BLACK": 29520.0, "AMERI_ES": 563.0, "ASIAN_PI": 1384.0, "OTHER": 11556.0, "HISPANIC": 23643.0, "AGE_UNDER5": 14205.0, "AGE_5_17": 35033.0, "AGE_18_29": 42230.0, "AGE_30_49": 48280.0, "AGE_50_64": 23755.0, "AGE_65_UP": 25620.0, "NEVERMARRY": 40230.0, "MARRIED": 78726.0, "SEPARATED": 3282.0, "WIDOWED": 12251.0, "DIVORCED": 13127.0, "HSEHLD_1_M": 7617.0, "HSEHLD_1_F": 10478.0, "MARHH_CHD": 18309.0, "MARHH_NO_C": 18984.0, "MHH_CHILD": 1066.0, "FHH_CHILD": 5896.0, "HSE_UNITS": 78857.0, "VACANT": 8649.0, "OWNER_OCC": 41352.0, "RENTER_OCC": 28856.0, "MEDIAN_VAL": 50300.0, "MEDIANRENT": 282, "UNITS_1DET": 52451.0, "UNITS_1ATT": 2122.0, "UNITS2": 2804.0, "UNITS3_9": 6760.0, "UNITS10_49": 7675.0, "UNITS50_UP": 2322.0, "MOBILEHOME": 3981.0, "NO_FARMS87": 1977.0, "AVG_SIZE87": 225.0, "CROP_ACR87": 268589.0, "AVG_SALE87": 39984.0, "Shape_Leng": 2.0766446971136059, "Shape_Area": 0.26117397864098302, "Datacenter": 6, "GDP_Change": 3.8, "HP_Change": null, "Talent-Bachelor": null, "Talent-Master": null, "Talent-Doctor": null, "NetADD": null, "NewDatacenter2023": null, "NewDatacenter2024": null, "NewDatacenter2025": null, "NewDatacenter2022": null, "NewDatacenter2021": null, "1_DC": 6, "1_TT": -0.1119605, "1_TPM": -0.0007872, "1_GDP": 0.1524929, "1_TA": 1.397356, "1_WI": 1.076291, "1_SO": -0.353231, "1_ST": -0.3565562, "1_LP": 0.2966141, "1_PF": 0.069318, "1_CP": -0.1614918, "1_T": 0.1608227, "1_NR": 1.384136, "1_GW": 0.1999103, "1_SW": 0.3590608, "1_RW": 1.521058, "1_EG": 0.285036, "1_OF": -0.2354969 }, "geometry": { "type": "MultiPolygon", "coordinates": [ [ [ [ -97.421126628042941, 31.329920582435175 ], [ -97.60250819661951, 31.592824323838705 ], [ -97.276616039739167, 31.754241427448374 ], [ -97.038120675905816, 31.866383445700986 ], [ -96.934142042939243, 31.720757892895985 ], [ -96.802329948653153, 31.52716424421417 ], [ -97.274757754003929, 31.283965559702033 ], [ -97.34062451867743, 31.251756767713257 ], [ -97.421126628042941, 31.329920582435175 ] ] ] ] } },
{ "type": "Feature", "properties": { "fid": 137, "OBJECTID": 2635.0, "NAME": "Nacogdoches", "STATE_NAME": "Texas", "STATE_FIPS": "48", "CNTY_FIPS": "347", "FIPS": "48347", "AREA": 1001.2192, "POP1990": 54753.0, "POP1999": 56543.0, "POP90_SQMI": 55.0, "HOUSEHOLDS": 20124.0, "MALES": 26507.0, "FEMALES": 28246.0, "WHITE": 43772.0, "BLACK": 9020.0, "AMERI_ES": 144.0, "ASIAN_PI": 311.0, "OTHER": 1506.0, "HISPANIC": 2788.0, "AGE_UNDER5": 3515.0, "AGE_5_17": 9169.0, "AGE_18_29": 16618.0, "AGE_30_49": 12986.0, "AGE_50_64": 5995.0, "AGE_65_UP": 6470.0, "NEVERMARRY": 15556.0, "MARRIED": 21138.0, "SEPARATED": 956.0, "WIDOWED": 3306.0, "DIVORCED": 3099.0, "HSEHLD_1_M": 2284.0, "HSEHLD_1_F": 3071.0, "MARHH_CHD": 4946.0, "MARHH_NO_C": 5064.0, "MHH_CHILD": 261.0, "FHH_CHILD": 1488.0, "HSE_UNITS": 22768.0, "VACANT": 2644.0, "OWNER_OCC": 11699.0, "RENTER_OCC": 8425.0, "MEDIAN_VAL": 54100.0, "MEDIANRENT": 276, "UNITS_1DET": 13422.0, "UNITS_1ATT": 264.0, "UNITS2": 511.0, "UNITS3_9": 1621.0, "UNITS10_49": 1896.0, "UNITS50_UP": 766.0, "MOBILEHOME": 4077.0, "NO_FARMS87": 1243.0, "AVG_SIZE87": 193.0, "CROP_ACR87": 89858.0, "AVG_SALE87": 89805.0, "Shape_Leng": 2.283547723081313, "Shape_Area": 0.24638427631757101, "Datacenter": 1, "GDP_Change": 3.1, "HP_Change": null, "Talent-Bachelor": null, "Talent-Master": null, "Talent-Doctor": null, "NetADD": null, "NewDatacenter2023": null, "NewDatacenter2024": null, "NewDatacenter2025": null, "NewDatacenter2022": null, "NewDatacenter2021": null, "1_DC": 1, "1_TT": -0.1119605, "1_TPM": -0.0007872, "1_GDP": -0.1463986, "1_TA": 0.199998, "1_WI": -0.4878197, "1_SO": -0.3707, "1_ST": -0.3565562, "1_LP": 0.1066335, "1_PF": 0.069318, "1_CP": -0.1614918, "1_T": -0.0882564, "1_NR": 1.041116, "1_GW": -0.0371908, "1_SW": -0.1555054, "1_RW": -0.1722456, "1_EG": -0.4684523, "1_OF": -0.8674433 }, "geometry": { "type": "MultiPolygon", "coordinates": [ [ [ [ -94.329659697755346, 31.223191294806103 ], [ -94.345674229008637, 31.231783586419443 ], [ -94.397594029647053, 31.294783501740536 ], [ -94.440083396142654, 31.316576268421962 ], [ -94.48543448740952, 31.383305315299623 ], [ -94.52921301496491, 31.402837840065121 ], [ -94.545723591554179, 31.428792380633784 ], [ -94.610742394537056, 31.444750273093423 ], [ -94.629106583467546, 31.44335014800895 ], [ -94.679438619186953, 31.462218688347527 ], [ -94.725726777309092, 31.461215027608478 ], [ -94.758526072695531, 31.469158657987457 ], [ -94.799923915394174, 31.493947556538011 ], [ -94.821034671712766, 31.491729186590195 ], [ -94.873869299793739, 31.53164123202092 ], [ -94.891661483322082, 31.547994451571252 ], [ -94.894164340350301, 31.576442088880459 ], [ -94.91046091248802, 31.573985366717377 ], [ -94.916045778963792, 31.579266701886695 ], [ -94.945283134870124, 31.653697840410853 ], [ -94.964213287275754, 31.738609858093909 ], [ -94.959078794342531, 31.751625394769871 ], [ -94.938273062064695, 31.756626287424648 ], [ -94.935579862947407, 31.765184238632671 ], [ -94.979480316338766, 31.787712973228224 ], [ -94.987369514320847, 31.851551449800215 ], [ -94.457212872298555, 31.849459488014947 ], [ -94.440046543076278, 31.82439595783476 ], [ -94.412863087534959, 31.733946993793428 ], [ -94.409162706610459, 31.686237915347551 ], [ -94.395559100674632, 31.657222202007503 ], [ -94.344684800385039, 31.606671131818359 ], [ -94.315692236724544, 31.590117652127457 ], [ -94.302607385738156, 31.562025094432819 ], [ -94.303087938833244, 31.509477257847223 ], [ -94.321795374128442, 31.450080128933557 ], [ -94.313105025304594, 31.420831645551893 ], [ -94.321589042485016, 31.407089531759038 ], [ -94.318094072891199, 31.326885565289018 ], [ -94.336839466182653, 31.266095952307044 ], [ -94.329659697755346, 31.223191294806103 ] ] ] ] } },
{ "type": "Feature", "properties": { "fid": 138, "OBJECTID": 2642.0, "NAME": "Limestone", "STATE_NAME": "Texas", "STATE_FIPS": "48", "CNTY_FIPS": "293", "FIPS": "48293", "AREA": 937.0145, "POP1990": 20946.0, "POP1999": 21745.0, "POP90_SQMI": 22.0, "HOUSEHOLDS": 7722.0, "MALES": 9886.0, "FEMALES": 11060.0, "WHITE": 15695.0, "BLACK": 4156.0, "AMERI_ES": 41.0, "ASIAN_PI": 50.0, "OTHER": 1004.0, "HISPANIC": 1459.0, "AGE_UNDER5": 1498.0, "AGE_5_17": 4010.0, "AGE_18_29": 2990.0, "AGE_30_49": 5524.0, "AGE_50_64": 2946.0, "AGE_65_UP": 3978.0, "NEVERMARRY": 3596.0, "MARRIED": 9030.0, "SEPARATED": 417.0, "WIDOWED": 1953.0, "DIVORCED": 1322.0, "HSEHLD_1_M": 717.0, "HSEHLD_1_F": 1399.0, "MARHH_CHD": 1995.0, "MARHH_NO_C": 2298.0, "MHH_CHILD": 121.0, "FHH_CHILD": 611.0, "HSE_UNITS": 9922.0, "VACANT": 2200.0, "OWNER_OCC": 5647.0, "RENTER_OCC": 2075.0, "MEDIAN_VAL": 36900.0, "MEDIANRENT": 209, "UNITS_1DET": 7259.0, "UNITS_1ATT": 110.0, "UNITS2": 168.0, "UNITS3_9": 345.0, "UNITS10_49": 155.0, "UNITS50_UP": 0.0, "MOBILEHOME": 1765.0, "NO_FARMS87": 1200.0, "AVG_SIZE87": 383.0, "CROP_ACR87": 172821.0, "AVG_SALE87": 22059.0, "Shape_Leng": 1.939079636995777, "Shape_Area": 0.230491557630111, "Datacenter": 1, "GDP_Change": 4.8, "HP_Change": null, "Talent-Bachelor": null, "Talent-Master": null, "Talent-Doctor": null, "NetADD": null, "NewDatacenter2023": null, "NewDatacenter2024": null, "NewDatacenter2025": null, "NewDatacenter2022": null, "NewDatacenter2021": null, "1_DC": 1, "1_TT": -0.1119605, "1_TPM": -0.0007872, "1_GDP": -0.1782083, "1_TA": -0.0741201, "1_WI": -0.4878197, "1_SO": 1.06525, "1_ST": -0.3565562, "1_LP": 0.2966141, "1_PF": 0.069318, "1_CP": -0.1614918, "1_T": 0.1110069, "1_NR": 0.3394842, "1_GW": -0.1503336, "1_SW": -0.2054249, "1_RW": -0.1722456, "1_EG": 1.695975, "1_OF": -1.414451 }, "geometry": { "type": "MultiPolygon", "coordinates": [ [ [ [ -96.31898095507654, 31.367501494910456 ], [ -96.596681225549332, 31.23013743293377 ], [ -96.802329948653153, 31.52716424421417 ], [ -96.934142042939243, 31.720757892895985 ], [ -96.722001111601458, 31.824748109108235 ], [ -96.502213862591418, 31.806248694200306 ], [ -96.234453394217951, 31.420410350402889 ], [ -96.32118614702506, 31.378081267920837 ], [ -96.31898095507654, 31.367501494910456 ] ] ] ] } },
{ "type": "Feature", "properties": { "fid": 139, "OBJECTID": 2655.0, "NAME": "Mills", "STATE_NAME": "Texas", "STATE_FIPS": "48", "CNTY_FIPS": "333", "FIPS": "48333", "AREA": 761.5103, "POP1990": 4531.0, "POP1999": 4740.0, "POP90_SQMI": 6.0, "HOUSEHOLDS": 1782.0, "MALES": 2202.0, "FEMALES": 2329.0, "WHITE": 4238.0, "BLACK": 10.0, "AMERI_ES": 4.0, "ASIAN_PI": 1.0, "OTHER": 278.0, "HISPANIC": 484.0, "AGE_UNDER5": 257.0, "AGE_5_17": 826.0, "AGE_18_29": 481.0, "AGE_30_49": 1087.0, "AGE_50_64": 671.0, "AGE_65_UP": 1209.0, "NEVERMARRY": 592.0, "MARRIED": 2332.0, "SEPARATED": 46.0, "WIDOWED": 459.0, "DIVORCED": 210.0, "HSEHLD_1_M": 156.0, "HSEHLD_1_F": 334.0, "MARHH_CHD": 439.0, "MARHH_NO_C": 686.0, "MHH_CHILD": 22.0, "FHH_CHILD": 59.0, "HSE_UNITS": 2582.0, "VACANT": 800.0, "OWNER_OCC": 1413.0, "RENTER_OCC": 369.0, "MEDIAN_VAL": 34100.0, "MEDIANRENT": 136, "UNITS_1DET": 2192.0, "UNITS_1ATT": 41.0, "UNITS2": 12.0, "UNITS3_9": 26.0, "UNITS10_49": 0.0, "UNITS50_UP": 0.0, "MOBILEHOME": 297.0, "NO_FARMS87": 682.0, "AVG_SIZE87": 591.0, "CROP_ACR87": 84766.0, "AVG_SALE87": 30213.0, "Shape_Leng": 2.2189403405061818, "Shape_Area": 0.187228158630214, "Datacenter": null, "GDP_Change": -3.8, "HP_Change": null, "Talent-Bachelor": null, "Talent-Master": null, "Talent-Doctor": null, "NetADD": null, "NewDatacenter2023": null, "NewDatacenter2024": null, "NewDatacenter2025": null, "NewDatacenter2022": null, "NewDatacenter2021": null, "1_DC": 0, "1_TT": -0.1119605, "1_TPM": -0.0007872, "1_GDP": -0.215302, "1_TA": -0.4494947, "1_WI": 1.714969, "1_SO": -0.3707, "1_ST": -0.3565562, "1_LP": 0.0644156, "1_PF": 0.069318, "1_CP": -0.1614918, "1_T": 0.0113753, "1_NR": -1.414076, "1_GW": -0.22421, "1_SW": -0.2158061, "1_RW": -0.1722456, "1_EG": 0.1439421, "1_OF": 1.77586 }, "geometry": { "type": "MultiPolygon", "coordinates": [ [ [ [ -98.566266108938692, 31.235457599339426 ], [ -98.581823149199749, 31.263968196679247 ], [ -98.601720939844881, 31.258740302287983 ], [ -98.630263394436611, 31.280100468163191 ], [ -98.601225427821817, 31.287500746416185 ], [ -98.593558299774713, 31.328040739595238 ], [ -98.625419113462897, 31.313371738504149 ], [ -98.634399208191894, 31.320787450987552 ], [ -98.625213288093903, 31.325239082097998 ], [ -98.632064730884963, 31.332172233739712 ], [ -98.649437024082715, 31.318231727221292 ], [ -98.654106449215078, 31.327417419097308 ], [ -98.644935781906497, 31.331417016305313 ], [ -98.65010116268445, 31.342893406364752 ], [ -98.641273985156488, 31.357852467258692 ], [ -98.654084065622499, 31.36120372967255 ], [ -98.656601964470212, 31.370820470236982 ], [ -98.706376770621659, 31.342191896229078 ], [ -98.713190118248463, 31.351858279619012 ], [ -98.698564919519299, 31.394599450969363 ], [ -98.705843746179198, 31.408837714875165 ], [ -98.727290464406508, 31.409539824561794 ], [ -98.72496362857413, 31.420924646735536 ], [ -98.733913280076308, 31.431525678060879 ], [ -98.755702880779836, 31.409860419703563 ], [ -98.757106353019196, 31.388420099196093 ], [ -98.779719932151124, 31.382278237220863 ], [ -98.779850044914724, 31.409213540661636 ], [ -98.813656068597538, 31.407752116323135 ], [ -98.819408800694021, 31.417399307147011 ], [ -98.848919454912163, 31.416794318660134 ], [ -98.877522525145935, 31.442645831933639 ], [ -98.927487608936417, 31.437203587687531 ], [ -98.930531883272693, 31.450013115368396 ], [ -98.945989182281721, 31.457918750306927 ], [ -98.969266421971213, 31.442160166244605 ], [ -98.969091067352565, 31.455852809884529 ], [ -98.990941841582128, 31.467462355829884 ], [ -98.986402501549492, 31.487502606816815 ], [ -98.783780253711882, 31.611435204076926 ], [ -98.761578205346211, 31.691493890622375 ], [ -98.671488726048949, 31.704606031178258 ], [ -98.495605239547899, 31.727017973088813 ], [ -98.461287409963688, 31.691422677118503 ], [ -98.259849824249955, 31.424226600222802 ], [ -98.260536407498364, 31.417388938466875 ], [ -98.566266108938692, 31.235457599339426 ] ] ] ] } },
{ "type": "Feature", "properties": { "fid": 140, "OBJECTID": 2657.0, "NAME": "Coryell", "STATE_NAME": "Texas", "STATE_FIPS": "48", "CNTY_FIPS": "099", "FIPS": "48099", "AREA": 1048.9643, "POP1990": 64213.0, "POP1999": 78435.0, "POP90_SQMI": 61.0, "HOUSEHOLDS": 16687.0, "MALES": 36229.0, "FEMALES": 27984.0, "WHITE": 45078.0, "BLACK": 13592.0, "AMERI_ES": 461.0, "ASIAN_PI": 1670.0, "OTHER": 3412.0, "HISPANIC": 6243.0, "AGE_UNDER5": 5413.0, "AGE_5_17": 11527.0, "AGE_18_29": 22597.0, "AGE_30_49": 16378.0, "AGE_50_64": 4712.0, "AGE_65_UP": 3586.0, "NEVERMARRY": 15161.0, "MARRIED": 27399.0, "SEPARATED": 1482.0, "WIDOWED": 1987.0, "DIVORCED": 3489.0, "HSEHLD_1_M": 1232.0, "HSEHLD_1_F": 1493.0, "MARHH_CHD": 7313.0, "MARHH_NO_C": 4520.0, "MHH_CHILD": 248.0, "FHH_CHILD": 1068.0, "HSE_UNITS": 18970.0, "VACANT": 2283.0, "OWNER_OCC": 8630.0, "RENTER_OCC": 8057.0, "MEDIAN_VAL": 51200.0, "MEDIANRENT": 330, "UNITS_1DET": 11847.0, "UNITS_1ATT": 1149.0, "UNITS2": 1469.0, "UNITS3_9": 1958.0, "UNITS10_49": 676.0, "UNITS50_UP": 267.0, "MOBILEHOME": 1308.0, "NO_FARMS87": 1009.0, "AVG_SIZE87": 604.0, "CROP_ACR87": 134309.0, "AVG_SALE87": 21528.0, "Shape_Leng": 2.0390833463841749, "Shape_Area": 0.257769735037232, "Datacenter": null, "GDP_Change": 1.9, "HP_Change": null, "Talent-Bachelor": null, "Talent-Master": null, "Talent-Doctor": null, "NetADD": null, "NewDatacenter2023": null, "NewDatacenter2024": null, "NewDatacenter2025": null, "NewDatacenter2022": null, "NewDatacenter2021": null, "1_DC": 0, "1_TT": -0.1119605, "1_TPM": -0.0007872, "1_GDP": -0.1768816, "1_TA": -0.2086412, "1_WI": -0.4878197, "1_SO": -0.3707, "1_ST": -0.3565562, "1_LP": 0.2966141, "1_PF": 0.069318, "1_CP": -0.1614918, "1_T": 0.1359148, "1_NR": 0.4756528, "1_GW": -0.2313593, "1_SW": -0.0001559, "1_RW": -0.1458694, "1_EG": -0.5380116, "1_OF": -1.23438 }, "geometry": { "type": "MultiPolygon", "coordinates": [ [ [ [ -97.908411693513699, 31.073849920605671 ], [ -98.179541315212191, 31.464943754545967 ], [ -97.75978547724776, 31.679141558968869 ], [ -97.692164389849154, 31.710170344564581 ], [ -97.60250819661951, 31.592824323838705 ], [ -97.421126628042941, 31.329920582435175 ], [ -97.908411693513699, 31.073849920605671 ] ] ] ] } },
{ "type": "Feature", "properties": { "fid": 141, "OBJECTID": 2659.0, "NAME": "Tom Green", "STATE_NAME": "Texas", "STATE_FIPS": "48", "CNTY_FIPS": "451", "FIPS": "48451", "AREA": 1562.9258, "POP1990": 98458.0, "POP1999": 103202.0, "POP90_SQMI": 63.0, "HOUSEHOLDS": 35408.0, "MALES": 47722.0, "FEMALES": 50736.0, "WHITE": 79533.0, "BLACK": 4136.0, "AMERI_ES": 373.0, "ASIAN_PI": 998.0, "OTHER": 13418.0, "HISPANIC": 25501.0, "AGE_UNDER5": 7643.0, "AGE_5_17": 18975.0, "AGE_18_29": 20754.0, "AGE_30_49": 26463.0, "AGE_50_64": 12090.0, "AGE_65_UP": 12533.0, "NEVERMARRY": 17575.0, "MARRIED": 43631.0, "SEPARATED": 1670.0, "WIDOWED": 5740.0, "DIVORCED": 7101.0, "HSEHLD_1_M": 3426.0, "HSEHLD_1_F": 5371.0, "MARHH_CHD": 10590.0, "MARHH_NO_C": 9932.0, "MHH_CHILD": 565.0, "FHH_CHILD": 2614.0, "HSE_UNITS": 40135.0, "VACANT": 4727.0, "OWNER_OCC": 22049.0, "RENTER_OCC": 13359.0, "MEDIAN_VAL": 49600.0, "MEDIANRENT": 300, "UNITS_1DET": 27484.0, "UNITS_1ATT": 1382.0, "UNITS2": 688.0, "UNITS3_9": 2437.0, "UNITS10_49": 3848.0, "UNITS50_UP": 1559.0, "MOBILEHOME": 2201.0, "NO_FARMS87": 867.0, "AVG_SIZE87": 1170.0, "CROP_ACR87": 207948.0, "AVG_SALE87": 87196.0, "Shape_Leng": 3.5299194808632861, "Shape_Area": 0.384009952879872, "Datacenter": 2, "GDP_Change": 3.0, "HP_Change": null, "Talent-Bachelor": null, "Talent-Master": null, "Talent-Doctor": null, "NetADD": 57, "NewDatacenter2023": null, "NewDatacenter2024": null, "NewDatacenter2025": null, "NewDatacenter2022": null, "NewDatacenter2021": null, "1_DC": 2, "1_TT": -0.1119605, "1_TPM": 0.0918715, "1_GDP": -0.0484765, "1_TA": -0.3311031, "1_WI": -0.4878197, "1_SO": 1.578838, "1_ST": 0.6106002, "1_LP": -0.7482793, "1_PF": 0.069318, "1_CP": -0.1614918, "1_T": -0.0384405, "1_NR": 0.9298944, "1_GW": -0.0502063, "1_SW": 0.0161001, "1_RW": -0.1722456, "1_EG": -0.11473, "1_OF": 1.198274 }, "geometry": { "type": "MultiPolygon", "coordinates": [ [ [ [ -100.114119878087251, 31.088452946203756 ], [ -100.686154268888856, 31.085940348105172 ], [ -100.69263985687644, 31.533308290682502 ], [ -101.272081746754395, 31.528666015189646 ], [ -101.271608935525364, 31.566550426295599 ], [ -100.865434488968276, 31.56997837869821 ], [ -100.861468636448194, 31.701866108875951 ], [ -100.825953189913832, 31.702591547799269 ], [ -100.232307764163522, 31.697643045124508 ], [ -100.231985524607865, 31.587234734019489 ], [ -100.11375051403104, 31.58558918011359 ], [ -100.114119878087251, 31.088452946203756 ] ] ] ] } },
{ "type": "Feature", "properties": { "fid": 142, "OBJECTID": 2663.0, "NAME": "Ward", "STATE_NAME": "Texas", "STATE_FIPS": "48", "CNTY_FIPS": "475", "FIPS": "48475", "AREA": 831.1902, "POP1990": 13115.0, "POP1999": 11749.0, "POP90_SQMI": 16.0, "HOUSEHOLDS": 4444.0, "MALES": 6534.0, "FEMALES": 6581.0, "WHITE": 9905.0, "BLACK": 457.0, "AMERI_ES": 75.0, "ASIAN_PI": 25.0, "OTHER": 2653.0, "HISPANIC": 4830.0, "AGE_UNDER5": 1048.0, "AGE_5_17": 3298.0, "AGE_18_29": 2100.0, "AGE_30_49": 3488.0, "AGE_50_64": 1721.0, "AGE_65_UP": 1460.0, "NEVERMARRY": 1917.0, "MARRIED": 5994.0, "SEPARATED": 190.0, "WIDOWED": 777.0, "DIVORCED": 709.0, "HSEHLD_1_M": 352.0, "HSEHLD_1_F": 575.0, "MARHH_CHD": 1674.0, "MARHH_NO_C": 1214.0, "MHH_CHILD": 81.0, "FHH_CHILD": 284.0, "HSE_UNITS": 5365.0, "VACANT": 921.0, "OWNER_OCC": 3416.0, "RENTER_OCC": 1028.0, "MEDIAN_VAL": 33300.0, "MEDIANRENT": 223, "UNITS_1DET": 3713.0, "UNITS_1ATT": 78.0, "UNITS2": 113.0, "UNITS3_9": 172.0, "UNITS10_49": 113.0, "UNITS50_UP": 64.0, "MOBILEHOME": 1063.0, "NO_FARMS87": 82.0, "AVG_SIZE87": 5715.0, "CROP_ACR87": 6071.0, "AVG_SALE87": 35055.0, "Shape_Leng": 2.3162667367223131, "Shape_Area": 0.204273823510564, "Datacenter": null, "GDP_Change": 13.5, "HP_Change": null, "Talent-Bachelor": null, "Talent-Master": null, "Talent-Doctor": null, "NetADD": null, "NewDatacenter2023": null, "NewDatacenter2024": null, "NewDatacenter2025": null, "NewDatacenter2022": null, "NewDatacenter2021": null, "1_DC": 0, "1_TT": -0.1119605, "1_TPM": -0.0007872, "1_GDP": -0.1154317, "1_TA": -0.1030305, "1_WI": -0.4878197, "1_SO": -0.3707, "1_ST": 0.9580253, "1_LP": -1.24434, "1_PF": 0.069318, "1_CP": -0.1614918, "1_T": 0.2106385, "1_NR": -1.094963, "1_GW": -0.138638, "1_SW": -0.220112, "1_RW": -0.1722456, "1_EG": -0.4314151, "1_OF": -1.431439 }, "geometry": { "type": "MultiPolygon", "coordinates": [ [ [ [ -103.017655125253555, 31.37826836314002 ], [ -103.047082665267681, 31.390713199388269 ], [ -103.07625873938116, 31.367989523649989 ], [ -103.189750057838069, 31.376676356277674 ], [ -103.249665699676143, 31.399611165380936 ], [ -103.263948110663023, 31.434358290384925 ], [ -103.278070637897429, 31.425268052508294 ], [ -103.332225811817807, 31.424121577658507 ], [ -103.377973110464836, 31.427312335181735 ], [ -103.394704885855447, 31.442334190446783 ], [ -103.418578043543562, 31.43566808940805 ], [ -103.432311400085496, 31.443011160468693 ], [ -103.447090014861089, 31.437075584230584 ], [ -103.46346323717961, 31.443419222177894 ], [ -103.483987020399013, 31.458765325127313 ], [ -103.485429114240674, 31.492059223349877 ], [ -103.503954336849915, 31.522990050694876 ], [ -103.490480514126375, 31.534372955408781 ], [ -103.51365264902455, 31.585244790672196 ], [ -103.499965284532948, 31.604394302452622 ], [ -103.510723336874719, 31.616841402692739 ], [ -103.506527238784201, 31.631583063548771 ], [ -103.528302444899396, 31.637291585849244 ], [ -103.53735903193575, 31.647507146925665 ], [ -103.551489249899532, 31.650711396909717 ], [ -103.564543504420612, 31.641621075995538 ], [ -103.60289812665269, 31.656829924133657 ], [ -103.344565302660612, 31.65753804081525 ], [ -102.800324988210036, 31.653294514102182 ], [ -102.766930103940581, 31.652298883909452 ], [ -102.769273965449713, 31.29748267558212 ], [ -102.827144737713525, 31.267253786872704 ], [ -102.842876820964022, 31.288319704105209 ], [ -102.867886580812524, 31.298641822614858 ], [ -102.878880653580268, 31.321651285880581 ], [ -102.929602039803626, 31.345906006643609 ], [ -102.992279083556184, 31.359313918869066 ], [ -103.017655125253555, 31.37826836314002 ] ] ] ] } },
{ "type": "Feature", "properties": { "fid": 143, "OBJECTID": 2664.0, "NAME": "San Augustine", "STATE_NAME": "Texas", "STATE_FIPS": "48", "CNTY_FIPS": "405", "FIPS": "48405", "AREA": 592.8156, "POP1990": 7999.0, "POP1999": 8098.0, "POP90_SQMI": 13.0, "HOUSEHOLDS": 3073.0, "MALES": 3774.0, "FEMALES": 4225.0, "WHITE": 5663.0, "BLACK": 2244.0, "AMERI_ES": 15.0, "ASIAN_PI": 6.0, "OTHER": 71.0, "HISPANIC": 138.0, "AGE_UNDER5": 519.0, "AGE_5_17": 1434.0, "AGE_18_29": 1126.0, "AGE_30_49": 1734.0, "AGE_50_64": 1399.0, "AGE_65_UP": 1787.0, "NEVERMARRY": 1168.0, "MARRIED": 3747.0, "SEPARATED": 155.0, "WIDOWED": 841.0, "DIVORCED": 437.0, "HSEHLD_1_M": 279.0, "HSEHLD_1_F": 497.0, "MARHH_CHD": 673.0, "MARHH_NO_C": 1118.0, "MHH_CHILD": 45.0, "FHH_CHILD": 272.0, "HSE_UNITS": 4168.0, "VACANT": 1095.0, "OWNER_OCC": 2435.0, "RENTER_OCC": 638.0, "MEDIAN_VAL": 35200.0, "MEDIANRENT": 136, "UNITS_1DET": 2940.0, "UNITS_1ATT": 38.0, "UNITS2": 83.0, "UNITS3_9": 40.0, "UNITS10_49": 27.0, "UNITS50_UP": 0.0, "MOBILEHOME": 963.0, "NO_FARMS87": 320.0, "AVG_SIZE87": 171.0, "CROP_ACR87": 22544.0, "AVG_SALE87": 42999.0, "Shape_Leng": 1.734176312200387, "Shape_Area": 0.145582757399324, "Datacenter": null, "GDP_Change": -19.0, "HP_Change": null, "Talent-Bachelor": null, "Talent-Master": null, "Talent-Doctor": null, "NetADD": null, "NewDatacenter2023": null, "NewDatacenter2024": null, "NewDatacenter2025": null, "NewDatacenter2022": null, "NewDatacenter2021": null, "1_DC": 0, "1_TT": -0.1119605, "1_TPM": -0.0007872, "1_GDP": -0.2065863, "1_TA": 0.0703193, "1_WI": -0.4878197, "1_SO": -0.3707, "1_ST": -0.3565562, "1_LP": -0.1340086, "1_PF": 0.069318, "1_CP": -0.1614918, "1_T": -0.0384405, "1_NR": -1.021162, "1_GW": -0.2242833, "1_SW": -0.2076614, "1_RW": -0.1722456, "1_EG": -0.5380116, "1_OF": -1.445029 }, "geometry": { "type": "MultiPolygon", "coordinates": [ [ [ [ -94.040007974371179, 31.13849811072264 ], [ -94.049186235403909, 31.115652730670028 ], [ -94.139856789795374, 31.098054257909475 ], [ -94.183544352153035, 31.123228549998082 ], [ -94.224569348771809, 31.171122559496098 ], [ -94.260840649794659, 31.180779175996886 ], [ -94.300491762943864, 31.211181208615095 ], [ -94.329659697755346, 31.223191294806103 ], [ -94.336839466182653, 31.266095952307044 ], [ -94.318094072891199, 31.326885565289018 ], [ -94.321589042485016, 31.407089531759038 ], [ -94.313105025304594, 31.420831645551893 ], [ -94.321795374128442, 31.450080128933557 ], [ -94.303087938833244, 31.509477257847223 ], [ -94.302607385738156, 31.562025094432819 ], [ -94.315692236724544, 31.590117652127457 ], [ -94.344684800385039, 31.606671131818359 ], [ -94.395559100674632, 31.657222202007503 ], [ -94.096523573304182, 31.62721479265722 ], [ -93.987709556987852, 31.569298860231623 ], [ -93.989181710740013, 31.470152099359815 ], [ -94.04844830736738, 31.402903371504419 ], [ -94.031136485298248, 31.375449682167677 ], [ -94.049165019173699, 31.327475694100045 ], [ -94.036865520241406, 31.246762866235414 ], [ -94.041862335093128, 31.178861855955684 ], [ -94.056076070056292, 31.145764867729323 ], [ -94.040007974371179, 31.13849811072264 ] ] ] ] } },
{ "type": "Feature", "properties": { "fid": 144, "OBJECTID": 2665.0, "NAME": "Crane", "STATE_NAME": "Texas", "STATE_FIPS": "48", "CNTY_FIPS": "103", "FIPS": "48103", "AREA": 809.3042, "POP1990": 4652.0, "POP1999": 4524.0, "POP90_SQMI": 6.0, "HOUSEHOLDS": 1537.0, "MALES": 2321.0, "FEMALES": 2331.0, "WHITE": 3097.0, "BLACK": 130.0, "AMERI_ES": 11.0, "ASIAN_PI": 10.0, "OTHER": 1404.0, "HISPANIC": 1577.0, "AGE_UNDER5": 390.0, "AGE_5_17": 1224.0, "AGE_18_29": 722.0, "AGE_30_49": 1322.0, "AGE_50_64": 535.0, "AGE_65_UP": 459.0, "NEVERMARRY": 592.0, "MARRIED": 2241.0, "SEPARATED": 56.0, "WIDOWED": 233.0, "DIVORCED": 184.0, "HSEHLD_1_M": 103.0, "HSEHLD_1_F": 183.0, "MARHH_CHD": 671.0, "MARHH_NO_C": 422.0, "MHH_CHILD": 22.0, "FHH_CHILD": 73.0, "HSE_UNITS": 1795.0, "VACANT": 258.0, "OWNER_OCC": 1233.0, "RENTER_OCC": 304.0, "MEDIAN_VAL": 37500.0, "MEDIANRENT": 217, "UNITS_1DET": 1353.0, "UNITS_1ATT": 13.0, "UNITS2": 14.0, "UNITS3_9": 22.0, "UNITS10_49": 11.0, "UNITS50_UP": 0.0, "MOBILEHOME": 376.0, "NO_FARMS87": 42.0, "AVG_SIZE87": 8018.0, "CROP_ACR87": 668.0, "AVG_SALE87": 50834.0, "Shape_Leng": 2.0226268823184221, "Shape_Area": 0.19877694690060199, "Datacenter": null, "GDP_Change": 2.8, "HP_Change": null, "Talent-Bachelor": null, "Talent-Master": null, "Talent-Doctor": null, "NetADD": null, "NewDatacenter2023": null, "NewDatacenter2024": null, "NewDatacenter2025": null, "NewDatacenter2022": null, "NewDatacenter2021": null, "1_DC": 0, "1_TT": -0.1119605, "1_TPM": -0.0007872, "1_GDP": -0.1996002, "1_TA": -0.7779617, "1_WI": -0.4878197, "1_SO": 0.5376869, "1_ST": 4.582515, "1_LP": -1.24434, "1_PF": 0.069318, "1_CP": -0.1614918, "1_T": 0.3102701, "1_NR": -1.559599, "1_GW": -0.2078948, "1_SW": -0.220112, "1_RW": -0.1427355, "1_EG": -0.4495457, "1_OF": -1.411053 }, "geometry": { "type": "MultiPolygon", "coordinates": [ [ [ [ -102.303135493947764, 31.08701546703325 ], [ -102.388052926723844, 31.086137651264202 ], [ -102.425438243208816, 31.121418604192939 ], [ -102.426033788335303, 31.177138339289819 ], [ -102.436028741748089, 31.207067594087924 ], [ -102.506541315577635, 31.255287723798268 ], [ -102.551868747327489, 31.266590377923222 ], [ -102.589833637360186, 31.264801344140999 ], [ -102.600186926015226, 31.286939306598704 ], [ -102.628744479602688, 31.292207243998007 ], [ -102.63180389714239, 31.304009570166809 ], [ -102.655165661729939, 31.313959899263349 ], [ -102.658812542389342, 31.327118301775467 ], [ -102.679114886887703, 31.32526058060159 ], [ -102.720116445180906, 31.301432776193984 ], [ -102.72654066544294, 31.285289478169698 ], [ -102.736565982949685, 31.280933229184917 ], [ -102.745637580841503, 31.279796484703979 ], [ -102.755243144588405, 31.294631348589355 ], [ -102.769273965449713, 31.29748267558212 ], [ -102.766930103940581, 31.652298883909452 ], [ -102.303778808647166, 31.65593660709613 ], [ -102.303135493947764, 31.08701546703325 ] ] ] ] } },
{ "type": "Feature", "properties": { "fid": 145, "OBJECTID": 2666.0, "NAME": "Upton", "STATE_NAME": "Texas", "STATE_FIPS": "48", "CNTY_FIPS": "461", "FIPS": "48461", "AREA": 1221.7478, "POP1990": 4447.0, "POP1999": 3705.0, "POP90_SQMI": 4.0, "HOUSEHOLDS": 1472.0, "MALES": 2201.0, "FEMALES": 2246.0, "WHITE": 3487.0, "BLACK": 94.0, "AMERI_ES": 20.0, "ASIAN_PI": 2.0, "OTHER": 844.0, "HISPANIC": 1666.0, "AGE_UNDER5": 388.0, "AGE_5_17": 1200.0, "AGE_18_29": 649.0, "AGE_30_49": 1218.0, "AGE_50_64": 573.0, "AGE_65_UP": 419.0, "NEVERMARRY": 551.0, "MARRIED": 2081.0, "SEPARATED": 77.0, "WIDOWED": 231.0, "DIVORCED": 167.0, "HSEHLD_1_M": 131.0, "HSEHLD_1_F": 166.0, "MARHH_CHD": 620.0, "MARHH_NO_C": 384.0, "MHH_CHILD": 30.0, "FHH_CHILD": 75.0, "HSE_UNITS": 1868.0, "VACANT": 396.0, "OWNER_OCC": 1107.0, "RENTER_OCC": 365.0, "MEDIAN_VAL": 27600.0, "MEDIANRENT": 174, "UNITS_1DET": 1421.0, "UNITS_1ATT": 19.0, "UNITS2": 30.0, "UNITS3_9": 9.0, "UNITS10_49": 4.0, "UNITS50_UP": 0.0, "MOBILEHOME": 373.0, "NO_FARMS87": 86.0, "AVG_SIZE87": 8595.0, "CROP_ACR87": 26377.0, "AVG_SALE87": 84601.0, "Shape_Leng": 2.1945901220916011, "Shape_Area": 0.30000853875677502, "Datacenter": null, "GDP_Change": 10.8, "HP_Change": null, "Talent-Bachelor": null, "Talent-Master": null, "Talent-Doctor": null, "NetADD": null, "NewDatacenter2023": null, "NewDatacenter2024": null, "NewDatacenter2025": null, "NewDatacenter2022": null, "NewDatacenter2021": null, "1_DC": 0, "1_TT": -0.1119605, "1_TPM": -0.0007872, "1_GDP": -0.0691018, "1_TA": -0.9502892, "1_WI": 1.993902, "1_SO": 2.277597, "1_ST": 0.695109, "1_LP": -0.7482793, "1_PF": 0.069318, "1_CP": -0.1614918, "1_T": 0.1359148, "1_NR": -1.346511, "1_GW": -0.2088114, "1_SW": -0.220112, "1_RW": -0.1722456, "1_EG": 0.4731612, "1_OF": -0.6567945 }, "geometry": { "type": "MultiPolygon", "coordinates": [ [ [ [ -101.773191502080294, 31.088061323559224 ], [ -102.303135493947764, 31.08701546703325 ], [ -102.303778808647166, 31.65593660709613 ], [ -102.290259288537698, 31.653476273402575 ], [ -101.772139862673896, 31.651920608885192 ], [ -101.773191502080294, 31.088061323559224 ] ] ] ] } },
{ "type": "Feature", "properties": { "fid": 146, "OBJECTID": 2667.0, "NAME": "Reagan", "STATE_NAME": "Texas", "STATE_FIPS": "48", "CNTY_FIPS": "383", "FIPS": "48383", "AREA": 1148.9678, "POP1990": 4514.0, "POP1999": 4195.0, "POP90_SQMI": 4.0, "HOUSEHOLDS": 1358.0, "MALES": 2287.0, "FEMALES": 2227.0, "WHITE": 3550.0, "BLACK": 127.0, "AMERI_ES": 7.0, "ASIAN_PI": 1.0, "OTHER": 829.0, "HISPANIC": 1941.0, "AGE_UNDER5": 451.0, "AGE_5_17": 1265.0, "AGE_18_29": 766.0, "AGE_30_49": 1256.0, "AGE_50_64": 436.0, "AGE_65_UP": 340.0, "NEVERMARRY": 518.0, "MARRIED": 2179.0, "SEPARATED": 56.0, "WIDOWED": 175.0, "DIVORCED": 121.0, "HSEHLD_1_M": 104.0, "HSEHLD_1_F": 109.0, "MARHH_CHD": 719.0, "MARHH_NO_C": 324.0, "MHH_CHILD": 24.0, "FHH_CHILD": 33.0, "HSE_UNITS": 1685.0, "VACANT": 327.0, "OWNER_OCC": 992.0, "RENTER_OCC": 366.0, "MEDIAN_VAL": 44000.0, "MEDIANRENT": 236, "UNITS_1DET": 1194.0, "UNITS_1ATT": 9.0, "UNITS2": 11.0, "UNITS3_9": 6.0, "UNITS10_49": 2.0, "UNITS50_UP": 0.0, "MOBILEHOME": 460.0, "NO_FARMS87": 127.0, "AVG_SIZE87": 5609.0, "CROP_ACR87": 50760.0, "AVG_SALE87": 105454.0, "Shape_Leng": 2.129650756164613, "Shape_Area": 0.28212772443333101, "Datacenter": null, "GDP_Change": 33.1, "HP_Change": null, "Talent-Bachelor": null, "Talent-Master": null, "Talent-Doctor": null, "NetADD": null, "NewDatacenter2023": null, "NewDatacenter2024": null, "NewDatacenter2025": null, "NewDatacenter2022": null, "NewDatacenter2021": null, "1_DC": 0, "1_TT": -0.1119605, "1_TPM": -0.0007872, "1_GDP": -0.1179984, "1_TA": -1.025952, "1_WI": 0.2942354, "1_SO": -0.3707, "1_ST": -0.2626576, "1_LP": -0.7482793, "1_PF": 0.069318, "1_CP": -0.1614918, "1_T": -0.1131643, "1_NR": -1.404721, "1_GW": -0.2258965, "1_SW": -0.220112, "1_RW": -0.1722456, "1_EG": -0.2558238, "1_OF": -1.312524 }, "geometry": { "type": "MultiPolygon", "coordinates": [ [ [ [ -101.773191502080294, 31.088061323559224 ], [ -101.772139862673896, 31.651920608885192 ], [ -101.269755462847002, 31.653724818768335 ], [ -101.271608935525364, 31.566550426295599 ], [ -101.272081746754395, 31.528666015189646 ], [ -101.276911587330915, 31.086652920283644 ], [ -101.773191502080294, 31.088061323559224 ] ] ] ] } },
{ "type": "Feature", "properties": { "fid": 147, "OBJECTID": 2668.0, "NAME": "Leon", "STATE_NAME": "Texas", "STATE_FIPS": "48", "CNTY_FIPS": "289", "FIPS": "48289", "AREA": 1079.7613, "POP1990": 12665.0, "POP1999": 14671.0, "POP90_SQMI": 12.0, "HOUSEHOLDS": 5006.0, "MALES": 6143.0, "FEMALES": 6522.0, "WHITE": 10730.0, "BLACK": 1615.0, "AMERI_ES": 39.0, "ASIAN_PI": 8.0, "OTHER": 273.0, "HISPANIC": 509.0, "AGE_UNDER5": 871.0, "AGE_5_17": 2404.0, "AGE_18_29": 1711.0, "AGE_30_49": 3087.0, "AGE_50_64": 2084.0, "AGE_65_UP": 2508.0, "NEVERMARRY": 1552.0, "MARRIED": 6370.0, "SEPARATED": 181.0, "WIDOWED": 1167.0, "DIVORCED": 631.0, "HSEHLD_1_M": 491.0, "HSEHLD_1_F": 823.0, "MARHH_CHD": 1364.0, "MARHH_NO_C": 1727.0, "MHH_CHILD": 54.0, "FHH_CHILD": 256.0, "HSE_UNITS": 7019.0, "VACANT": 2013.0, "OWNER_OCC": 4062.0, "RENTER_OCC": 944.0, "MEDIAN_VAL": 43500.0, "MEDIANRENT": 223, "UNITS_1DET": 4661.0, "UNITS_1ATT": 53.0, "UNITS2": 115.0, "UNITS3_9": 157.0, "UNITS10_49": 77.0, "UNITS50_UP": 0.0, "MOBILEHOME": 1831.0, "NO_FARMS87": 1619.0, "AVG_SIZE87": 308.0, "CROP_ACR87": 144407.0, "AVG_SALE87": 13772.0, "Shape_Leng": 2.417770644630961, "Shape_Area": 0.26484996954037299, "Datacenter": null, "GDP_Change": 12.1, "HP_Change": null, "Talent-Bachelor": null, "Talent-Master": null, "Talent-Doctor": null, "NetADD": 118, "NewDatacenter2023": null, "NewDatacenter2024": null, "NewDatacenter2025": null, "NewDatacenter2022": null, "NewDatacenter2021": null, "1_DC": 0, "1_TT": -0.1119605, "1_TPM": 0.1910325, "1_GDP": -0.1991371, "1_TA": -0.1585408, "1_WI": -0.4878197, "1_SO": -0.3707, "1_ST": -0.3565562, "1_LP": 1.014319, "1_PF": 0.069318, "1_CP": -0.1614918, "1_T": 0.1110069, "1_NR": 0.3083006, "1_GW": -0.1535966, "1_SW": -0.220112, "1_RW": -0.1722456, "1_EG": -0.5380116, "1_OF": -1.112068 }, "geometry": { "type": "MultiPolygon", "coordinates": [ [ [ [ -95.766867275762422, 31.103382255980772 ], [ -95.977376077821191, 31.096119038168585 ], [ -96.012494870088233, 31.077728833714001 ], [ -96.061560552419792, 31.068966527484559 ], [ -96.176483710552361, 31.000295791572462 ], [ -96.24251761839156, 30.981066201837642 ], [ -96.242372705759692, 30.995689403434959 ], [ -96.259470916318492, 31.018668468099182 ], [ -96.251346099367709, 31.055879817468107 ], [ -96.276112259841852, 31.086879097435521 ], [ -96.279446982811237, 31.118986514353089 ], [ -96.288640807172726, 31.128435250955334 ], [ -96.325761467257792, 31.265388557858497 ], [ -96.311273104351642, 31.277702108258584 ], [ -96.32084093087775, 31.291268695094171 ], [ -96.321734191434984, 31.318710895424179 ], [ -96.312258630105362, 31.338499144540744 ], [ -96.31898095507654, 31.367501494910456 ], [ -96.32118614702506, 31.378081267920837 ], [ -96.234453394217951, 31.420410350402889 ], [ -95.789535039658574, 31.625144597821421 ], [ -95.770567668039007, 31.607074938582393 ], [ -95.758047509477137, 31.609796734400042 ], [ -95.756567726095511, 31.648104892216068 ], [ -95.74177400546165, 31.65302392242068 ], [ -95.727361724927221, 31.650647530148234 ], [ -95.712728038800378, 31.632276505397112 ], [ -95.711644360140781, 31.602091553323316 ], [ -95.728131702724397, 31.585366310174908 ], [ -95.719487220176745, 31.565850857387009 ], [ -95.752240878673547, 31.556594505200746 ], [ -95.758985302778456, 31.540864947973784 ], [ -95.734455972528167, 31.516634746971494 ], [ -95.742978009770468, 31.497771470806541 ], [ -95.725445072484604, 31.483855835845645 ], [ -95.727390522631651, 31.477534996219777 ], [ -95.740330249375404, 31.476657564828987 ], [ -95.744656056889653, 31.465858354394967 ], [ -95.736881457981553, 31.460536996284826 ], [ -95.729015472724882, 31.467088645695267 ], [ -95.718417973996452, 31.464399388011728 ], [ -95.696176767635279, 31.387698791684926 ], [ -95.68775356792662, 31.374578392315179 ], [ -95.663590660134787, 31.364959826090537 ], [ -95.677804311261411, 31.349974042259841 ], [ -95.657662252112857, 31.345535720428956 ], [ -95.655304516937406, 31.329449412330511 ], [ -95.674523227186853, 31.321057238482865 ], [ -95.675377394433553, 31.295041462169934 ], [ -95.700303167255697, 31.300118780661911 ], [ -95.722611570792139, 31.273555695714645 ], [ -95.723755493122781, 31.241608262871427 ], [ -95.740875746533902, 31.22169798673869 ], [ -95.746811077023551, 31.200443022662757 ], [ -95.732260730018425, 31.161488157589801 ], [ -95.7539590545436, 31.155918940893187 ], [ -95.780219751654954, 31.134518952494531 ], [ -95.766867275762422, 31.103382255980772 ] ] ] ] } },
{ "type": "Feature", "properties": { "fid": 148, "OBJECTID": 2673.0, "NAME": "Sabine", "STATE_NAME": "Texas", "STATE_FIPS": "48", "CNTY_FIPS": "403", "FIPS": "48403", "AREA": 596.6774, "POP1990": 9586.0, "POP1999": 10593.0, "POP90_SQMI": 16.0, "HOUSEHOLDS": 3985.0, "MALES": 4620.0, "FEMALES": 4966.0, "WHITE": 8394.0, "BLACK": 1117.0, "AMERI_ES": 10.0, "ASIAN_PI": 12.0, "OTHER": 53.0, "HISPANIC": 111.0, "AGE_UNDER5": 524.0, "AGE_5_17": 1490.0, "AGE_18_29": 1117.0, "AGE_30_49": 2004.0, "AGE_50_64": 2012.0, "AGE_65_UP": 2439.0, "NEVERMARRY": 1054.0, "MARRIED": 5315.0, "SEPARATED": 137.0, "WIDOWED": 945.0, "DIVORCED": 488.0, "HSEHLD_1_M": 390.0, "HSEHLD_1_F": 597.0, "MARHH_CHD": 858.0, "MARHH_NO_C": 1697.0, "MHH_CHILD": 46.0, "FHH_CHILD": 191.0, "HSE_UNITS": 6996.0, "VACANT": 3011.0, "OWNER_OCC": 3367.0, "RENTER_OCC": 618.0, "MEDIAN_VAL": 36200.0, "MEDIANRENT": 147, "UNITS_1DET": 3813.0, "UNITS_1ATT": 54.0, "UNITS2": 77.0, "UNITS3_9": 79.0, "UNITS10_49": 31.0, "UNITS50_UP": 0.0, "MOBILEHOME": 2859.0, "NO_FARMS87": 224.0, "AVG_SIZE87": 151.0, "CROP_ACR87": 12267.0, "AVG_SALE87": 18544.0, "Shape_Leng": 1.807521615754623, "Shape_Area": 0.14650436379076701, "Datacenter": null, "GDP_Change": 4.5, "HP_Change": null, "Talent-Bachelor": null, "Talent-Master": null, "Talent-Doctor": null, "NetADD": null, "NewDatacenter2023": null, "NewDatacenter2024": null, "NewDatacenter2025": null, "NewDatacenter2022": null, "NewDatacenter2021": null, "1_DC": 0, "1_TT": -0.1119605, "1_TPM": -0.0007872, "1_GDP": -0.2144273, "1_TA": -0.0980123, "1_WI": -0.4878197, "1_SO": -0.3707, "1_ST": -0.3565562, "1_LP": -0.1340086, "1_PF": 0.069318, "1_CP": -0.1614918, "1_T": -0.0135326, "1_NR": -0.8745987, "1_GW": -0.2176839, "1_SW": -0.2049576, "1_RW": -0.1722456, "1_EG": -0.5380116, "1_OF": 1.07936 }, "geometry": { "type": "MultiPolygon", "coordinates": [ [ [ [ -93.917956546137702, 31.159336648021625 ], [ -94.040007974371179, 31.13849811072264 ], [ -94.056076070056292, 31.145764867729323 ], [ -94.041862335093128, 31.178861855955684 ], [ -94.036865520241406, 31.246762866235414 ], [ -94.049165019173699, 31.327475694100045 ], [ -94.031136485298248, 31.375449682167677 ], [ -94.04844830736738, 31.402903371504419 ], [ -93.989181710740013, 31.470152099359815 ], [ -93.987709556987852, 31.569298860231623 ], [ -93.915640165453738, 31.611119605931997 ], [ -93.832805176584657, 31.590360138683263 ], [ -93.816508224990571, 31.577287483096409 ], [ -93.810701994964177, 31.559240686576594 ], [ -93.780313038996724, 31.533913641272932 ], [ -93.76348967402339, 31.530901944094737 ], [ -93.747726879183404, 31.537895861490647 ], [ -93.731841900028769, 31.522055641836172 ], [ -93.705977431512508, 31.520746911586478 ], [ -93.7191765485681, 31.495582337896955 ], [ -93.750618237113542, 31.490736314576459 ], [ -93.751426933937296, 31.48568009627806 ], [ -93.726966079664408, 31.459654850785078 ], [ -93.69859910185761, 31.461638080759769 ], [ -93.702108593820242, 31.446431320429205 ], [ -93.687184942445811, 31.438311817634087 ], [ -93.696309894421347, 31.427917211139384 ], [ -93.694623633026481, 31.416103453073553 ], [ -93.687672937394041, 31.406311358719137 ], [ -93.664196454172043, 31.398510282700986 ], [ -93.661251161928703, 31.372576872827462 ], [ -93.635035719347513, 31.37400894989554 ], [ -93.677219587739785, 31.328570220172146 ], [ -93.681766708186615, 31.312863759816036 ], [ -93.656306321906015, 31.286855733674489 ], [ -93.645769811384696, 31.290447046210158 ], [ -93.631006278612574, 31.274088103915375 ], [ -93.616632036956787, 31.275989523272074 ], [ -93.612054189002492, 31.270218031418121 ], [ -93.611176510497387, 31.242373581132998 ], [ -93.590721311810967, 31.229873053514968 ], [ -93.603096342819072, 31.199253686468776 ], [ -93.59411608931299, 31.180386759123138 ], [ -93.917956546137702, 31.159336648021625 ] ] ] ] } },
{ "type": "Feature", "properties": { "fid": 149, "OBJECTID": 2674.0, "NAME": "Houston", "STATE_NAME": "Texas", "STATE_FIPS": "48", "CNTY_FIPS": "225", "FIPS": "48225", "AREA": 1237.9964, "POP1990": 21375.0, "POP1999": 21926.0, "POP90_SQMI": 17.0, "HOUSEHOLDS": 7792.0, "MALES": 10844.0, "FEMALES": 10531.0, "WHITE": 14373.0, "BLACK": 6326.0, "AMERI_ES": 32.0, "ASIAN_PI": 49.0, "OTHER": 595.0, "HISPANIC": 965.0, "AGE_UNDER5": 1378.0, "AGE_5_17": 4006.0, "AGE_18_29": 3229.0, "AGE_30_49": 5633.0, "AGE_50_64": 3023.0, "AGE_65_UP": 4106.0, "NEVERMARRY": 3782.0, "MARRIED": 9344.0, "SEPARATED": 483.0, "WIDOWED": 1931.0, "DIVORCED": 1406.0, "HSEHLD_1_M": 766.0, "HSEHLD_1_F": 1288.0, "MARHH_CHD": 1834.0, "MARHH_NO_C": 2474.0, "MHH_CHILD": 114.0, "FHH_CHILD": 759.0, "HSE_UNITS": 10265.0, "VACANT": 2473.0, "OWNER_OCC": 5801.0, "RENTER_OCC": 1991.0, "MEDIAN_VAL": 40000.0, "MEDIANRENT": 168, "UNITS_1DET": 7453.0, "UNITS_1ATT": 176.0, "UNITS2": 398.0, "UNITS3_9": 121.0, "UNITS10_49": 94.0, "UNITS50_UP": 0.0, "MOBILEHOME": 1886.0, "NO_FARMS87": 1421.0, "AVG_SIZE87": 297.0, "CROP_ACR87": 150734.0, "AVG_SALE87": 17632.0, "Shape_Leng": 2.6668166862800979, "Shape_Area": 0.30399734218422603, "Datacenter": null, "GDP_Change": 4.1, "HP_Change": null, "Talent-Bachelor": null, "Talent-Master": null, "Talent-Doctor": null, "NetADD": null, "NewDatacenter2023": null, "NewDatacenter2024": null, "NewDatacenter2025": null, "NewDatacenter2022": null, "NewDatacenter2021": null, "1_DC": 0, "1_TT": -0.1119605, "1_TPM": -0.0007872, "1_GDP": -0.1955429, "1_TA": -0.2798623, "1_WI": -0.4878197, "1_SO": -0.3707, "1_ST": -0.3565562, "1_LP": 0.1066335, "1_PF": 0.069318, "1_CP": -0.1614918, "1_T": 0.0113753, "1_NR": 0.3852202, "1_GW": -0.1676753, "1_SW": -0.1898699, "1_RW": -0.1722456, "1_EG": -0.5380116, "1_OF": -0.8742384 }, "geometry": { "type": "MultiPolygon", "coordinates": [ [ [ [ -95.440420848950907, 31.059820960883261 ], [ -95.627885293668271, 30.933377323863635 ], [ -95.643159636880853, 30.937180642139548 ], [ -95.675524049357136, 30.991039353243412 ], [ -95.661417324028776, 31.015181868419528 ], [ -95.663714183138495, 31.032191270297204 ], [ -95.645609469959197, 31.04108295827713 ], [ -95.626413524193367, 31.040327468186341 ], [ -95.631975803448597, 31.056093351575839 ], [ -95.647219730336303, 31.060808368430216 ], [ -95.655673733727497, 31.082629970567602 ], [ -95.678348639923115, 31.078485593163748 ], [ -95.726147840160024, 31.084450167291966 ], [ -95.757833566219801, 31.09206623629963 ], [ -95.766867275762422, 31.103382255980772 ], [ -95.780219751654954, 31.134518952494531 ], [ -95.7539590545436, 31.155918940893187 ], [ -95.732260730018425, 31.161488157589801 ], [ -95.746811077023551, 31.200443022662757 ], [ -95.740875746533902, 31.22169798673869 ], [ -95.723755493122781, 31.241608262871427 ], [ -95.722611570792139, 31.273555695714645 ], [ -95.700303167255697, 31.300118780661911 ], [ -95.675377394433553, 31.295041462169934 ], [ -95.674523227186853, 31.321057238482865 ], [ -95.655304516937406, 31.329449412330511 ], [ -95.657662252112857, 31.345535720428956 ], [ -95.677804311261411, 31.349974042259841 ], [ -95.663590660134787, 31.364959826090537 ], [ -95.68775356792662, 31.374578392315179 ], [ -95.696176767635279, 31.387698791684926 ], [ -95.718417973996452, 31.464399388011728 ], [ -95.729015472724882, 31.467088645695267 ], [ -95.736881457981553, 31.460536996284826 ], [ -95.744656056889653, 31.465858354394967 ], [ -95.740330249375404, 31.476657564828987 ], [ -95.727390522631651, 31.477534996219777 ], [ -95.725445072484604, 31.483855835845645 ], [ -95.742978009770468, 31.497771470806541 ], [ -95.734455972528167, 31.516634746971494 ], [ -95.656871031027947, 31.530091259547532 ], [ -95.65608531796363, 31.544678315372444 ], [ -95.267265892939747, 31.600164299448835 ], [ -95.264603003791535, 31.590458044617279 ], [ -95.244826846795263, 31.579109677997856 ], [ -95.217589137784444, 31.57566509736472 ], [ -95.17719821598098, 31.585352342930854 ], [ -95.143612509403908, 31.571106651322459 ], [ -95.140873209791835, 31.554081975435373 ], [ -95.098757162496952, 31.512487197530248 ], [ -95.107187584782309, 31.48863812231086 ], [ -95.10294546323712, 31.478855476291379 ], [ -95.057976604868657, 31.467276074067414 ], [ -95.042511354853275, 31.447851959804755 ], [ -94.999533925799938, 31.439080200966647 ], [ -94.995475004318621, 31.426556830916699 ], [ -94.960485994364888, 31.39344242996026 ], [ -94.962660372823336, 31.384399850034825 ], [ -95.440420848950907, 31.059820960883261 ] ] ] ] } },
{ "type": "Feature", "properties": { "fid": 150, "OBJECTID": 2676.0, "NAME": "Concho", "STATE_NAME": "Texas", "STATE_FIPS": "48", "CNTY_FIPS": "095", "FIPS": "48095", "AREA": 1001.7609, "POP1990": 3044.0, "POP1999": 3131.0, "POP90_SQMI": 3.0, "HOUSEHOLDS": 1063.0, "MALES": 1653.0, "FEMALES": 1391.0, "WHITE": 2718.0, "BLACK": 16.0, "AMERI_ES": 5.0, "ASIAN_PI": 5.0, "OTHER": 300.0, "HISPANIC": 1194.0, "AGE_UNDER5": 165.0, "AGE_5_17": 535.0, "AGE_18_29": 528.0, "AGE_30_49": 828.0, "AGE_50_64": 398.0, "AGE_65_UP": 590.0, "NEVERMARRY": 498.0, "MARRIED": 1544.0, "SEPARATED": 35.0, "WIDOWED": 259.0, "DIVORCED": 124.0, "HSEHLD_1_M": 113.0, "HSEHLD_1_F": 179.0, "MARHH_CHD": 301.0, "MARHH_NO_C": 346.0, "MHH_CHILD": 11.0, "FHH_CHILD": 45.0, "HSE_UNITS": 1514.0, "VACANT": 451.0, "OWNER_OCC": 750.0, "RENTER_OCC": 313.0, "MEDIAN_VAL": 34300.0, "MEDIANRENT": 147, "UNITS_1DET": 1277.0, "UNITS_1ATT": 4.0, "UNITS2": 39.0, "UNITS3_9": 1.0, "UNITS10_49": 0.0, "UNITS50_UP": 0.0, "MOBILEHOME": 178.0, "NO_FARMS87": 367.0, "AVG_SIZE87": 1786.0, "CROP_ACR87": 142829.0, "AVG_SALE87": 57339.0, "Shape_Leng": 2.1231193433652109, "Shape_Area": 0.24593134392559499, "Datacenter": null, "GDP_Change": 0.2, "HP_Change": null, "Talent-Bachelor": null, "Talent-Master": null, "Talent-Doctor": null, "NetADD": null, "NewDatacenter2023": null, "NewDatacenter2024": null, "NewDatacenter2025": null, "NewDatacenter2022": null, "NewDatacenter2021": null, "1_DC": 0, "1_TT": -0.1119605, "1_TPM": -0.0007872, "1_GDP": -0.216526, "1_TA": -0.6775079, "1_WI": 2.463135, "1_SO": 0.9150169, "1_ST": -0.3565562, "1_LP": -0.7482793, "1_PF": 0.069318, "1_CP": -0.1614918, "1_T": -0.0882564, "1_NR": -1.450457, "1_GW": -0.2255298, "1_SW": -0.2181593, "1_RW": -0.1722456, "1_EG": 0.1204265, "1_OF": 0.0804764 }, "geometry": { "type": "MultiPolygon", "coordinates": [ [ [ [ -99.600837032140021, 31.087795247840255 ], [ -100.114119878087251, 31.088452946203756 ], [ -100.11375051403104, 31.58558918011359 ], [ -99.723084020688304, 31.577543390965538 ], [ -99.713470035490673, 31.561548929253522 ], [ -99.699446894870675, 31.575201238083995 ], [ -99.690389796386341, 31.555556256265231 ], [ -99.67105589809546, 31.553675682574507 ], [ -99.685590414381636, 31.546416575584633 ], [ -99.688855612462589, 31.53410508650472 ], [ -99.662517800031424, 31.539502703715954 ], [ -99.654483530951097, 31.534915707176403 ], [ -99.658290455586553, 31.522606135609223 ], [ -99.669590025668185, 31.518534083585894 ], [ -99.672885577623276, 31.499833213734565 ], [ -99.654642794288463, 31.496583231894508 ], [ -99.62899132160328, 31.47185725210251 ], [ -99.613937867095331, 31.476827680361275 ], [ -99.629968125895687, 31.492854541792649 ], [ -99.626168609386696, 31.501511706137897 ], [ -99.600448591695795, 31.491838026835463 ], [ -99.600837032140021, 31.087795247840255 ] ] ] ] } },
{ "type": "Feature", "properties": { "fid": 151, "OBJECTID": 2678.0, "NAME": "Irion", "STATE_NAME": "Texas", "STATE_FIPS": "48", "CNTY_FIPS": "235", "FIPS": "48235", "AREA": 1061.9815, "POP1990": 1629.0, "POP1999": 1773.0, "POP90_SQMI": 2.0, "HOUSEHOLDS": 601.0, "MALES": 811.0, "FEMALES": 818.0, "WHITE": 1609.0, "BLACK": 2.0, "AMERI_ES": 1.0, "ASIAN_PI": 0.0, "OTHER": 17.0, "HISPANIC": 385.0, "AGE_UNDER5": 132.0, "AGE_5_17": 330.0, "AGE_18_29": 263.0, "AGE_30_49": 441.0, "AGE_50_64": 248.0, "AGE_65_UP": 215.0, "NEVERMARRY": 190.0, "MARRIED": 883.0, "SEPARATED": 11.0, "WIDOWED": 88.0, "DIVORCED": 73.0, "HSEHLD_1_M": 54.0, "HSEHLD_1_F": 61.0, "MARHH_CHD": 213.0, "MARHH_NO_C": 213.0, "MHH_CHILD": 9.0, "FHH_CHILD": 24.0, "HSE_UNITS": 842.0, "VACANT": 241.0, "OWNER_OCC": 445.0, "RENTER_OCC": 156.0, "MEDIAN_VAL": 44600.0, "MEDIANRENT": 199, "UNITS_1DET": 641.0, "UNITS_1ATT": 6.0, "UNITS2": 4.0, "UNITS3_9": 9.0, "UNITS10_49": 0.0, "UNITS50_UP": 0.0, "MOBILEHOME": 180.0, "NO_FARMS87": 137.0, "AVG_SIZE87": 4449.0, "CROP_ACR87": 11426.0, "AVG_SALE87": 43240.0, "Shape_Leng": 2.0596761157782622, "Shape_Area": 0.26048732236453698, "Datacenter": null, "GDP_Change": -6.2, "HP_Change": null, "Talent-Bachelor": null, "Talent-Master": null, "Talent-Doctor": null, "NetADD": null, "NewDatacenter2023": null, "NewDatacenter2024": null, "NewDatacenter2025": null, "NewDatacenter2022": null, "NewDatacenter2021": null, "1_DC": 0, "1_TT": -0.1119605, "1_TPM": -0.0007872, "1_GDP": -0.2024404, "1_TA": -1.10628, "1_WI": 0.2994491, "1_SO": -0.3707, "1_ST": -0.3565562, "1_LP": -0.7482793, "1_PF": 0.069318, "1_CP": -0.1614918, "1_T": -0.1131643, "1_NR": -1.53881, "1_GW": -0.2414417, "1_SW": -0.220112, "1_RW": -0.1722456, "1_EG": -0.2558238, "1_OF": -0.8810335 }, "geometry": { "type": "MultiPolygon", "coordinates": [ [ [ [ -100.686154268888856, 31.085940348105172 ], [ -100.961758303407066, 31.085265772159136 ], [ -101.276911587330915, 31.086652920283644 ], [ -101.272081746754395, 31.528666015189646 ], [ -100.69263985687644, 31.533308290682502 ], [ -100.686154268888856, 31.085940348105172 ] ] ] ] } },
{ "type": "Feature", "properties": { "fid": 152, "OBJECTID": 2680.0, "NAME": "Angelina", "STATE_NAME": "Texas", "STATE_FIPS": "48", "CNTY_FIPS": "005", "FIPS": "48005", "AREA": 853.5325, "POP1990": 69884.0, "POP1999": 78213.0, "POP90_SQMI": 82.0, "HOUSEHOLDS": 25004.0, "MALES": 33867.0, "FEMALES": 36017.0, "WHITE": 54752.0, "BLACK": 10731.0, "AMERI_ES": 153.0, "ASIAN_PI": 295.0, "OTHER": 3953.0, "HISPANIC": 6072.0, "AGE_UNDER5": 5289.0, "AGE_5_17": 14726.0, "AGE_18_29": 12414.0, "AGE_30_49": 18980.0, "AGE_50_64": 9396.0, "AGE_65_UP": 9079.0, "NEVERMARRY": 10866.0, "MARRIED": 32222.0, "SEPARATED": 1264.0, "WIDOWED": 4454.0, "DIVORCED": 4448.0, "HSEHLD_1_M": 2148.0, "HSEHLD_1_F": 3399.0, "MARHH_CHD": 7944.0, "MARHH_NO_C": 7435.0, "MHH_CHILD": 411.0, "FHH_CHILD": 1912.0, "HSE_UNITS": 28796.0, "VACANT": 3792.0, "OWNER_OCC": 17893.0, "RENTER_OCC": 7111.0, "MEDIAN_VAL": 43600.0, "MEDIANRENT": 252, "UNITS_1DET": 19554.0, "UNITS_1ATT": 466.0, "UNITS2": 719.0, "UNITS3_9": 1104.0, "UNITS10_49": 1410.0, "UNITS50_UP": 77.0, "MOBILEHOME": 5193.0, "NO_FARMS87": 747.0, "AVG_SIZE87": 139.0, "CROP_ACR87": 40775.0, "AVG_SALE87": 17900.0, "Shape_Leng": 2.1709491732737241, "Shape_Area": 0.209357932785948, "Datacenter": 1, "GDP_Change": 2.1, "HP_Change": null, "Talent-Bachelor": null, "Talent-Master": null, "Talent-Doctor": null, "NetADD": null, "NewDatacenter2023": null, "NewDatacenter2024": null, "NewDatacenter2025": null, "NewDatacenter2022": null, "NewDatacenter2021": null, "1_DC": 1, "1_TT": -0.1119605, "1_TPM": -0.0007872, "1_GDP": -0.131557, "1_TA": 0.5053392, "1_WI": -0.4878197, "1_SO": -0.3707, "1_ST": -0.1687589, "1_LP": -0.1340086, "1_PF": 0.069318, "1_CP": -0.1614918, "1_T": 0.1110069, "1_NR": 0.7500688, "1_GW": 0.1808455, "1_SW": -0.220112, "1_RW": -0.1722456, "1_EG": -0.5157658, "1_OF": -0.0520285 }, "geometry": { "type": "MultiPolygon", "coordinates": [ [ [ [ -94.577718423735348, 31.064028868000886 ], [ -94.642523916107848, 31.095081158845897 ], [ -94.67607098960741, 31.089374174368981 ], [ -94.704567361434783, 31.103545247250871 ], [ -94.771867494900107, 31.113594122213588 ], [ -94.818720461447754, 31.134085587343865 ], [ -94.832224773983171, 31.148891901218516 ], [ -94.826266191207537, 31.175142437195912 ], [ -94.837794462096667, 31.187566557817302 ], [ -94.84593529402548, 31.219498815922243 ], [ -94.866222362098767, 31.246042761838169 ], [ -94.892696977463174, 31.259607255662125 ], [ -94.879368374009459, 31.292371149509712 ], [ -94.894955570077798, 31.300402650423024 ], [ -94.909238267422268, 31.337631254137118 ], [ -94.956007288171008, 31.344786988831558 ], [ -94.962660372823336, 31.384399850034825 ], [ -94.960485994364888, 31.39344242996026 ], [ -94.995475004318621, 31.426556830916699 ], [ -94.999533925799938, 31.439080200966647 ], [ -94.873869299793739, 31.53164123202092 ], [ -94.821034671712766, 31.491729186590195 ], [ -94.799923915394174, 31.493947556538011 ], [ -94.758526072695531, 31.469158657987457 ], [ -94.725726777309092, 31.461215027608478 ], [ -94.679438619186953, 31.462218688347527 ], [ -94.629106583467546, 31.44335014800895 ], [ -94.610742394537056, 31.444750273093423 ], [ -94.545723591554179, 31.428792380633784 ], [ -94.52921301496491, 31.402837840065121 ], [ -94.48543448740952, 31.383305315299623 ], [ -94.440083396142654, 31.316576268421962 ], [ -94.397594029647053, 31.294783501740536 ], [ -94.345674229008637, 31.231783586419443 ], [ -94.329659697755346, 31.223191294806103 ], [ -94.300491762943864, 31.211181208615095 ], [ -94.260840649794659, 31.180779175996886 ], [ -94.224569348771809, 31.171122559496098 ], [ -94.183544352153035, 31.123228549998082 ], [ -94.139856789795374, 31.098054257909475 ], [ -94.444170460251655, 31.038207187606638 ], [ -94.483127000433626, 31.031456846558331 ], [ -94.495616707153431, 31.044432113366515 ], [ -94.528423876744966, 31.05749110533035 ], [ -94.577718423735348, 31.064028868000886 ] ] ] ] } },
{ "type": "Feature", "properties": { "fid": 153, "OBJECTID": 2681.0, "NAME": "Falls", "STATE_NAME": "Texas", "STATE_FIPS": "48", "CNTY_FIPS": "145", "FIPS": "48145", "AREA": 762.1902, "POP1990": 17712.0, "POP1999": 17278.0, "POP90_SQMI": 23.0, "HOUSEHOLDS": 6492.0, "MALES": 8862.0, "FEMALES": 8850.0, "WHITE": 11390.0, "BLACK": 4810.0, "AMERI_ES": 41.0, "ASIAN_PI": 21.0, "OTHER": 1450.0, "HISPANIC": 2072.0, "AGE_UNDER5": 1267.0, "AGE_5_17": 3257.0, "AGE_18_29": 3052.0, "AGE_30_49": 4133.0, "AGE_50_64": 2505.0, "AGE_65_UP": 3498.0, "NEVERMARRY": 3151.0, "MARRIED": 7419.0, "SEPARATED": 457.0, "WIDOWED": 1771.0, "DIVORCED": 1140.0, "HSEHLD_1_M": 642.0, "HSEHLD_1_F": 1258.0, "MARHH_CHD": 1542.0, "MARHH_NO_C": 1857.0, "MHH_CHILD": 111.0, "FHH_CHILD": 561.0, "HSE_UNITS": 7733.0, "VACANT": 1241.0, "OWNER_OCC": 4559.0, "RENTER_OCC": 1933.0, "MEDIAN_VAL": 31400.0, "MEDIANRENT": 150, "UNITS_1DET": 6093.0, "UNITS_1ATT": 107.0, "UNITS2": 300.0, "UNITS3_9": 203.0, "UNITS10_49": 139.0, "UNITS50_UP": 0.0, "MOBILEHOME": 768.0, "NO_FARMS87": 1086.0, "AVG_SIZE87": 381.0, "CROP_ACR87": 234515.0, "AVG_SALE87": 50053.0, "Shape_Leng": 1.780666794247961, "Shape_Area": 0.186830421177098, "Datacenter": null, "GDP_Change": 4.6, "HP_Change": null, "Talent-Bachelor": null, "Talent-Master": null, "Talent-Doctor": null, "NetADD": null, "NewDatacenter2023": null, "NewDatacenter2024": null, "NewDatacenter2025": null, "NewDatacenter2022": null, "NewDatacenter2021": null, "1_DC": 0, "1_TT": -0.1119605, "1_TPM": -0.0007872, "1_GDP": -0.2088438, "1_TA": 0.2131368, "1_WI": -0.4878197, "1_SO": 3.538858, "1_ST": 1.070704, "1_LP": 0.2966141, "1_PF": 0.069318, "1_CP": -0.1614918, "1_T": 0.2355464, "1_NR": -0.7394696, "1_GW": -0.2067583, "1_SW": -0.1827267, "1_RW": -0.0897219, "1_EG": -0.044183, "1_OF": -1.421246 }, "geometry": { "type": "MultiPolygon", "coordinates": [ [ [ [ -97.078829039540551, 30.998011689036776 ], [ -97.274757754003929, 31.283965559702033 ], [ -96.802329948653153, 31.52716424421417 ], [ -96.596681225549332, 31.23013743293377 ], [ -96.829323662446257, 31.113185469302984 ], [ -96.836015026826885, 31.119773217321775 ], [ -97.078829039540551, 30.998011689036776 ] ] ] ] } },
{ "type": "Feature", "properties": { "fid": 154, "OBJECTID": 2684.0, "NAME": "McCulloch", "STATE_NAME": "Texas", "STATE_FIPS": "48", "CNTY_FIPS": "307", "FIPS": "48307", "AREA": 1071.6952, "POP1990": 8778.0, "POP1999": 8809.0, "POP90_SQMI": 8.0, "HOUSEHOLDS": 3409.0, "MALES": 4190.0, "FEMALES": 4588.0, "WHITE": 7855.0, "BLACK": 166.0, "AMERI_ES": 14.0, "ASIAN_PI": 8.0, "OTHER": 735.0, "HISPANIC": 2317.0, "AGE_UNDER5": 622.0, "AGE_5_17": 1746.0, "AGE_18_29": 1134.0, "AGE_30_49": 2074.0, "AGE_50_64": 1247.0, "AGE_65_UP": 1955.0, "NEVERMARRY": 1113.0, "MARRIED": 4198.0, "SEPARATED": 133.0, "WIDOWED": 895.0, "DIVORCED": 494.0, "HSEHLD_1_M": 311.0, "HSEHLD_1_F": 642.0, "MARHH_CHD": 925.0, "MARHH_NO_C": 1080.0, "MHH_CHILD": 56.0, "FHH_CHILD": 194.0, "HSE_UNITS": 4424.0, "VACANT": 1015.0, "OWNER_OCC": 2446.0, "RENTER_OCC": 963.0, "MEDIAN_VAL": 33900.0, "MEDIANRENT": 186, "UNITS_1DET": 3604.0, "UNITS_1ATT": 40.0, "UNITS2": 217.0, "UNITS3_9": 98.0, "UNITS10_49": 11.0, "UNITS50_UP": 0.0, "MOBILEHOME": 409.0, "NO_FARMS87": 489.0, "AVG_SIZE87": 1301.0, "CROP_ACR87": 108242.0, "AVG_SALE87": 38218.0, "Shape_Leng": 2.2977634443558941, "Shape_Area": 0.26272935076117998, "Datacenter": 1, "GDP_Change": -8.0, "HP_Change": null, "Talent-Bachelor": null, "Talent-Master": null, "Talent-Doctor": null, "NetADD": null, "NewDatacenter2023": null, "NewDatacenter2024": null, "NewDatacenter2025": null, "NewDatacenter2022": null, "NewDatacenter2021": null, "1_DC": 1, "1_TT": -0.1119605, "1_TPM": -0.0007872, "1_GDP": -0.2134946, "1_TA": -0.5069306, "1_WI": 0.3985094, "1_SO": -0.3707, "1_ST": -0.3565562, "1_LP": 0.0644156, "1_PF": 0.069318, "1_CP": -0.1614918, "1_T": 0.0611911, "1_NR": -1.268552, "1_GW": -0.1887933, "1_SW": -0.2194611, "1_RW": -0.1722456, "1_EG": -0.2558238, "1_OF": 0.6274838 }, "geometry": { "type": "MultiPolygon", "coordinates": [ [ [ [ -99.478390258446268, 30.94202411873011 ], [ -99.601012992365611, 30.943446850579594 ], [ -99.600837032140021, 31.087795247840255 ], [ -99.600448591695795, 31.491838026835463 ], [ -99.573607113946366, 31.492196656732954 ], [ -99.538243124551798, 31.481104021744088 ], [ -99.518123197625187, 31.434921351121254 ], [ -99.507967975842007, 31.428488171636932 ], [ -99.498736099739233, 31.446702661880568 ], [ -99.471490447234544, 31.428778089878705 ], [ -99.46279271012969, 31.446078989245795 ], [ -99.444519672340675, 31.45146705544656 ], [ -99.454072099565963, 31.466576506164106 ], [ -99.443794988197567, 31.477934369107096 ], [ -99.407904962281748, 31.469078931432705 ], [ -99.410674474217103, 31.45722706818669 ], [ -99.402159709419152, 31.447141355783781 ], [ -99.382849010428629, 31.447492300812232 ], [ -99.367360730500991, 31.438276285295728 ], [ -99.34638679420425, 31.445003294425316 ], [ -99.348156781098453, 31.424929054783455 ], [ -99.315524623603437, 31.414236717211466 ], [ -99.306895492721765, 31.420116895058115 ], [ -99.305690077840893, 31.435628935469691 ], [ -99.28853856800788, 31.434150769846386 ], [ -99.289988291212637, 31.452416967997653 ], [ -99.278726892207146, 31.451888652317923 ], [ -99.247330995196535, 31.481346997818925 ], [ -99.230111249870276, 31.485794999458367 ], [ -99.212563331811282, 31.469241668239469 ], [ -99.205017777771047, 31.472383071819529 ], [ -99.190483614831294, 31.476842492483843 ], [ -99.180969555254819, 31.462167762332847 ], [ -99.167465399508956, 31.471197082008668 ], [ -99.123054035412451, 31.458990715055361 ], [ -99.111136826837253, 31.468939357473513 ], [ -99.095763282289283, 31.451926280173979 ], [ -99.089721709184289, 30.940425630500016 ], [ -99.478390258446268, 30.94202411873011 ] ] ] ] } },
{ "type": "Feature", "properties": { "fid": 155, "OBJECTID": 2685.0, "NAME": "San Saba", "STATE_NAME": "Texas", "STATE_FIPS": "48", "CNTY_FIPS": "411", "FIPS": "48411", "AREA": 1141.9154, "POP1990": 5401.0, "POP1999": 5579.0, "POP90_SQMI": 5.0, "HOUSEHOLDS": 2122.0, "MALES": 2638.0, "FEMALES": 2763.0, "WHITE": 4944.0, "BLACK": 14.0, "AMERI_ES": 8.0, "ASIAN_PI": 1.0, "OTHER": 434.0, "HISPANIC": 998.0, "AGE_UNDER5": 358.0, "AGE_5_17": 1042.0, "AGE_18_29": 698.0, "AGE_30_49": 1251.0, "AGE_50_64": 802.0, "AGE_65_UP": 1250.0, "NEVERMARRY": 647.0, "MARRIED": 2688.0, "SEPARATED": 73.0, "WIDOWED": 545.0, "DIVORCED": 282.0, "HSEHLD_1_M": 213.0, "HSEHLD_1_F": 382.0, "MARHH_CHD": 559.0, "MARHH_NO_C": 724.0, "MHH_CHILD": 32.0, "FHH_CHILD": 104.0, "HSE_UNITS": 3078.0, "VACANT": 956.0, "OWNER_OCC": 1548.0, "RENTER_OCC": 574.0, "MEDIAN_VAL": 33100.0, "MEDIANRENT": 169, "UNITS_1DET": 2478.0, "UNITS_1ATT": 17.0, "UNITS2": 74.0, "UNITS3_9": 33.0, "UNITS10_49": 9.0, "UNITS50_UP": 0.0, "MOBILEHOME": 400.0, "NO_FARMS87": 609.0, "AVG_SIZE87": 1218.0, "CROP_ACR87": 80026.0, "AVG_SALE87": 41180.0, "Shape_Leng": 2.7878052665432582, "Shape_Area": 0.27988453859439, "Datacenter": null, "GDP_Change": -7.8, "HP_Change": null, "Talent-Bachelor": null, "Talent-Master": null, "Talent-Doctor": null, "NetADD": null, "NewDatacenter2023": null, "NewDatacenter2024": null, "NewDatacenter2025": null, "NewDatacenter2022": null, "NewDatacenter2021": null, "1_DC": 0, "1_TT": -0.1119605, "1_TPM": -0.0007872, "1_GDP": -0.2183215, "1_TA": -0.8426431, "1_WI": -0.4878197, "1_SO": -0.3707, "1_ST": -0.3565562, "1_LP": 0.0644156, "1_PF": 0.069318, "1_CP": -0.1614918, "1_T": 0.2106385, "1_NR": -1.358985, "1_GW": -0.202432, "1_SW": -0.2150049, "1_RW": -0.1722456, "1_EG": -0.5380116, "1_OF": 1.728294 }, "geometry": { "type": "MultiPolygon", "coordinates": [ [ [ [ -98.95877499320369, 30.923738424694481 ], [ -99.090423803946805, 30.924896454725602 ], [ -99.089721709184289, 30.940425630500016 ], [ -99.095763282289283, 31.451926280173979 ], [ -99.094069585515967, 31.459673796208239 ], [ -99.077933226225184, 31.463192935306012 ], [ -99.070845491220837, 31.47271812257236 ], [ -99.060690607733761, 31.468981791274015 ], [ -99.050245983622403, 31.490343809276926 ], [ -99.034712315357126, 31.487473455090598 ], [ -99.017736566850999, 31.470895231998409 ], [ -98.986402501549492, 31.487502606816815 ], [ -98.990941841582128, 31.467462355829884 ], [ -98.969091067352565, 31.455852809884529 ], [ -98.969266421971213, 31.442160166244605 ], [ -98.945989182281721, 31.457918750306927 ], [ -98.930531883272693, 31.450013115368396 ], [ -98.927487608936417, 31.437203587687531 ], [ -98.877522525145935, 31.442645831933639 ], [ -98.848919454912163, 31.416794318660134 ], [ -98.819408800694021, 31.417399307147011 ], [ -98.813656068597538, 31.407752116323135 ], [ -98.779850044914724, 31.409213540661636 ], [ -98.779719932151124, 31.382278237220863 ], [ -98.757106353019196, 31.388420099196093 ], [ -98.755702880779836, 31.409860419703563 ], [ -98.733913280076308, 31.431525678060879 ], [ -98.72496362857413, 31.420924646735536 ], [ -98.727290464406508, 31.409539824561794 ], [ -98.705843746179198, 31.408837714875165 ], [ -98.698564919519299, 31.394599450969363 ], [ -98.713190118248463, 31.351858279619012 ], [ -98.706376770621659, 31.342191896229078 ], [ -98.656601964470212, 31.370820470236982 ], [ -98.654084065622499, 31.36120372967255 ], [ -98.641273985156488, 31.357852467258692 ], [ -98.65010116268445, 31.342893406364752 ], [ -98.644935781906497, 31.331417016305313 ], [ -98.654106449215078, 31.327417419097308 ], [ -98.649437024082715, 31.318231727221292 ], [ -98.632064730884963, 31.332172233739712 ], [ -98.625213288093903, 31.325239082097998 ], [ -98.634399208191894, 31.320787450987552 ], [ -98.625419113462897, 31.313371738504149 ], [ -98.593558299774713, 31.328040739595238 ], [ -98.601225427821817, 31.287500746416185 ], [ -98.630263394436611, 31.280100468163191 ], [ -98.601720939844881, 31.258740302287983 ], [ -98.581823149199749, 31.263968196679247 ], [ -98.566266108938692, 31.235457599339426 ], [ -98.568516331328624, 31.198953486960161 ], [ -98.539211136486813, 31.19263454783222 ], [ -98.536311665949199, 31.175241759441288 ], [ -98.510241381265871, 31.16804549329947 ], [ -98.509302849457413, 31.161182989769355 ], [ -98.52978807291737, 31.151863833876646 ], [ -98.530634712485664, 31.134518731347551 ], [ -98.5478316596691, 31.129264038701447 ], [ -98.5468550072261, 31.124228732424385 ], [ -98.526926308562793, 31.102954628833942 ], [ -98.516794240465856, 31.101905646438222 ], [ -98.492471419888318, 31.117108921847457 ], [ -98.474290182324637, 31.117774670709164 ], [ -98.472275887511955, 31.11135086896218 ], [ -98.458420574420529, 31.10933301702299 ], [ -98.470375946365493, 31.09853567984025 ], [ -98.456810346210887, 31.081448205447721 ], [ -98.476143580995995, 31.076233490353765 ], [ -98.479622449044541, 31.06120578252175 ], [ -98.436934647887085, 31.031833623436089 ], [ -98.457488481228722, 31.017501934241274 ], [ -98.442106848628214, 30.984849203405442 ], [ -98.449079881484408, 30.954792276564234 ], [ -98.412556955554351, 30.940568102888932 ], [ -98.414326897975229, 30.931910927168062 ], [ -98.442258609071985, 30.920884677971497 ], [ -98.95877499320369, 30.923738424694481 ] ] ] ] } },
{ "type": "Feature", "properties": { "fid": 156, "OBJECTID": 2688.0, "NAME": "Lampasas", "STATE_NAME": "Texas", "STATE_FIPS": "48", "CNTY_FIPS": "281", "FIPS": "48281", "AREA": 710.0283, "POP1990": 13521.0, "POP1999": 18182.0, "POP90_SQMI": 19.0, "HOUSEHOLDS": 5058.0, "MALES": 6559.0, "FEMALES": 6962.0, "WHITE": 12164.0, "BLACK": 268.0, "AMERI_ES": 79.0, "ASIAN_PI": 136.0, "OTHER": 874.0, "HISPANIC": 1753.0, "AGE_UNDER5": 1052.0, "AGE_5_17": 2695.0, "AGE_18_29": 1992.0, "AGE_30_49": 3603.0, "AGE_50_64": 2054.0, "AGE_65_UP": 2125.0, "NEVERMARRY": 1696.0, "MARRIED": 6795.0, "SEPARATED": 204.0, "WIDOWED": 991.0, "DIVORCED": 736.0, "HSEHLD_1_M": 426.0, "HSEHLD_1_F": 748.0, "MARHH_CHD": 1536.0, "MARHH_NO_C": 1697.0, "MHH_CHILD": 59.0, "FHH_CHILD": 326.0, "HSE_UNITS": 6193.0, "VACANT": 1135.0, "OWNER_OCC": 3676.0, "RENTER_OCC": 1382.0, "MEDIAN_VAL": 49600.0, "MEDIANRENT": 227, "UNITS_1DET": 4749.0, "UNITS_1ATT": 38.0, "UNITS2": 117.0, "UNITS3_9": 181.0, "UNITS10_49": 147.0, "UNITS50_UP": 0.0, "MOBILEHOME": 894.0, "NO_FARMS87": 615.0, "AVG_SIZE87": 658.0, "CROP_ACR87": 66197.0, "AVG_SALE87": 18458.0, "Shape_Leng": 1.897254636067969, "Shape_Area": 0.173995244517266, "Datacenter": null, "GDP_Change": 5.1, "HP_Change": null, "Talent-Bachelor": null, "Talent-Master": null, "Talent-Doctor": null, "NetADD": null, "NewDatacenter2023": null, "NewDatacenter2024": null, "NewDatacenter2025": null, "NewDatacenter2022": null, "NewDatacenter2021": null, "1_DC": 0, "1_TT": -0.1119605, "1_TPM": -0.0007872, "1_GDP": -0.2068745, "1_TA": -0.2124848, "1_WI": -0.4878197, "1_SO": -0.3707, "1_ST": -0.3565562, "1_LP": 0.0644156, "1_PF": 0.069318, "1_CP": -0.1614918, "1_T": 0.1359148, "1_NR": -0.6188929, "1_GW": -0.2442281, "1_SW": -0.1600618, "1_RW": -0.1717233, "1_EG": -0.5380116, "1_OF": -0.6228189 }, "geometry": { "type": "MultiPolygon", "coordinates": [ [ [ [ -97.912950886895317, 31.042867955324123 ], [ -98.436934647887085, 31.031833623436089 ], [ -98.479622449044541, 31.06120578252175 ], [ -98.476143580995995, 31.076233490353765 ], [ -98.456810346210887, 31.081448205447721 ], [ -98.470375946365493, 31.09853567984025 ], [ -98.458420574420529, 31.10933301702299 ], [ -98.472275887511955, 31.11135086896218 ], [ -98.474290182324637, 31.117774670709164 ], [ -98.492471419888318, 31.117108921847457 ], [ -98.516794240465856, 31.101905646438222 ], [ -98.526926308562793, 31.102954628833942 ], [ -98.5468550072261, 31.124228732424385 ], [ -98.5478316596691, 31.129264038701447 ], [ -98.530634712485664, 31.134518731347551 ], [ -98.52978807291737, 31.151863833876646 ], [ -98.509302849457413, 31.161182989769355 ], [ -98.510241381265871, 31.16804549329947 ], [ -98.536311665949199, 31.175241759441288 ], [ -98.539211136486813, 31.19263454783222 ], [ -98.568516331328624, 31.198953486960161 ], [ -98.566266108938692, 31.235457599339426 ], [ -98.260536407498364, 31.417388938466875 ], [ -98.259849824249955, 31.424226600222802 ], [ -98.179541315212191, 31.464943754545967 ], [ -97.908411693513699, 31.073849920605671 ], [ -97.912950886895317, 31.042867955324123 ] ] ] ] } },
{ "type": "Feature", "properties": { "fid": 157, "OBJECTID": 2698.0, "NAME": "Trinity", "STATE_NAME": "Texas", "STATE_FIPS": "48", "CNTY_FIPS": "455", "FIPS": "48455", "AREA": 722.894, "POP1990": 11445.0, "POP1999": 12740.0, "POP90_SQMI": 16.0, "HOUSEHOLDS": 4647.0, "MALES": 5534.0, "FEMALES": 5911.0, "WHITE": 9619.0, "BLACK": 1645.0, "AMERI_ES": 24.0, "ASIAN_PI": 21.0, "OTHER": 136.0, "HISPANIC": 272.0, "AGE_UNDER5": 710.0, "AGE_5_17": 1970.0, "AGE_18_29": 1527.0, "AGE_30_49": 2604.0, "AGE_50_64": 2133.0, "AGE_65_UP": 2501.0, "NEVERMARRY": 1386.0, "MARRIED": 5776.0, "SEPARATED": 213.0, "WIDOWED": 1048.0, "DIVORCED": 788.0, "HSEHLD_1_M": 465.0, "HSEHLD_1_F": 707.0, "MARHH_CHD": 1030.0, "MARHH_NO_C": 1740.0, "MHH_CHILD": 71.0, "FHH_CHILD": 277.0, "HSE_UNITS": 7200.0, "VACANT": 2553.0, "OWNER_OCC": 3665.0, "RENTER_OCC": 982.0, "MEDIAN_VAL": 38700.0, "MEDIANRENT": 191, "UNITS_1DET": 4354.0, "UNITS_1ATT": 141.0, "UNITS2": 81.0, "UNITS3_9": 71.0, "UNITS10_49": 12.0, "UNITS50_UP": 0.0, "MOBILEHOME": 2478.0, "NO_FARMS87": 550.0, "AVG_SIZE87": 242.0, "CROP_ACR87": 46740.0, "AVG_SALE87": 11436.0, "Shape_Leng": 1.888753794791254, "Shape_Area": 0.17691951876558401, "Datacenter": null, "GDP_Change": -0.8, "HP_Change": null, "Talent-Bachelor": null, "Talent-Master": null, "Talent-Doctor": null, "NetADD": null, "NewDatacenter2023": null, "NewDatacenter2024": null, "NewDatacenter2025": null, "NewDatacenter2022": null, "NewDatacenter2021": null, "1_DC": 0, "1_TT": -0.1119605, "1_TPM": -0.0007872, "1_GDP": -0.2153263, "1_TA": -0.4387847, "1_WI": -0.4878197, "1_SO": -0.3707, "1_ST": -0.3565562, "1_LP": -0.1340086, "1_PF": 0.069318, "1_CP": -0.1614918, "1_T": 0.1359148, "1_NR": 0.3841808, "1_GW": -0.1964559, "1_SW": -0.2124848, "1_RW": -0.1722456, "1_EG": -0.5380116, "1_OF": -1.448426 }, "geometry": { "type": "MultiPolygon", "coordinates": [ [ [ [ -95.196901984814417, 30.829515978245514 ], [ -95.238482765612389, 30.847785781049019 ], [ -95.242388762630242, 30.89050165131221 ], [ -95.258670057065387, 30.904009114007764 ], [ -95.311222107021138, 30.899383958874612 ], [ -95.318416862649997, 30.876357142536499 ], [ -95.328838786553263, 30.871308532880011 ], [ -95.3471266587988, 30.878026058988805 ], [ -95.355221612999969, 30.86692940345992 ], [ -95.373677392942511, 30.861297171436995 ], [ -95.406758854333475, 30.870452239978899 ], [ -95.401387610984159, 30.889899046040068 ], [ -95.392110121807661, 30.893631619846825 ], [ -95.419042212899399, 30.908012671361419 ], [ -95.421994749552539, 30.931462901415379 ], [ -95.439405247797936, 30.944531717115549 ], [ -95.440420848950907, 31.059820960883261 ], [ -94.962660372823336, 31.384399850034825 ], [ -94.956007288171008, 31.344786988831558 ], [ -94.909238267422268, 31.337631254137118 ], [ -94.894955570077798, 31.300402650423024 ], [ -94.879368374009459, 31.292371149509712 ], [ -94.892696977463174, 31.259607255662125 ], [ -94.866222362098767, 31.246042761838169 ], [ -94.84593529402548, 31.219498815922243 ], [ -94.837794462096667, 31.187566557817302 ], [ -94.826266191207537, 31.175142437195912 ], [ -94.832224773983171, 31.148891901218516 ], [ -95.196901984814417, 30.829515978245514 ] ] ] ] } },
{ "type": "Feature", "properties": { "fid": 158, "OBJECTID": 2699.0, "NAME": "Pecos", "STATE_NAME": "Texas", "STATE_FIPS": "48", "CNTY_FIPS": "371", "FIPS": "48371", "AREA": 4734.569, "POP1990": 14675.0, "POP1999": 15945.0, "POP90_SQMI": 3.0, "HOUSEHOLDS": 4712.0, "MALES": 7265.0, "FEMALES": 7410.0, "WHITE": 9449.0, "BLACK": 62.0, "AMERI_ES": 45.0, "ASIAN_PI": 31.0, "OTHER": 5088.0, "HISPANIC": 8331.0, "AGE_UNDER5": 1270.0, "AGE_5_17": 3796.0, "AGE_18_29": 2349.0, "AGE_30_49": 3775.0, "AGE_50_64": 2039.0, "AGE_65_UP": 1446.0, "NEVERMARRY": 2115.0, "MARRIED": 6803.0, "SEPARATED": 196.0, "WIDOWED": 689.0, "DIVORCED": 676.0, "HSEHLD_1_M": 371.0, "HSEHLD_1_F": 492.0, "MARHH_CHD": 1896.0, "MARHH_NO_C": 1287.0, "MHH_CHILD": 78.0, "FHH_CHILD": 337.0, "HSE_UNITS": 5841.0, "VACANT": 1129.0, "OWNER_OCC": 3288.0, "RENTER_OCC": 1424.0, "MEDIAN_VAL": 38100.0, "MEDIANRENT": 206, "UNITS_1DET": 4062.0, "UNITS_1ATT": 81.0, "UNITS2": 142.0, "UNITS3_9": 162.0, "UNITS10_49": 205.0, "UNITS50_UP": 0.0, "MOBILEHOME": 1105.0, "NO_FARMS87": 286.0, "AVG_SIZE87": 10203.0, "CROP_ACR87": 62795.0, "AVG_SALE87": 120877.0, "Shape_Leng": 5.2139507878461782, "Shape_Area": 1.1562655605690599, "Datacenter": 2, "GDP_Change": -4.8, "HP_Change": null, "Talent-Bachelor": null, "Talent-Master": null, "Talent-Doctor": null, "NetADD": null, "NewDatacenter2023": null, "NewDatacenter2024": null, "NewDatacenter2025": 1, "NewDatacenter2022": null, "NewDatacenter2021": null, "1_DC": 2, "1_TT": -0.1119605, "1_TPM": -0.0007872, "1_GDP": -0.1681401, "1_TA": -0.8891529, "1_WI": 1.446463, "1_SO": 6.885914, "1_ST": 4.385327, "1_LP": -1.24434, "1_PF": 0.069318, "1_CP": -0.1614918, "1_T": 0.1359148, "1_NR": -0.7758505, "1_GW": -0.0541292, "1_SW": -0.220112, "1_RW": -0.1722456, "1_EG": 0.9199584, "1_OF": -0.9048165 }, "geometry": { "type": "MultiPolygon", "coordinates": [ [ [ [ -101.758695026874761, 30.66465326927716 ], [ -102.144996275329049, 30.661939784350015 ], [ -102.146659973696558, 30.603834912686533 ], [ -102.373984611028447, 30.604209135908039 ], [ -102.37058365720776, 30.284967648427134 ], [ -102.573531164378664, 30.278110865378665 ], [ -102.577277655101568, 30.060123903943133 ], [ -103.443339285027093, 30.667956338846654 ], [ -103.58611021652132, 30.770901224151928 ], [ -103.017655125253555, 31.37826836314002 ], [ -102.992279083556184, 31.359313918869066 ], [ -102.929602039803626, 31.345906006643609 ], [ -102.878880653580268, 31.321651285880581 ], [ -102.867886580812524, 31.298641822614858 ], [ -102.842876820964022, 31.288319704105209 ], [ -102.827144737713525, 31.267253786872704 ], [ -102.769273965449713, 31.29748267558212 ], [ -102.755243144588405, 31.294631348589355 ], [ -102.745637580841503, 31.279796484703979 ], [ -102.736565982949685, 31.280933229184917 ], [ -102.72654066544294, 31.285289478169698 ], [ -102.720116445180906, 31.301432776193984 ], [ -102.679114886887703, 31.32526058060159 ], [ -102.658812542389342, 31.327118301775467 ], [ -102.655165661729939, 31.313959899263349 ], [ -102.63180389714239, 31.304009570166809 ], [ -102.628744479602688, 31.292207243998007 ], [ -102.600186926015226, 31.286939306598704 ], [ -102.589833637360186, 31.264801344140999 ], [ -102.551868747327489, 31.266590377923222 ], [ -102.506541315577635, 31.255287723798268 ], [ -102.436028741748089, 31.207067594087924 ], [ -102.426033788335303, 31.177138339289819 ], [ -102.425438243208816, 31.121418604192939 ], [ -102.388052926723844, 31.086137651264202 ], [ -102.322285515341036, 31.065600291286355 ], [ -102.31658603382192, 31.052928279619714 ], [ -102.301578560563769, 31.050956232418656 ], [ -102.295383156881712, 31.039659387504372 ], [ -102.249018044737511, 31.042894448637107 ], [ -102.201668960894722, 31.029679272666517 ], [ -102.189232468100442, 31.003881423339031 ], [ -102.178299498206059, 31.014148450730005 ], [ -102.167396794300089, 31.005680202417622 ], [ -102.120299684088025, 31.000651141049797 ], [ -102.110991629103808, 30.991688916549979 ], [ -102.078390667058841, 30.989564505919134 ], [ -102.058401367102419, 31.000903496439886 ], [ -101.972553542449191, 30.981902212378614 ], [ -101.943156532612932, 30.957289140237531 ], [ -101.927096187076074, 30.954829006806197 ], [ -101.898149334025788, 30.925625064510001 ], [ -101.870789529618946, 30.91832250245923 ], [ -101.874703398300312, 30.879869550638375 ], [ -101.850372542659272, 30.864283563585687 ], [ -101.83755474224381, 30.839361195929499 ], [ -101.824126455062697, 30.762795103312115 ], [ -101.806524959598789, 30.737027983144639 ], [ -101.803129801597208, 30.703711765195379 ], [ -101.758695026874761, 30.66465326927716 ] ] ] ] } },
{ "type": "Feature", "properties": { "fid": 159, "OBJECTID": 2703.0, "NAME": "Robertson", "STATE_NAME": "Texas", "STATE_FIPS": "48", "CNTY_FIPS": "395", "FIPS": "48395", "AREA": 867.6971, "POP1990": 15511.0, "POP1999": 15554.0, "POP90_SQMI": 18.0, "HOUSEHOLDS": 5793.0, "MALES": 7418.0, "FEMALES": 8093.0, "WHITE": 10047.0, "BLACK": 4259.0, "AMERI_ES": 36.0, "ASIAN_PI": 15.0, "OTHER": 1154.0, "HISPANIC": 1904.0, "AGE_UNDER5": 1259.0, "AGE_5_17": 3177.0, "AGE_18_29": 2395.0, "AGE_30_49": 3631.0, "AGE_50_64": 2198.0, "AGE_65_UP": 2851.0, "NEVERMARRY": 2552.0, "MARRIED": 6592.0, "SEPARATED": 336.0, "WIDOWED": 1457.0, "DIVORCED": 829.0, "HSEHLD_1_M": 571.0, "HSEHLD_1_F": 990.0, "MARHH_CHD": 1480.0, "MARHH_NO_C": 1626.0, "MHH_CHILD": 90.0, "FHH_CHILD": 581.0, "HSE_UNITS": 7338.0, "VACANT": 1545.0, "OWNER_OCC": 4118.0, "RENTER_OCC": 1675.0, "MEDIAN_VAL": 37400.0, "MEDIANRENT": 156, "UNITS_1DET": 5331.0, "UNITS_1ATT": 98.0, "UNITS2": 239.0, "UNITS3_9": 148.0, "UNITS10_49": 126.0, "UNITS50_UP": 56.0, "MOBILEHOME": 1249.0, "NO_FARMS87": 1207.0, "AVG_SIZE87": 327.0, "CROP_ACR87": 145021.0, "AVG_SALE87": 26278.0, "Shape_Leng": 2.0329549085172451, "Shape_Area": 0.212286367091508, "Datacenter": null, "GDP_Change": -1.3, "HP_Change": null, "Talent-Bachelor": null, "Talent-Master": null, "Talent-Doctor": null, "NetADD": null, "NewDatacenter2023": null, "NewDatacenter2024": null, "NewDatacenter2025": null, "NewDatacenter2022": null, "NewDatacenter2021": null, "1_DC": 0, "1_TT": -0.1119605, "1_TPM": -0.0007872, "1_GDP": -0.1560457, "1_TA": -0.1801727, "1_WI": -0.4878197, "1_SO": -0.3707, "1_ST": 0.6012104, "1_LP": 1.014319, "1_PF": 0.069318, "1_CP": -0.1614918, "1_T": 0.335178, "1_NR": -0.6303269, "1_GW": -0.1445774, "1_SW": -0.218393, "1_RW": -0.1722456, "1_EG": 2.613085, "1_OF": -1.186814 }, "geometry": { "type": "MultiPolygon", "coordinates": [ [ [ [ -96.62737785780098, 30.736477064056334 ], [ -96.628880878654343, 30.751615018856008 ], [ -96.614437891315276, 30.76626697571141 ], [ -96.618252757121638, 30.776901999385711 ], [ -96.627370265362913, 30.788153035520288 ], [ -96.64756607865138, 30.789224760595896 ], [ -96.643072250188538, 30.820639830372286 ], [ -96.690483322475757, 30.860019428354313 ], [ -96.693619279769337, 30.914060757448716 ], [ -96.719995174093526, 30.907987806217491 ], [ -96.751544118211484, 30.932687207146483 ], [ -96.768688254194615, 30.971128750472712 ], [ -96.753604406872398, 31.001315673622049 ], [ -96.768848715650108, 31.007243432978743 ], [ -96.774358002533347, 31.043510535924241 ], [ -96.79184561914434, 31.060470060195136 ], [ -96.813063942630208, 31.064280698206957 ], [ -96.829323662446257, 31.113185469302984 ], [ -96.596681225549332, 31.23013743293377 ], [ -96.31898095507654, 31.367501494910456 ], [ -96.312258630105362, 31.338499144540744 ], [ -96.321734191434984, 31.318710895424179 ], [ -96.32084093087775, 31.291268695094171 ], [ -96.311273104351642, 31.277702108258584 ], [ -96.325761467257792, 31.265388557858497 ], [ -96.288640807172726, 31.128435250955334 ], [ -96.279446982811237, 31.118986514353089 ], [ -96.276112259841852, 31.086879097435521 ], [ -96.251346099367709, 31.055879817468107 ], [ -96.259470916318492, 31.018668468099182 ], [ -96.242372705759692, 30.995689403434959 ], [ -96.24251761839156, 30.981066201837642 ], [ -96.359791505497981, 30.9131992422836 ], [ -96.411710644958021, 30.848591913594621 ], [ -96.45590871558727, 30.75123846967945 ], [ -96.572306761253969, 30.704599463322452 ], [ -96.594219216224019, 30.727686772476876 ], [ -96.62737785780098, 30.736477064056334 ] ] ] ] } },
{ "type": "Feature", "properties": { "fid": 160, "OBJECTID": 2711.0, "NAME": "Bell", "STATE_NAME": "Texas", "STATE_FIPS": "48", "CNTY_FIPS": "027", "FIPS": "48027", "AREA": 1082.964, "POP1990": 191088.0, "POP1999": 225191.0, "POP90_SQMI": 176.0, "HOUSEHOLDS": 67240.0, "MALES": 97344.0, "FEMALES": 93744.0, "WHITE": 136066.0, "BLACK": 36095.0, "AMERI_ES": 944.0, "ASIAN_PI": 5531.0, "OTHER": 12452.0, "HISPANIC": 24995.0, "AGE_UNDER5": 18264.0, "AGE_5_17": 36769.0, "AGE_18_29": 49398.0, "AGE_30_49": 50647.0, "AGE_50_64": 19264.0, "AGE_65_UP": 16746.0, "NEVERMARRY": 30478.0, "MARRIED": 89241.0, "SEPARATED": 3760.0, "WIDOWED": 8142.0, "DIVORCED": 12035.0, "HSEHLD_1_M": 6826.0, "HSEHLD_1_F": 7577.0, "MARHH_CHD": 22860.0, "MARHH_NO_C": 18631.0, "MHH_CHILD": 1109.0, "FHH_CHILD": 5434.0, "HSE_UNITS": 75957.0, "VACANT": 8717.0, "OWNER_OCC": 35059.0, "RENTER_OCC": 32181.0, "MEDIAN_VAL": 59000.0, "MEDIANRENT": 301, "UNITS_1DET": 43409.0, "UNITS_1ATT": 3139.0, "UNITS2": 3765.0, "UNITS3_9": 8211.0, "UNITS10_49": 7563.0, "UNITS50_UP": 2163.0, "MOBILEHOME": 7169.0, "NO_FARMS87": 1655.0, "AVG_SIZE87": 256.0, "CROP_ACR87": 232122.0, "AVG_SALE87": 28604.0, "Shape_Leng": 2.162917282924365, "Shape_Area": 0.26488203619773398, "Datacenter": null, "GDP_Change": 4.5, "HP_Change": null, "Talent-Bachelor": null, "Talent-Master": null, "Talent-Doctor": null, "NetADD": null, "NewDatacenter2023": null, "NewDatacenter2024": null, "NewDatacenter2025": null, "NewDatacenter2022": null, "NewDatacenter2021": null, "1_DC": 0, "1_TT": -0.1119605, "1_TPM": -0.0007872, "1_GDP": 0.3062427, "1_TA": 1.157641, "1_WI": -0.4878197, "1_SO": 2.689865, "1_ST": 1.793724, "1_LP": 0.2966141, "1_PF": 0.069318, "1_CP": -0.1614918, "1_T": 0.3102701, "1_NR": 1.381018, "1_GW": -0.1323319, "1_SW": 0.754311, "1_RW": -0.0487211, "1_EG": 1.601912, "1_OF": -0.1913286 }, "geometry": { "type": "MultiPolygon", "coordinates": [ [ [ [ -97.833006024087581, 30.917051095147414 ], [ -97.912950886895317, 31.042867955324123 ], [ -97.908411693513699, 31.073849920605671 ], [ -97.421126628042941, 31.329920582435175 ], [ -97.34062451867743, 31.251756767713257 ], [ -97.274757754003929, 31.283965559702033 ], [ -97.078829039540551, 30.998011689036776 ], [ -97.264054192731692, 30.902640535494164 ], [ -97.316689734207557, 30.76130002107757 ], [ -97.640578696043576, 30.87884485845133 ], [ -97.833006024087581, 30.917051095147414 ] ] ] ] } },
{ "type": "Feature", "properties": { "fid": 161, "OBJECTID": 2717.0, "NAME": "Newton", "STATE_NAME": "Texas", "STATE_FIPS": "48", "CNTY_FIPS": "351", "FIPS": "48351", "AREA": 949.1893, "POP1990": 13569.0, "POP1999": 14165.0, "POP90_SQMI": 14.0, "HOUSEHOLDS": 4910.0, "MALES": 6615.0, "FEMALES": 6954.0, "WHITE": 10402.0, "BLACK": 3039.0, "AMERI_ES": 44.0, "ASIAN_PI": 11.0, "OTHER": 73.0, "HISPANIC": 153.0, "AGE_UNDER5": 954.0, "AGE_5_17": 3055.0, "AGE_18_29": 2103.0, "AGE_30_49": 3560.0, "AGE_50_64": 2069.0, "AGE_65_UP": 1828.0, "NEVERMARRY": 1942.0, "MARRIED": 6380.0, "SEPARATED": 216.0, "WIDOWED": 914.0, "DIVORCED": 784.0, "HSEHLD_1_M": 444.0, "HSEHLD_1_F": 625.0, "MARHH_CHD": 1557.0, "MARHH_NO_C": 1517.0, "MHH_CHILD": 93.0, "FHH_CHILD": 354.0, "HSE_UNITS": 6378.0, "VACANT": 1468.0, "OWNER_OCC": 4086.0, "RENTER_OCC": 824.0, "MEDIAN_VAL": 30500.0, "MEDIANRENT": 157, "UNITS_1DET": 4480.0, "UNITS_1ATT": 44.0, "UNITS2": 89.0, "UNITS3_9": 44.0, "UNITS10_49": 11.0, "UNITS50_UP": 0.0, "MOBILEHOME": 1609.0, "NO_FARMS87": 268.0, "AVG_SIZE87": 239.0, "CROP_ACR87": 11956.0, "AVG_SALE87": 6774.0, "Shape_Leng": 2.949026219926183, "Shape_Area": 0.23162409623584901, "Datacenter": null, "GDP_Change": -3.9, "HP_Change": null, "Talent-Bachelor": null, "Talent-Master": null, "Talent-Doctor": null, "NetADD": null, "NewDatacenter2023": null, "NewDatacenter2024": null, "NewDatacenter2025": null, "NewDatacenter2022": null, "NewDatacenter2021": null, "1_DC": 0, "1_TT": -0.1119605, "1_TPM": -0.0007872, "1_GDP": -0.2107245, "1_TA": -0.4919444, "1_WI": -0.4878197, "1_SO": -0.3707, "1_ST": -0.3565562, "1_LP": -0.1340086, "1_PF": 0.069318, "1_CP": -0.1614918, "1_T": 0.2106385, "1_NR": -0.7093254, "1_GW": -0.1858602, "1_SW": -0.220112, "1_RW": -0.1722456, "1_EG": 0.4966768, "1_OF": -1.448426 }, "geometry": { "type": "MultiPolygon", "coordinates": [ [ [ [ -93.897884899522467, 30.243534318510555 ], [ -93.860915445085197, 30.94336333168506 ], [ -93.917956546137702, 31.159336648021625 ], [ -93.59411608931299, 31.180386759123138 ], [ -93.577117172873386, 31.172328299678313 ], [ -93.550764528723221, 31.191116647035393 ], [ -93.52909629329713, 31.185961018338336 ], [ -93.527104896734613, 31.178263196264322 ], [ -93.537191274333452, 31.176527681989256 ], [ -93.528501005673036, 31.16313081803407 ], [ -93.544363005874288, 31.159354581077377 ], [ -93.537679230107301, 31.132629639714224 ], [ -93.528264202679281, 31.126114240424904 ], [ -93.535260506904081, 31.116261298056251 ], [ -93.556852334130838, 31.109532676563653 ], [ -93.560155897223012, 31.100726793129592 ], [ -93.543294350545693, 31.09494178224336 ], [ -93.544278476634759, 31.082563523993311 ], [ -93.517170318144281, 31.07486154456485 ], [ -93.525913746150763, 31.057171599876973 ], [ -93.507388858387174, 31.039099813819217 ], [ -93.547291645020664, 31.014334309269056 ], [ -93.565114495065018, 31.018255948132566 ], [ -93.568067120699595, 31.01311777223388 ], [ -93.571019691155982, 30.997464726380997 ], [ -93.561124081285243, 30.991883824264985 ], [ -93.572629609018122, 30.976371944066077 ], [ -93.548848091831815, 30.970384588134394 ], [ -93.537510526731921, 30.957079121362192 ], [ -93.532360516432107, 30.960926064084333 ], [ -93.525791524276542, 30.93601477417312 ], [ -93.530155703066441, 30.927166887670527 ], [ -93.549794336934383, 30.925080576147579 ], [ -93.546689160192841, 30.905530740167922 ], [ -93.564649271328676, 30.902128362229284 ], [ -93.56867012587071, 30.886431355932256 ], [ -93.561017682003694, 30.872076935733851 ], [ -93.552976124752661, 30.860480466450905 ], [ -93.566617898014442, 30.84534623125753 ], [ -93.555814400539759, 30.842540464409769 ], [ -93.550855216338789, 30.82854275076739 ], [ -93.582045064005854, 30.802239574747055 ], [ -93.585348757426573, 30.772384672529043 ], [ -93.618628935387221, 30.745989802156878 ], [ -93.607825166599184, 30.732210974227971 ], [ -93.617964883393711, 30.732748958507866 ], [ -93.612585564389519, 30.710530154718096 ], [ -93.617780809725048, 30.687003029253788 ], [ -93.660162813618399, 30.673060816844156 ], [ -93.678145032555676, 30.639894152320213 ], [ -93.693053233835712, 30.640243396303788 ], [ -93.684759536486013, 30.623626465140411 ], [ -93.692869618446423, 30.615997184505009 ], [ -93.671758200990098, 30.598033474566869 ], [ -93.693594074754685, 30.599037055449092 ], [ -93.717985598227528, 30.587581882252927 ], [ -93.718053864987155, 30.568355826838854 ], [ -93.735479353997277, 30.545719710070117 ], [ -93.705631967850366, 30.523059949438892 ], [ -93.714809983632961, 30.505316050759554 ], [ -93.7074472222601, 30.496443003083019 ], [ -93.715023175861688, 30.488831019709178 ], [ -93.698145987676298, 30.470249650517054 ], [ -93.703593292300582, 30.462715828878782 ], [ -93.696741331113174, 30.442835750934712 ], [ -93.721705090248918, 30.433183167794251 ], [ -93.74273158556349, 30.409027236731443 ], [ -93.755113730740504, 30.381993003405075 ], [ -93.748002488943825, 30.367615530491577 ], [ -93.75950766664505, 30.354350229470416 ], [ -93.759347078781332, 30.341077171918354 ], [ -93.729941409287903, 30.305121972115678 ], [ -93.699376880784371, 30.297593528466855 ], [ -93.707523969358192, 30.239578774627933 ], [ -93.897884899522467, 30.243534318510555 ] ] ] ] } },
{ "type": "Feature", "properties": { "fid": 162, "OBJECTID": 2721.0, "NAME": "Jasper", "STATE_NAME": "Texas", "STATE_FIPS": "48", "CNTY_FIPS": "241", "FIPS": "48241", "AREA": 964.9922, "POP1990": 31102.0, "POP1999": 33715.0, "POP90_SQMI": 32.0, "HOUSEHOLDS": 11427.0, "MALES": 14865.0, "FEMALES": 16237.0, "WHITE": 24750.0, "BLACK": 5868.0, "AMERI_ES": 76.0, "ASIAN_PI": 38.0, "OTHER": 370.0, "HISPANIC": 594.0, "AGE_UNDER5": 2091.0, "AGE_5_17": 6718.0, "AGE_18_29": 4477.0, "AGE_30_49": 8014.0, "AGE_50_64": 4765.0, "AGE_65_UP": 5037.0, "NEVERMARRY": 4207.0, "MARRIED": 15008.0, "SEPARATED": 537.0, "WIDOWED": 2354.0, "DIVORCED": 1727.0, "HSEHLD_1_M": 865.0, "HSEHLD_1_F": 1634.0, "MARHH_CHD": 3407.0, "MARHH_NO_C": 3804.0, "MHH_CHILD": 167.0, "FHH_CHILD": 876.0, "HSE_UNITS": 13824.0, "VACANT": 2397.0, "OWNER_OCC": 9037.0, "RENTER_OCC": 2390.0, "MEDIAN_VAL": 40300.0, "MEDIANRENT": 200, "UNITS_1DET": 9453.0, "UNITS_1ATT": 129.0, "UNITS2": 251.0, "UNITS3_9": 266.0, "UNITS10_49": 145.0, "UNITS50_UP": 125.0, "MOBILEHOME": 3311.0, "NO_FARMS87": 602.0, "AVG_SIZE87": 169.0, "CROP_ACR87": 25954.0, "AVG_SALE87": 6665.0, "Shape_Leng": 2.8830104792345059, "Shape_Area": 0.235453564091305, "Datacenter": null, "GDP_Change": 4.0, "HP_Change": null, "Talent-Bachelor": null, "Talent-Master": null, "Talent-Doctor": null, "NetADD": null, "NewDatacenter2023": null, "NewDatacenter2024": null, "NewDatacenter2025": null, "NewDatacenter2022": null, "NewDatacenter2021": null, "1_DC": 0, "1_TT": -0.1119605, "1_TPM": -0.0007872, "1_GDP": -0.193631, "1_TA": -0.1028567, "1_WI": -0.4878197, "1_SO": -0.3707, "1_ST": -0.3565562, "1_LP": -0.1340086, "1_PF": 0.069318, "1_CP": -0.1614918, "1_T": 0.1608227, "1_NR": 0.4008121, "1_GW": -0.0717642, "1_SW": -0.2193777, "1_RW": -0.1722456, "1_EG": -0.3937901, "1_OF": -1.441631 }, "geometry": { "type": "MultiPolygon", "coordinates": [ [ [ [ -93.897884899522467, 30.243534318510555 ], [ -94.101872442203273, 30.24277869494966 ], [ -94.096760672841697, 30.254880600656382 ], [ -94.110830214706425, 30.28038923836937 ], [ -94.109876720919999, 30.293631788150343 ], [ -94.083326351339849, 30.345831312204862 ], [ -94.11427352491279, 30.424483816079334 ], [ -94.063606791449786, 30.523023645528593 ], [ -94.067612671783991, 30.541107034159822 ], [ -94.083833573387949, 30.559388821764376 ], [ -94.083139577738734, 30.57630108767323 ], [ -94.073839665682101, 30.609242510678232 ], [ -94.050516327276114, 30.62997320855964 ], [ -94.051638133931476, 30.643774637316941 ], [ -94.064364593716505, 30.659119108344207 ], [ -94.078883692196257, 30.657148857482944 ], [ -94.090359060026913, 30.682497243839023 ], [ -94.114918721033746, 30.681520711989357 ], [ -94.129758677900213, 30.704751944195166 ], [ -94.123846375639573, 30.742446413996262 ], [ -94.129378146915997, 30.769299396883081 ], [ -94.170898730110196, 30.799886729011629 ], [ -94.192269678747778, 30.836722375368183 ], [ -94.201158846498402, 30.891664019118302 ], [ -94.212084610500767, 30.903222226380684 ], [ -94.197756434009477, 30.924444777302195 ], [ -94.203890795965549, 30.935751230354004 ], [ -94.222827597883224, 30.939943422109451 ], [ -94.241688325922667, 30.960149288233421 ], [ -94.237125958796469, 30.971812430943878 ], [ -94.243237461596266, 30.983570905518359 ], [ -94.230373987695714, 30.991596858754267 ], [ -94.238026672488274, 31.004350922665203 ], [ -94.264654134081695, 31.020835459109982 ], [ -94.272306575426114, 31.018483685776808 ], [ -94.292807398127081, 31.038759917189665 ], [ -94.315863833106789, 31.022555301470049 ], [ -94.33898154285373, 31.036093052704494 ], [ -94.395966716453245, 31.023885758243061 ], [ -94.409631305976063, 31.027320663808144 ], [ -94.422479381955895, 31.011493746404494 ], [ -94.438898177635735, 31.005912804266689 ], [ -94.445825891449999, 31.014037836422258 ], [ -94.444170460251655, 31.038207187606638 ], [ -94.139856789795374, 31.098054257909475 ], [ -94.049186235403909, 31.115652730670028 ], [ -94.040007974371179, 31.13849811072264 ], [ -93.917956546137702, 31.159336648021625 ], [ -93.860915445085197, 30.94336333168506 ], [ -93.897884899522467, 30.243534318510555 ] ] ] ] } },
{ "type": "Feature", "properties": { "fid": 163, "OBJECTID": 2722.0, "NAME": "Polk", "STATE_NAME": "Texas", "STATE_FIPS": "48", "CNTY_FIPS": "373", "FIPS": "48373", "AREA": 1107.8698, "POP1990": 30687.0, "POP1999": 52944.0, "POP90_SQMI": 28.0, "HOUSEHOLDS": 11855.0, "MALES": 14963.0, "FEMALES": 15724.0, "WHITE": 25100.0, "BLACK": 3896.0, "AMERI_ES": 662.0, "ASIAN_PI": 78.0, "OTHER": 951.0, "HISPANIC": 1610.0, "AGE_UNDER5": 1967.0, "AGE_5_17": 5637.0, "AGE_18_29": 4055.0, "AGE_30_49": 7201.0, "AGE_50_64": 5546.0, "AGE_65_UP": 6281.0, "NEVERMARRY": 3811.0, "MARRIED": 15662.0, "SEPARATED": 464.0, "WIDOWED": 2564.0, "DIVORCED": 1933.0, "HSEHLD_1_M": 1095.0, "HSEHLD_1_F": 1689.0, "MARHH_CHD": 2931.0, "MARHH_NO_C": 4503.0, "MHH_CHILD": 167.0, "FHH_CHILD": 713.0, "HSE_UNITS": 18662.0, "VACANT": 6807.0, "OWNER_OCC": 9516.0, "RENTER_OCC": 2339.0, "MEDIAN_VAL": 39900.0, "MEDIANRENT": 218, "UNITS_1DET": 12153.0, "UNITS_1ATT": 236.0, "UNITS2": 277.0, "UNITS3_9": 296.0, "UNITS10_49": 196.0, "UNITS50_UP": 71.0, "MOBILEHOME": 5221.0, "NO_FARMS87": 559.0, "AVG_SIZE87": 258.0, "CROP_ACR87": 37013.0, "AVG_SALE87": 8620.0, "Shape_Leng": 2.39469082812015, "Shape_Area": 0.27025719856163399, "Datacenter": null, "GDP_Change": 1.7, "HP_Change": null, "Talent-Bachelor": null, "Talent-Master": null, "Talent-Doctor": null, "NetADD": 269, "NewDatacenter2023": null, "NewDatacenter2024": null, "NewDatacenter2025": null, "NewDatacenter2022": null, "NewDatacenter2021": null, "1_DC": 0, "1_TT": -0.1119605, "1_TPM": 0.4364966, "1_GDP": -0.1845516, "1_TA": -0.1439352, "1_WI": -0.4878197, "1_SO": 0.1533694, "1_ST": -0.3565562, "1_LP": -0.1340086, "1_PF": 0.069318, "1_CP": -0.1614918, "1_T": 0.2853622, "1_NR": 0.8727244, "1_GW": -0.070701, "1_SW": -0.1673553, "1_RW": -0.1722456, "1_EG": -0.4350366, "1_OF": 1.035191 }, "geometry": { "type": "MultiPolygon", "coordinates": [ [ [ [ -94.848283620355346, 30.491082368758192 ], [ -94.863420924552202, 30.503695171303502 ], [ -94.864290816804726, 30.515184622854573 ], [ -94.841310695759717, 30.534259636609971 ], [ -94.840509727132144, 30.547044170895902 ], [ -94.901531331067247, 30.565452370083559 ], [ -94.92716671164527, 30.563428372658983 ], [ -94.965680958591065, 30.576641365571888 ], [ -95.034781975582518, 30.585269146289729 ], [ -95.015227630912534, 30.60956587500133 ], [ -95.012549793135065, 30.627299633936648 ], [ -95.023864565582585, 30.651155647685986 ], [ -95.011245365600018, 30.657451587474394 ], [ -95.039146653191892, 30.671069323821449 ], [ -95.041611071234172, 30.683081263053175 ], [ -95.0530324464969, 30.679014920211745 ], [ -95.057976419036663, 30.685186803272448 ], [ -95.113717661320379, 30.669817801834643 ], [ -95.115991423192497, 30.702872576116107 ], [ -95.132394905054468, 30.704512741191664 ], [ -95.147951605248579, 30.729452037957298 ], [ -95.135545757087073, 30.785652213404024 ], [ -95.196901984814417, 30.829515978245514 ], [ -94.832224773983171, 31.148891901218516 ], [ -94.818720461447754, 31.134085587343865 ], [ -94.771867494900107, 31.113594122213588 ], [ -94.704567361434783, 31.103545247250871 ], [ -94.67607098960741, 31.089374174368981 ], [ -94.642523916107848, 31.095081158845897 ], [ -94.577718423735348, 31.064028868000886 ], [ -94.657462272737575, 31.014369329813192 ], [ -94.548058135499275, 30.525630737165212 ], [ -94.54071796509794, 30.492289081250764 ], [ -94.733664114577152, 30.48978069690418 ], [ -94.848283620355346, 30.491082368758192 ] ] ] ] } },
{ "type": "Feature", "properties": { "fid": 164, "OBJECTID": 2723.0, "NAME": "Milam", "STATE_NAME": "Texas", "STATE_FIPS": "48", "CNTY_FIPS": "331", "FIPS": "48331", "AREA": 1024.1849, "POP1990": 22946.0, "POP1999": 24485.0, "POP90_SQMI": 22.0, "HOUSEHOLDS": 8686.0, "MALES": 11125.0, "FEMALES": 11821.0, "WHITE": 18603.0, "BLACK": 2940.0, "AMERI_ES": 69.0, "ASIAN_PI": 37.0, "OTHER": 1297.0, "HISPANIC": 3456.0, "AGE_UNDER5": 1632.0, "AGE_5_17": 4843.0, "AGE_18_29": 3199.0, "AGE_30_49": 5730.0, "AGE_50_64": 3246.0, "AGE_65_UP": 4296.0, "NEVERMARRY": 3382.0, "MARRIED": 10576.0, "SEPARATED": 399.0, "WIDOWED": 1950.0, "DIVORCED": 1237.0, "HSEHLD_1_M": 851.0, "HSEHLD_1_F": 1492.0, "MARHH_CHD": 2407.0, "MARHH_NO_C": 2677.0, "MHH_CHILD": 123.0, "FHH_CHILD": 586.0, "HSE_UNITS": 10511.0, "VACANT": 1825.0, "OWNER_OCC": 6268.0, "RENTER_OCC": 2418.0, "MEDIAN_VAL": 40000.0, "MEDIANRENT": 190, "UNITS_1DET": 8104.0, "UNITS_1ATT": 126.0, "UNITS2": 332.0, "UNITS3_9": 356.0, "UNITS10_49": 83.0, "UNITS50_UP": 0.0, "MOBILEHOME": 1381.0, "NO_FARMS87": 1577.0, "AVG_SIZE87": 326.0, "CROP_ACR87": 236997.0, "AVG_SALE87": 26420.0, "Shape_Leng": 2.0971688934033228, "Shape_Area": 0.250057851219609, "Datacenter": 1, "GDP_Change": 3.2, "HP_Change": null, "Talent-Bachelor": null, "Talent-Master": null, "Talent-Doctor": null, "NetADD": null, "NewDatacenter2023": 1, "NewDatacenter2024": null, "NewDatacenter2025": 1, "NewDatacenter2022": null, "NewDatacenter2021": null, "1_DC": 1, "1_TT": -0.1119605, "1_TPM": -0.0007872, "1_GDP": -0.2031201, "1_TA": -0.2957738, "1_WI": -0.4878197, "1_SO": 2.944912, "1_ST": -0.3565562, "1_LP": 1.563151, "1_PF": 0.069318, "1_CP": -0.1614918, "1_T": 0.4846254, "1_NR": 0.3010244, "1_GW": -0.0612786, "1_SW": -0.1117278, "1_RW": -0.1722456, "1_EG": -0.0912143, "1_OF": -0.8130823 }, "geometry": { "type": "MultiPolygon", "coordinates": [ [ [ [ -96.968393808264011, 30.566616533512821 ], [ -97.15644139515382, 30.47235838362991 ], [ -97.274100646273666, 30.74562817968717 ], [ -97.316689734207557, 30.76130002107757 ], [ -97.264054192731692, 30.902640535494164 ], [ -97.078829039540551, 30.998011689036776 ], [ -96.836015026826885, 31.119773217321775 ], [ -96.829323662446257, 31.113185469302984 ], [ -96.813063942630208, 31.064280698206957 ], [ -96.79184561914434, 31.060470060195136 ], [ -96.774358002533347, 31.043510535924241 ], [ -96.768848715650108, 31.007243432978743 ], [ -96.753604406872398, 31.001315673622049 ], [ -96.768688254194615, 30.971128750472712 ], [ -96.751544118211484, 30.932687207146483 ], [ -96.719995174093526, 30.907987806217491 ], [ -96.693619279769337, 30.914060757448716 ], [ -96.690483322475757, 30.860019428354313 ], [ -96.643072250188538, 30.820639830372286 ], [ -96.64756607865138, 30.789224760595896 ], [ -96.627370265362913, 30.788153035520288 ], [ -96.618252757121638, 30.776901999385711 ], [ -96.614437891315276, 30.76626697571141 ], [ -96.628880878654343, 30.751615018856008 ], [ -96.62737785780098, 30.736477064056334 ], [ -96.968393808264011, 30.566616533512821 ] ] ] ] } },
{ "type": "Feature", "properties": { "fid": 165, "OBJECTID": 2724.0, "NAME": "Jeff Davis", "STATE_NAME": "Texas", "STATE_FIPS": "48", "CNTY_FIPS": "243", "FIPS": "48243", "AREA": 2307.3634, "POP1990": 1946.0, "POP1999": 2460.0, "POP90_SQMI": 1.0, "HOUSEHOLDS": 779.0, "MALES": 1001.0, "FEMALES": 945.0, "WHITE": 1671.0, "BLACK": 7.0, "AMERI_ES": 12.0, "ASIAN_PI": 4.0, "OTHER": 252.0, "HISPANIC": 770.0, "AGE_UNDER5": 110.0, "AGE_5_17": 403.0, "AGE_18_29": 247.0, "AGE_30_49": 490.0, "AGE_50_64": 327.0, "AGE_65_UP": 369.0, "NEVERMARRY": 298.0, "MARRIED": 1006.0, "SEPARATED": 19.0, "WIDOWED": 120.0, "DIVORCED": 100.0, "HSEHLD_1_M": 115.0, "HSEHLD_1_F": 108.0, "MARHH_CHD": 210.0, "MARHH_NO_C": 273.0, "MHH_CHILD": 7.0, "FHH_CHILD": 27.0, "HSE_UNITS": 1348.0, "VACANT": 569.0, "OWNER_OCC": 523.0, "RENTER_OCC": 256.0, "MEDIAN_VAL": 43800.0, "MEDIANRENT": 213, "UNITS_1DET": 944.0, "UNITS_1ATT": 21.0, "UNITS2": 12.0, "UNITS3_9": 11.0, "UNITS10_49": 3.0, "UNITS50_UP": 0.0, "MOBILEHOME": 342.0, "NO_FARMS87": 90.0, "AVG_SIZE87": 17023.0, "CROP_ACR87": 530.0, "AVG_SALE87": 104220.0, "Shape_Leng": 3.4515467915754852, "Shape_Area": 0.56300465629212604, "Datacenter": null, "GDP_Change": 5.6, "HP_Change": null, "Talent-Bachelor": null, "Talent-Master": null, "Talent-Doctor": null, "NetADD": null, "NewDatacenter2023": null, "NewDatacenter2024": null, "NewDatacenter2025": null, "NewDatacenter2022": null, "NewDatacenter2021": null, "1_DC": 0, "1_TT": -0.1119605, "1_TPM": -0.0007872, "1_GDP": -0.2202828, "1_TA": -1.153996, "1_WI": -0.4878197, "1_SO": -0.3707, "1_ST": -0.3565562, "1_LP": -1.24434, "1_PF": 0.069318, "1_CP": -0.1614918, "1_T": -0.7607697, "1_NR": -1.50139, "1_GW": -0.1237527, "1_SW": -0.220112, "1_RW": -0.1722456, "1_EG": -0.5380116, "1_OF": -0.8368652 }, "geometry": { "type": "MultiPolygon", "coordinates": [ [ [ [ -104.987425711770072, 30.641467032003028 ], [ -104.915386486498505, 30.681778148448331 ], [ -104.103680515555084, 31.109588479916489 ], [ -103.58611021652132, 30.770901224151928 ], [ -103.443339285027093, 30.667956338846654 ], [ -103.792744001336189, 30.40527501770287 ], [ -103.896689595832243, 30.406218637939357 ], [ -104.987425711770072, 30.641467032003028 ] ] ] ] } },
{ "type": "Feature", "properties": { "fid": 166, "OBJECTID": 2725.0, "NAME": "Madison", "STATE_NAME": "Texas", "STATE_FIPS": "48", "CNTY_FIPS": "313", "FIPS": "48313", "AREA": 470.0445, "POP1990": 10931.0, "POP1999": 12006.0, "POP90_SQMI": 23.0, "HOUSEHOLDS": 3349.0, "MALES": 6367.0, "FEMALES": 4564.0, "WHITE": 7984.0, "BLACK": 2575.0, "AMERI_ES": 67.0, "ASIAN_PI": 13.0, "OTHER": 292.0, "HISPANIC": 1178.0, "AGE_UNDER5": 624.0, "AGE_5_17": 1728.0, "AGE_18_29": 3141.0, "AGE_30_49": 2417.0, "AGE_50_64": 1276.0, "AGE_65_UP": 1745.0, "NEVERMARRY": 2769.0, "MARRIED": 4541.0, "SEPARATED": 187.0, "WIDOWED": 869.0, "DIVORCED": 604.0, "HSEHLD_1_M": 304.0, "HSEHLD_1_F": 594.0, "MARHH_CHD": 878.0, "MARHH_NO_C": 1059.0, "MHH_CHILD": 39.0, "FHH_CHILD": 253.0, "HSE_UNITS": 4326.0, "VACANT": 977.0, "OWNER_OCC": 2528.0, "RENTER_OCC": 821.0, "MEDIAN_VAL": 41900.0, "MEDIANRENT": 225, "UNITS_1DET": 3046.0, "UNITS_1ATT": 47.0, "UNITS2": 87.0, "UNITS3_9": 55.0, "UNITS10_49": 30.0, "UNITS50_UP": 0.0, "MOBILEHOME": 1015.0, "NO_FARMS87": 756.0, "AVG_SIZE87": 294.0, "CROP_ACR87": 72388.0, "AVG_SALE87": 48011.0, "Shape_Leng": 1.6014926317746201, "Shape_Area": 0.11493959554006, "Datacenter": null, "GDP_Change": -8.0, "HP_Change": null, "Talent-Bachelor": null, "Talent-Master": null, "Talent-Doctor": null, "NetADD": null, "NewDatacenter2023": null, "NewDatacenter2024": null, "NewDatacenter2025": null, "NewDatacenter2022": null, "NewDatacenter2021": null, "1_DC": 0, "1_TT": -0.1119605, "1_TPM": -0.0007872, "1_GDP": -0.2073739, "1_TA": 0.6628962, "1_WI": -0.4878197, "1_SO": -0.3707, "1_ST": -0.3565562, "1_LP": 1.014319, "1_PF": 0.069318, "1_CP": -0.1614918, "1_T": 0.3102701, "1_NR": -0.456738, "1_GW": -0.1491237, "1_SW": -0.220112, "1_RW": -0.1722456, "1_EG": -0.5380116, "1_OF": -0.2388944 }, "geometry": { "type": "MultiPolygon", "coordinates": [ [ [ [ -95.861754782171033, 30.867813214638101 ], [ -95.908608184126479, 30.869098753973155 ], [ -96.034412527689256, 30.84760728546431 ], [ -96.173110749675971, 30.833739367212935 ], [ -96.205056100823981, 30.902976035314261 ], [ -96.205742923775574, 30.945522022565289 ], [ -96.23641389487284, 30.963028969093177 ], [ -96.24251761839156, 30.981066201837642 ], [ -96.176483710552361, 31.000295791572462 ], [ -96.061560552419792, 31.068966527484559 ], [ -96.012494870088233, 31.077728833714001 ], [ -95.977376077821191, 31.096119038168585 ], [ -95.766867275762422, 31.103382255980772 ], [ -95.757833566219801, 31.09206623629963 ], [ -95.726147840160024, 31.084450167291966 ], [ -95.678348639923115, 31.078485593163748 ], [ -95.655673733727497, 31.082629970567602 ], [ -95.647219730336303, 31.060808368430216 ], [ -95.631975803448597, 31.056093351575839 ], [ -95.626413524193367, 31.040327468186341 ], [ -95.645609469959197, 31.04108295827713 ], [ -95.663714183138495, 31.032191270297204 ], [ -95.661417324028776, 31.015181868419528 ], [ -95.675524049357136, 30.991039353243412 ], [ -95.643159636880853, 30.937180642139548 ], [ -95.627885293668271, 30.933377323863635 ], [ -95.620248152953081, 30.916610170930987 ], [ -95.639062641712542, 30.904088940094276 ], [ -95.733493518820751, 30.914169997552992 ], [ -95.805867927630686, 30.876230123930725 ], [ -95.861754782171033, 30.867813214638101 ] ] ] ] } },
{ "type": "Feature", "properties": { "fid": 167, "OBJECTID": 2726.0, "NAME": "Schleicher", "STATE_NAME": "Texas", "STATE_FIPS": "48", "CNTY_FIPS": "413", "FIPS": "48413", "AREA": 1341.5485, "POP1990": 2990.0, "POP1999": 2959.0, "POP90_SQMI": 2.0, "HOUSEHOLDS": 1051.0, "MALES": 1446.0, "FEMALES": 1544.0, "WHITE": 2078.0, "BLACK": 27.0, "AMERI_ES": 3.0, "ASIAN_PI": 1.0, "OTHER": 881.0, "HISPANIC": 1062.0, "AGE_UNDER5": 237.0, "AGE_5_17": 736.0, "AGE_18_29": 369.0, "AGE_30_49": 775.0, "AGE_50_64": 412.0, "AGE_65_UP": 461.0, "NEVERMARRY": 337.0, "MARRIED": 1511.0, "SEPARATED": 24.0, "WIDOWED": 190.0, "DIVORCED": 107.0, "HSEHLD_1_M": 85.0, "HSEHLD_1_F": 141.0, "MARHH_CHD": 391.0, "MARHH_NO_C": 338.0, "MHH_CHILD": 11.0, "FHH_CHILD": 48.0, "HSE_UNITS": 1288.0, "VACANT": 237.0, "OWNER_OCC": 752.0, "RENTER_OCC": 299.0, "MEDIAN_VAL": 33300.0, "MEDIANRENT": 181, "UNITS_1DET": 975.0, "UNITS_1ATT": 8.0, "UNITS2": 34.0, "UNITS3_9": 63.0, "UNITS10_49": 2.0, "UNITS50_UP": 0.0, "MOBILEHOME": 198.0, "NO_FARMS87": 252.0, "AVG_SIZE87": 3018.0, "CROP_ACR87": 39262.0, "AVG_SALE87": 60285.0, "Shape_Leng": 2.466249851627579, "Shape_Area": 0.32808800215574102, "Datacenter": null, "GDP_Change": 11.4, "HP_Change": null, "Talent-Bachelor": null, "Talent-Master": null, "Talent-Doctor": null, "NetADD": null, "NewDatacenter2023": null, "NewDatacenter2024": null, "NewDatacenter2025": null, "NewDatacenter2022": null, "NewDatacenter2021": null, "1_DC": 0, "1_TT": -0.1119605, "1_TPM": -0.0007872, "1_GDP": -0.2185887, "1_TA": -1.040584, "1_WI": 0.4506464, "1_SO": -0.3707, "1_ST": -0.3565562, "1_LP": -0.7482793, "1_PF": 0.069318, "1_CP": -0.1614918, "1_T": -0.1629801, "1_NR": -1.474364, "1_GW": -0.2289395, "1_SW": -0.220112, "1_RW": -0.1722456, "1_EG": -0.3521439, "1_OF": -1.448426 }, "geometry": { "type": "MultiPolygon", "coordinates": [ [ [ [ -100.957739825911631, 30.699649848188958 ], [ -100.961758303407066, 31.085265772159136 ], [ -100.686154268888856, 31.085940348105172 ], [ -100.114119878087251, 31.088452946203756 ], [ -100.117851189728015, 30.711507324343657 ], [ -100.117294158926768, 30.695966908850302 ], [ -100.957739825911631, 30.699649848188958 ] ] ] ] } },
{ "type": "Feature", "properties": { "fid": 168, "OBJECTID": 2727.0, "NAME": "Menard", "STATE_NAME": "Texas", "STATE_FIPS": "48", "CNTY_FIPS": "327", "FIPS": "48327", "AREA": 898.994, "POP1990": 2252.0, "POP1999": 2334.0, "POP90_SQMI": 3.0, "HOUSEHOLDS": 937.0, "MALES": 1114.0, "FEMALES": 1138.0, "WHITE": 2076.0, "BLACK": 7.0, "AMERI_ES": 5.0, "ASIAN_PI": 0.0, "OTHER": 164.0, "HISPANIC": 726.0, "AGE_UNDER5": 155.0, "AGE_5_17": 394.0, "AGE_18_29": 257.0, "AGE_30_49": 546.0, "AGE_50_64": 366.0, "AGE_65_UP": 534.0, "NEVERMARRY": 270.0, "MARRIED": 1108.0, "SEPARATED": 24.0, "WIDOWED": 238.0, "DIVORCED": 143.0, "HSEHLD_1_M": 113.0, "HSEHLD_1_F": 176.0, "MARHH_CHD": 231.0, "MARHH_NO_C": 295.0, "MHH_CHILD": 16.0, "FHH_CHILD": 33.0, "HSE_UNITS": 1562.0, "VACANT": 625.0, "OWNER_OCC": 690.0, "RENTER_OCC": 247.0, "MEDIAN_VAL": 25700.0, "MEDIANRENT": 163, "UNITS_1DET": 1236.0, "UNITS_1ATT": 30.0, "UNITS2": 4.0, "UNITS3_9": 3.0, "UNITS10_49": 14.0, "UNITS50_UP": 0.0, "MOBILEHOME": 253.0, "NO_FARMS87": 261.0, "AVG_SIZE87": 1922.0, "CROP_ACR87": 19467.0, "AVG_SALE87": 71347.0, "Shape_Leng": 2.0159698597754661, "Shape_Area": 0.219748191077349, "Datacenter": null, "GDP_Change": -9.4, "HP_Change": null, "Talent-Bachelor": null, "Talent-Master": null, "Talent-Doctor": null, "NetADD": null, "NewDatacenter2023": null, "NewDatacenter2024": null, "NewDatacenter2025": null, "NewDatacenter2022": null, "NewDatacenter2021": null, "1_DC": 0, "1_TT": -0.1119605, "1_TPM": -0.0007872, "1_GDP": -0.2211663, "1_TA": -0.8340354, "1_WI": -0.4878197, "1_SO": -0.3427496, "1_ST": -0.3565562, "1_LP": -0.1255651, "1_PF": 0.069318, "1_CP": -0.1614918, "1_T": -0.1629801, "1_NR": -1.497232, "1_GW": -0.2445947, "1_SW": -0.2159729, "1_RW": -0.1722456, "1_EG": -0.5344607, "1_OF": -0.3340262 }, "geometry": { "type": "MultiPolygon", "coordinates": [ [ [ [ -99.483546484636292, 30.71767504288729 ], [ -100.117851189728015, 30.711507324343657 ], [ -100.114119878087251, 31.088452946203756 ], [ -99.600837032140021, 31.087795247840255 ], [ -99.601012992365611, 30.943446850579594 ], [ -99.478390258446268, 30.94202411873011 ], [ -99.483546484636292, 30.71767504288729 ] ] ] ] } },
{ "type": "Feature", "properties": { "fid": 169, "OBJECTID": 2728.0, "NAME": "Crockett", "STATE_NAME": "Texas", "STATE_FIPS": "48", "CNTY_FIPS": "105", "FIPS": "48105", "AREA": 2836.1139, "POP1990": 4078.0, "POP1999": 4652.0, "POP90_SQMI": 1.0, "HOUSEHOLDS": 1449.0, "MALES": 2065.0, "FEMALES": 2013.0, "WHITE": 4018.0, "BLACK": 39.0, "AMERI_ES": 9.0, "ASIAN_PI": 4.0, "OTHER": 8.0, "HISPANIC": 2021.0, "AGE_UNDER5": 341.0, "AGE_5_17": 915.0, "AGE_18_29": 574.0, "AGE_30_49": 1176.0, "AGE_50_64": 593.0, "AGE_65_UP": 479.0, "NEVERMARRY": 526.0, "MARRIED": 1970.0, "SEPARATED": 78.0, "WIDOWED": 276.0, "DIVORCED": 182.0, "HSEHLD_1_M": 150.0, "HSEHLD_1_F": 179.0, "MARHH_CHD": 511.0, "MARHH_NO_C": 411.0, "MHH_CHILD": 29.0, "FHH_CHILD": 91.0, "HSE_UNITS": 1897.0, "VACANT": 448.0, "OWNER_OCC": 974.0, "RENTER_OCC": 475.0, "MEDIAN_VAL": 43100.0, "MEDIANRENT": 174, "UNITS_1DET": 1477.0, "UNITS_1ATT": 14.0, "UNITS2": 10.0, "UNITS3_9": 46.0, "UNITS10_49": 45.0, "UNITS50_UP": 0.0, "MOBILEHOME": 289.0, "NO_FARMS87": 163.0, "AVG_SIZE87": 11378.0, "CROP_ACR87": 3209.0, "AVG_SALE87": 101034.0, "Shape_Leng": 4.562932601094098, "Shape_Area": 0.69196098641572701, "Datacenter": null, "GDP_Change": 0.1, "HP_Change": -25.0, "Talent-Bachelor": null, "Talent-Master": null, "Talent-Doctor": null, "NetADD": null, "NewDatacenter2023": null, "NewDatacenter2024": null, "NewDatacenter2025": null, "NewDatacenter2022": null, "NewDatacenter2021": null, "1_DC": 0, "1_TT": -0.1119605, "1_TPM": -0.0007872, "1_GDP": -0.2064222, "1_TA": -1.053034, "1_WI": 2.184202, "1_SO": -0.3707, "1_ST": -0.3565562, "1_LP": -0.7482793, "1_PF": 0.069318, "1_CP": -0.1614918, "1_T": 0.2106385, "1_NR": -1.406799, "1_GW": -0.2071616, "1_SW": -0.220112, "1_RW": -0.1722456, "1_EG": 0.3555829, "1_OF": -1.448426 }, "geometry": { "type": "MultiPolygon", "coordinates": [ [ [ [ -100.954001357523339, 30.287644558165372 ], [ -101.75059181721457, 30.286075145666274 ], [ -101.737530016447465, 30.318767697625351 ], [ -101.705768029167075, 30.343970517412362 ], [ -101.651346062211132, 30.348920184538922 ], [ -101.653627329059987, 30.357119524228686 ], [ -101.69171437294068, 30.381244354884682 ], [ -101.692149304107318, 30.402279622829074 ], [ -101.734928564693519, 30.421283385470829 ], [ -101.714252377266121, 30.445851042260259 ], [ -101.726810757764383, 30.463493194908629 ], [ -101.718425824878921, 30.468198481890457 ], [ -101.693858455424504, 30.459430929106386 ], [ -101.685984755702691, 30.488821998580839 ], [ -101.669306445448399, 30.503256344614567 ], [ -101.673907117242607, 30.520564878115149 ], [ -101.649393193370543, 30.541512723535931 ], [ -101.642412123453084, 30.564024417017563 ], [ -101.654589005751859, 30.588534781468269 ], [ -101.64951535540888, 30.626562191749709 ], [ -101.688220365682071, 30.648838849985669 ], [ -101.746212995856979, 30.652507878231955 ], [ -101.758695026874761, 30.66465326927716 ], [ -101.803129801597208, 30.703711765195379 ], [ -101.806524959598789, 30.737027983144639 ], [ -101.824126455062697, 30.762795103312115 ], [ -101.83755474224381, 30.839361195929499 ], [ -101.850372542659272, 30.864283563585687 ], [ -101.874703398300312, 30.879869550638375 ], [ -101.870789529618946, 30.91832250245923 ], [ -101.898149334025788, 30.925625064510001 ], [ -101.927096187076074, 30.954829006806197 ], [ -101.943156532612932, 30.957289140237531 ], [ -101.972553542449191, 30.981902212378614 ], [ -102.058401367102419, 31.000903496439886 ], [ -102.078390667058841, 30.989564505919134 ], [ -102.110991629103808, 30.991688916549979 ], [ -102.120299684088025, 31.000651141049797 ], [ -102.167396794300089, 31.005680202417622 ], [ -102.178299498206059, 31.014148450730005 ], [ -102.189232468100442, 31.003881423339031 ], [ -102.201668960894722, 31.029679272666517 ], [ -102.249018044737511, 31.042894448637107 ], [ -102.295383156881712, 31.039659387504372 ], [ -102.301578560563769, 31.050956232418656 ], [ -102.31658603382192, 31.052928279619714 ], [ -102.322285515341036, 31.065600291286355 ], [ -102.388052926723844, 31.086137651264202 ], [ -102.303135493947764, 31.08701546703325 ], [ -101.773191502080294, 31.088061323559224 ], [ -101.276911587330915, 31.086652920283644 ], [ -100.961758303407066, 31.085265772159136 ], [ -100.957739825911631, 30.699649848188958 ], [ -100.954001357523339, 30.287644558165372 ] ] ] ] } },
{ "type": "Feature", "properties": { "fid": 170, "OBJECTID": 2735.0, "NAME": "Tyler", "STATE_NAME": "Texas", "STATE_FIPS": "48", "CNTY_FIPS": "457", "FIPS": "48457", "AREA": 949.9731, "POP1990": 16646.0, "POP1999": 20580.0, "POP90_SQMI": 18.0, "HOUSEHOLDS": 6459.0, "MALES": 8090.0, "FEMALES": 8556.0, "WHITE": 14550.0, "BLACK": 1994.0, "AMERI_ES": 46.0, "ASIAN_PI": 12.0, "OTHER": 44.0, "HISPANIC": 177.0, "AGE_UNDER5": 977.0, "AGE_5_17": 3176.0, "AGE_18_29": 2142.0, "AGE_30_49": 4027.0, "AGE_50_64": 2961.0, "AGE_65_UP": 3363.0, "NEVERMARRY": 2018.0, "MARRIED": 8639.0, "SEPARATED": 303.0, "WIDOWED": 1359.0, "DIVORCED": 915.0, "HSEHLD_1_M": 558.0, "HSEHLD_1_F": 927.0, "MARHH_CHD": 1669.0, "MARHH_NO_C": 2475.0, "MHH_CHILD": 86.0, "FHH_CHILD": 372.0, "HSE_UNITS": 9047.0, "VACANT": 2588.0, "OWNER_OCC": 5362.0, "RENTER_OCC": 1097.0, "MEDIAN_VAL": 37900.0, "MEDIANRENT": 210, "UNITS_1DET": 6853.0, "UNITS_1ATT": 59.0, "UNITS2": 59.0, "UNITS3_9": 70.0, "UNITS10_49": 65.0, "UNITS50_UP": 0.0, "MOBILEHOME": 1838.0, "NO_FARMS87": 500.0, "AVG_SIZE87": 193.0, "CROP_ACR87": 27019.0, "AVG_SALE87": 6825.0, "Shape_Leng": 2.1162793253631849, "Shape_Area": 0.231970138276443, "Datacenter": null, "GDP_Change": 3.3, "HP_Change": null, "Talent-Bachelor": null, "Talent-Master": null, "Talent-Doctor": null, "NetADD": null, "NewDatacenter2023": null, "NewDatacenter2024": null, "NewDatacenter2025": null, "NewDatacenter2022": null, "NewDatacenter2021": null, "1_DC": 0, "1_TT": -0.1119605, "1_TPM": -0.0007872, "1_GDP": -0.2085601, "1_TA": -0.5602095, "1_WI": -0.4878197, "1_SO": -0.3707, "1_ST": -0.3565562, "1_LP": -0.1340086, "1_PF": 0.069318, "1_CP": -0.1614918, "1_T": 0.1608227, "1_NR": 0.3966542, "1_GW": -0.106191, "1_SW": -0.220112, "1_RW": -0.1722456, "1_EG": -0.5380116, "1_OF": -1.329512 }, "geometry": { "type": "MultiPolygon", "coordinates": [ [ [ [ -94.063606791449786, 30.523023645528593 ], [ -94.548058135499275, 30.525630737165212 ], [ -94.657462272737575, 31.014369329813192 ], [ -94.577718423735348, 31.064028868000886 ], [ -94.528423876744966, 31.05749110533035 ], [ -94.495616707153431, 31.044432113366515 ], [ -94.483127000433626, 31.031456846558331 ], [ -94.444170460251655, 31.038207187606638 ], [ -94.445825891449999, 31.014037836422258 ], [ -94.438898177635735, 31.005912804266689 ], [ -94.422479381955895, 31.011493746404494 ], [ -94.409631305976063, 31.027320663808144 ], [ -94.395966716453245, 31.023885758243061 ], [ -94.33898154285373, 31.036093052704494 ], [ -94.315863833106789, 31.022555301470049 ], [ -94.292807398127081, 31.038759917189665 ], [ -94.272306575426114, 31.018483685776808 ], [ -94.264654134081695, 31.020835459109982 ], [ -94.238026672488274, 31.004350922665203 ], [ -94.230373987695714, 30.991596858754267 ], [ -94.243237461596266, 30.983570905518359 ], [ -94.237125958796469, 30.971812430943878 ], [ -94.241688325922667, 30.960149288233421 ], [ -94.222827597883224, 30.939943422109451 ], [ -94.203890795965549, 30.935751230354004 ], [ -94.197756434009477, 30.924444777302195 ], [ -94.212084610500767, 30.903222226380684 ], [ -94.201158846498402, 30.891664019118302 ], [ -94.192269678747778, 30.836722375368183 ], [ -94.170898730110196, 30.799886729011629 ], [ -94.129378146915997, 30.769299396883081 ], [ -94.123846375639573, 30.742446413996262 ], [ -94.129758677900213, 30.704751944195166 ], [ -94.114918721033746, 30.681520711989357 ], [ -94.090359060026913, 30.682497243839023 ], [ -94.078883692196257, 30.657148857482944 ], [ -94.064364593716505, 30.659119108344207 ], [ -94.051638133931476, 30.643774637316941 ], [ -94.050516327276114, 30.62997320855964 ], [ -94.073839665682101, 30.609242510678232 ], [ -94.083139577738734, 30.57630108767323 ], [ -94.083833573387949, 30.559388821764376 ], [ -94.067612671783991, 30.541107034159822 ], [ -94.063606791449786, 30.523023645528593 ] ] ] ] } },
{ "type": "Feature", "properties": { "fid": 171, "OBJECTID": 2736.0, "NAME": "Walker", "STATE_NAME": "Texas", "STATE_FIPS": "48", "CNTY_FIPS": "471", "FIPS": "48471", "AREA": 784.2487, "POP1990": 50917.0, "POP1999": 55293.0, "POP90_SQMI": 65.0, "HOUSEHOLDS": 14918.0, "MALES": 30368.0, "FEMALES": 20549.0, "WHITE": 34946.0, "BLACK": 12334.0, "AMERI_ES": 187.0, "ASIAN_PI": 323.0, "OTHER": 3127.0, "HISPANIC": 5493.0, "AGE_UNDER5": 2714.0, "AGE_5_17": 6972.0, "AGE_18_29": 15429.0, "AGE_30_49": 15955.0, "AGE_50_64": 5352.0, "AGE_65_UP": 4495.0, "NEVERMARRY": 15435.0, "MARRIED": 18718.0, "SEPARATED": 1672.0, "WIDOWED": 2335.0, "DIVORCED": 4736.0, "HSEHLD_1_M": 1856.0, "HSEHLD_1_F": 2126.0, "MARHH_CHD": 3666.0, "MARHH_NO_C": 3867.0, "MHH_CHILD": 217.0, "FHH_CHILD": 1071.0, "HSE_UNITS": 18349.0, "VACANT": 3431.0, "OWNER_OCC": 8561.0, "RENTER_OCC": 6357.0, "MEDIAN_VAL": 60300.0, "MEDIANRENT": 323, "UNITS_1DET": 9388.0, "UNITS_1ATT": 381.0, "UNITS2": 568.0, "UNITS3_9": 1434.0, "UNITS10_49": 1577.0, "UNITS50_UP": 722.0, "MOBILEHOME": 3982.0, "NO_FARMS87": 747.0, "AVG_SIZE87": 361.0, "CROP_ACR87": 56318.0, "AVG_SALE87": 11349.0, "Shape_Leng": 1.8919601009504661, "Shape_Area": 0.191362975616581, "Datacenter": null, "GDP_Change": 3.9, "HP_Change": null, "Talent-Bachelor": null, "Talent-Master": null, "Talent-Doctor": null, "NetADD": null, "NewDatacenter2023": null, "NewDatacenter2024": null, "NewDatacenter2025": null, "NewDatacenter2022": null, "NewDatacenter2021": null, "1_DC": 0, "1_TT": -0.1119605, "1_TPM": -0.0007872, "1_GDP": -0.15855, "1_TA": 0.3570709, "1_WI": -0.4878197, "1_SO": -0.3707, "1_ST": -0.3565562, "1_LP": 1.668696, "1_PF": 0.069318, "1_CP": -0.1614918, "1_T": 0.3600859, "1_NR": 0.8155544, "1_GW": -0.0999949, "1_SW": -0.0623257, "1_RW": -0.1722456, "1_EG": -0.5380116, "1_OF": 0.1178495 }, "geometry": { "type": "MultiPolygon", "coordinates": [ [ [ [ -95.827330150180615, 30.634121701033717 ], [ -95.861754782171033, 30.867813214638101 ], [ -95.805867927630686, 30.876230123930725 ], [ -95.733493518820751, 30.914169997552992 ], [ -95.639062641712542, 30.904088940094276 ], [ -95.620248152953081, 30.916610170930987 ], [ -95.627885293668271, 30.933377323863635 ], [ -95.440420848950907, 31.059820960883261 ], [ -95.439405247797936, 30.944531717115549 ], [ -95.421994749552539, 30.931462901415379 ], [ -95.419042212899399, 30.908012671361419 ], [ -95.392110121807661, 30.893631619846825 ], [ -95.401387610984159, 30.889899046040068 ], [ -95.406758854333475, 30.870452239978899 ], [ -95.373677392942511, 30.861297171436995 ], [ -95.355221612999969, 30.86692940345992 ], [ -95.3471266587988, 30.878026058988805 ], [ -95.328838786553263, 30.871308532880011 ], [ -95.35955560734169, 30.519307421342873 ], [ -95.597848303887702, 30.521763536040744 ], [ -95.827330150180615, 30.634121701033717 ] ] ] ] } },
{ "type": "Feature", "properties": { "fid": 172, "OBJECTID": 2737.0, "NAME": "Burnet", "STATE_NAME": "Texas", "STATE_FIPS": "48", "CNTY_FIPS": "053", "FIPS": "48053", "AREA": 1005.1774, "POP1990": 22677.0, "POP1999": 33576.0, "POP90_SQMI": 23.0, "HOUSEHOLDS": 9055.0, "MALES": 10941.0, "FEMALES": 11736.0, "WHITE": 20793.0, "BLACK": 269.0, "AMERI_ES": 109.0, "ASIAN_PI": 59.0, "OTHER": 1447.0, "HISPANIC": 2440.0, "AGE_UNDER5": 1452.0, "AGE_5_17": 4124.0, "AGE_18_29": 2793.0, "AGE_30_49": 5489.0, "AGE_50_64": 3721.0, "AGE_65_UP": 5098.0, "NEVERMARRY": 2474.0, "MARRIED": 11916.0, "SEPARATED": 345.0, "WIDOWED": 1811.0, "DIVORCED": 1473.0, "HSEHLD_1_M": 763.0, "HSEHLD_1_F": 1401.0, "MARHH_CHD": 2234.0, "MARHH_NO_C": 3528.0, "MHH_CHILD": 118.0, "FHH_CHILD": 492.0, "HSE_UNITS": 12801.0, "VACANT": 3746.0, "OWNER_OCC": 6853.0, "RENTER_OCC": 2202.0, "MEDIAN_VAL": 58400.0, "MEDIANRENT": 246, "UNITS_1DET": 9159.0, "UNITS_1ATT": 274.0, "UNITS2": 228.0, "UNITS3_9": 497.0, "UNITS10_49": 182.0, "UNITS50_UP": 61.0, "MOBILEHOME": 2277.0, "NO_FARMS87": 889.0, "AVG_SIZE87": 573.0, "CROP_ACR87": 82287.0, "AVG_SALE87": 13294.0, "Shape_Leng": 2.3208806739641732, "Shape_Area": 0.245278492519862, "Datacenter": null, "GDP_Change": 0.5, "HP_Change": null, "Talent-Bachelor": null, "Talent-Master": null, "Talent-Doctor": null, "NetADD": -20, "NewDatacenter2023": null, "NewDatacenter2024": null, "NewDatacenter2025": null, "NewDatacenter2022": null, "NewDatacenter2021": null, "1_DC": 0, "1_TT": -0.1119605, "1_TPM": -0.033299, "1_GDP": -0.1670681, "1_TA": -0.1346941, "1_WI": -0.4878197, "1_SO": -0.3707, "1_ST": -0.3565562, "1_LP": 1.457607, "1_PF": 0.069318, "1_CP": -0.1614918, "1_T": 0.335178, "1_NR": 0.9070265, "1_GW": -0.1062277, "1_SW": -0.1660201, "1_RW": -0.1722456, "1_EG": -0.5271003, "1_OF": -1.434836 }, "geometry": { "type": "MultiPolygon", "coordinates": [ [ [ [ -98.348476398111131, 30.49804054207684 ], [ -98.349240582442235, 30.565275577673663 ], [ -98.359128789591978, 30.575027400403837 ], [ -98.381025779642471, 30.568491098012888 ], [ -98.402114258891743, 30.575656615863295 ], [ -98.414605060035171, 30.643507631477984 ], [ -98.435457150180355, 30.664378773053574 ], [ -98.42726311156116, 30.676148562455118 ], [ -98.402169378646533, 30.6817312524324 ], [ -98.40735043751414, 30.716092574556914 ], [ -98.385415422820756, 30.72263270205611 ], [ -98.371667265272265, 30.745285396100201 ], [ -98.420863126847507, 30.759711809550307 ], [ -98.430240035950533, 30.769902373695576 ], [ -98.423251747523864, 30.801340157157451 ], [ -98.379534624564997, 30.831330568386438 ], [ -98.381014849070652, 30.837292730982632 ], [ -98.417118123745638, 30.843298519566357 ], [ -98.422031858241724, 30.864391129108196 ], [ -98.459577207988218, 30.879086453388087 ], [ -98.442258609071985, 30.920884677971497 ], [ -98.414326897975229, 30.931910927168062 ], [ -98.412556955554351, 30.940568102888932 ], [ -98.449079881484408, 30.954792276564234 ], [ -98.442106848628214, 30.984849203405442 ], [ -98.457488481228722, 31.017501934241274 ], [ -98.436934647887085, 31.031833623436089 ], [ -97.912950886895317, 31.042867955324123 ], [ -97.833006024087581, 30.917051095147414 ], [ -97.969092846912247, 30.782969733622483 ], [ -98.046065189066894, 30.635775166245029 ], [ -98.124616493162478, 30.499948049363883 ], [ -98.110341600762979, 30.49787504150985 ], [ -98.099461673555481, 30.486710010877744 ], [ -98.126538023039757, 30.439147954040113 ], [ -98.348476398111131, 30.49804054207684 ] ] ] ] } },
{ "type": "Feature", "properties": { "fid": 173, "OBJECTID": 2751.0, "NAME": "Brazos", "STATE_NAME": "Texas", "STATE_FIPS": "48", "CNTY_FIPS": "041", "FIPS": "48041", "AREA": 596.7444, "POP1990": 121862.0, "POP1999": 134353.0, "POP90_SQMI": 204.0, "HOUSEHOLDS": 43725.0, "MALES": 62685.0, "FEMALES": 59177.0, "WHITE": 94866.0, "BLACK": 13672.0, "AMERI_ES": 274.0, "ASIAN_PI": 4313.0, "OTHER": 8737.0, "HISPANIC": 16713.0, "AGE_UNDER5": 8253.0, "AGE_5_17": 17920.0, "AGE_18_29": 50664.0, "AGE_30_49": 27697.0, "AGE_50_64": 9214.0, "AGE_65_UP": 8114.0, "NEVERMARRY": 46529.0, "MARRIED": 41358.0, "SEPARATED": 1604.0, "WIDOWED": 4046.0, "DIVORCED": 5722.0, "HSEHLD_1_M": 5697.0, "HSEHLD_1_F": 5315.0, "MARHH_CHD": 10305.0, "MARHH_NO_C": 9225.0, "MHH_CHILD": 492.0, "FHH_CHILD": 2697.0, "HSE_UNITS": 48799.0, "VACANT": 5074.0, "OWNER_OCC": 18308.0, "RENTER_OCC": 25417.0, "MEDIAN_VAL": 66600.0, "MEDIANRENT": 336, "UNITS_1DET": 21947.0, "UNITS_1ATT": 2055.0, "UNITS2": 2919.0, "UNITS3_9": 8756.0, "UNITS10_49": 6690.0, "UNITS50_UP": 2015.0, "MOBILEHOME": 3956.0, "NO_FARMS87": 971.0, "AVG_SIZE87": 280.0, "CROP_ACR87": 109011.0, "AVG_SALE87": 36154.0, "Shape_Leng": 2.05961773248865, "Shape_Area": 0.14546702496866201, "Datacenter": 1, "GDP_Change": 3.2, "HP_Change": null, "Talent-Bachelor": null, "Talent-Master": null, "Talent-Doctor": null, "NetADD": 115, "NewDatacenter2023": null, "NewDatacenter2024": null, "NewDatacenter2025": null, "NewDatacenter2022": null, "NewDatacenter2021": null, "1_DC": 1, "1_TT": -0.1119605, "1_TPM": 0.1861557, "1_GDP": 0.0970301, "1_TA": 1.356611, "1_WI": -0.4878197, "1_SO": -0.3707, "1_ST": -0.3565562, "1_LP": 1.014319, "1_PF": 0.069318, "1_CP": -0.1614918, "1_T": 0.609165, "1_NR": 1.290585, "1_GW": -0.1702417, "1_SW": -0.220112, "1_RW": -0.1722456, "1_EG": -0.4695105, "1_OF": 0.1925959 }, "geometry": { "type": "MultiPolygon", "coordinates": [ [ [ [ -96.142776485581408, 30.33713427341883 ], [ -96.149726762778641, 30.380868253637615 ], [ -96.182121791829218, 30.402140325435855 ], [ -96.191078900241791, 30.403364847024328 ], [ -96.19855595286873, 30.390807353332548 ], [ -96.222932496700025, 30.379287511331146 ], [ -96.25934851583105, 30.370920450751637 ], [ -96.297732907317027, 30.389156091982347 ], [ -96.290370209146772, 30.411337742231929 ], [ -96.274203063421851, 30.417198754745154 ], [ -96.2823436505372, 30.448138692901615 ], [ -96.319919298037917, 30.461758744371355 ], [ -96.333560903924877, 30.476858751593664 ], [ -96.335193561821825, 30.487896198091025 ], [ -96.316424824517924, 30.480406219214586 ], [ -96.360401629403327, 30.517562145201865 ], [ -96.353618921522127, 30.538843526792352 ], [ -96.363751009562066, 30.549703616163832 ], [ -96.372746291753629, 30.550457031873524 ], [ -96.373127773411738, 30.541775102553313 ], [ -96.384595040504678, 30.546728356476144 ], [ -96.394353282926943, 30.542015516218292 ], [ -96.414396201913235, 30.557310070920046 ], [ -96.425008945016316, 30.593800163406453 ], [ -96.435156298914592, 30.580403487228679 ], [ -96.462149765502886, 30.607349629909322 ], [ -96.483154013725652, 30.613054389981961 ], [ -96.482566530555175, 30.626760085842463 ], [ -96.498252961582523, 30.620395568027195 ], [ -96.516770224107745, 30.634705832082691 ], [ -96.59505100457875, 30.644009245583963 ], [ -96.572306761253969, 30.704599463322452 ], [ -96.45590871558727, 30.75123846967945 ], [ -96.411710644958021, 30.848591913594621 ], [ -96.359791505497981, 30.9131992422836 ], [ -96.24251761839156, 30.981066201837642 ], [ -96.23641389487284, 30.963028969093177 ], [ -96.205742923775574, 30.945522022565289 ], [ -96.205056100823981, 30.902976035314261 ], [ -96.173110749675971, 30.833739367212935 ], [ -96.176269263413928, 30.800462797094653 ], [ -96.163146165953037, 30.739631578359901 ], [ -96.175834318164391, 30.616552923256197 ], [ -96.118628184622992, 30.455759368971403 ], [ -96.078908712749694, 30.443365652044573 ], [ -96.076383409019115, 30.429545481822348 ], [ -96.100447100507893, 30.4253648487839 ], [ -96.11299792373012, 30.395597985193465 ], [ -96.138717240753238, 30.389637870574305 ], [ -96.134986647511539, 30.345100941770564 ], [ -96.142776485581408, 30.33713427341883 ] ] ] ] } },
{ "type": "Feature", "properties": { "fid": 174, "OBJECTID": 2752.0, "NAME": "Mason", "STATE_NAME": "Texas", "STATE_FIPS": "48", "CNTY_FIPS": "319", "FIPS": "48319", "AREA": 919.607, "POP1990": 3423.0, "POP1999": 3732.0, "POP90_SQMI": 4.0, "HOUSEHOLDS": 1435.0, "MALES": 1631.0, "FEMALES": 1792.0, "WHITE": 3084.0, "BLACK": 6.0, "AMERI_ES": 13.0, "ASIAN_PI": 4.0, "OTHER": 316.0, "HISPANIC": 671.0, "AGE_UNDER5": 203.0, "AGE_5_17": 602.0, "AGE_18_29": 392.0, "AGE_30_49": 816.0, "AGE_50_64": 571.0, "AGE_65_UP": 839.0, "NEVERMARRY": 365.0, "MARRIED": 1857.0, "SEPARATED": 35.0, "WIDOWED": 356.0, "DIVORCED": 137.0, "HSEHLD_1_M": 118.0, "HSEHLD_1_F": 294.0, "MARHH_CHD": 364.0, "MARHH_NO_C": 532.0, "MHH_CHILD": 16.0, "FHH_CHILD": 49.0, "HSE_UNITS": 2356.0, "VACANT": 921.0, "OWNER_OCC": 1110.0, "RENTER_OCC": 325.0, "MEDIAN_VAL": 35200.0, "MEDIANRENT": 134, "UNITS_1DET": 1984.0, "UNITS_1ATT": 29.0, "UNITS2": 37.0, "UNITS3_9": 28.0, "UNITS10_49": 1.0, "UNITS50_UP": 0.0, "MOBILEHOME": 257.0, "NO_FARMS87": 567.0, "AVG_SIZE87": 967.0, "CROP_ACR87": 49990.0, "AVG_SALE87": 41428.0, "Shape_Leng": 1.90832372113935, "Shape_Area": 0.22429620996244001, "Datacenter": null, "GDP_Change": -7.2, "HP_Change": null, "Talent-Bachelor": null, "Talent-Master": null, "Talent-Doctor": null, "NetADD": null, "NewDatacenter2023": null, "NewDatacenter2024": null, "NewDatacenter2025": null, "NewDatacenter2022": null, "NewDatacenter2021": null, "1_DC": 0, "1_TT": -0.1119605, "1_TPM": -0.0007872, "1_GDP": -0.2192604, "1_TA": -0.7179641, "1_WI": -0.4878197, "1_SO": -0.3707, "1_ST": 0.5918205, "1_LP": 1.457607, "1_PF": 0.069318, "1_CP": -0.1614918, "1_T": 0.1857306, "1_NR": -1.238408, "1_GW": -0.2201404, "1_SW": -0.220112, "1_RW": -0.1722456, "1_EG": -0.5380116, "1_OF": -0.048631 }, "geometry": { "type": "MultiPolygon", "coordinates": [ [ [ [ -98.960858033284751, 30.509632601212406 ], [ -99.30773487928775, 30.506867250444159 ], [ -99.485389092958656, 30.5082974311021 ], [ -99.483546484636292, 30.71767504288729 ], [ -99.478390258446268, 30.94202411873011 ], [ -99.089721709184289, 30.940425630500016 ], [ -99.090423803946805, 30.924896454725602 ], [ -98.95877499320369, 30.923738424694481 ], [ -98.960858033284751, 30.509632601212406 ] ] ] ] } },
{ "type": "Feature", "properties": { "fid": 175, "OBJECTID": 2753.0, "NAME": "Llano", "STATE_NAME": "Texas", "STATE_FIPS": "48", "CNTY_FIPS": "299", "FIPS": "48299", "AREA": 945.0487, "POP1990": 11631.0, "POP1999": 13746.0, "POP90_SQMI": 12.0, "HOUSEHOLDS": 5278.0, "MALES": 5496.0, "FEMALES": 6135.0, "WHITE": 11386.0, "BLACK": 22.0, "AMERI_ES": 39.0, "ASIAN_PI": 20.0, "OTHER": 164.0, "HISPANIC": 453.0, "AGE_UNDER5": 520.0, "AGE_5_17": 1382.0, "AGE_18_29": 1000.0, "AGE_30_49": 2260.0, "AGE_50_64": 2504.0, "AGE_65_UP": 3965.0, "NEVERMARRY": 1008.0, "MARRIED": 6945.0, "SEPARATED": 108.0, "WIDOWED": 1291.0, "DIVORCED": 708.0, "HSEHLD_1_M": 495.0, "HSEHLD_1_F": 966.0, "MARHH_CHD": 830.0, "MARHH_NO_C": 2518.0, "MHH_CHILD": 53.0, "FHH_CHILD": 133.0, "HSE_UNITS": 9773.0, "VACANT": 4495.0, "OWNER_OCC": 4188.0, "RENTER_OCC": 1090.0, "MEDIAN_VAL": 66700.0, "MEDIANRENT": 237, "UNITS_1DET": 6828.0, "UNITS_1ATT": 597.0, "UNITS2": 223.0, "UNITS3_9": 351.0, "UNITS10_49": 192.0, "UNITS50_UP": 0.0, "MOBILEHOME": 1531.0, "NO_FARMS87": 530.0, "AVG_SIZE87": 1008.0, "CROP_ACR87": 37031.0, "AVG_SALE87": 20977.0, "Shape_Leng": 2.1930015953834561, "Shape_Area": 0.230424022285973, "Datacenter": null, "GDP_Change": 0.5, "HP_Change": null, "Talent-Bachelor": null, "Talent-Master": null, "Talent-Doctor": null, "NetADD": 848, "NewDatacenter2023": null, "NewDatacenter2024": null, "NewDatacenter2025": null, "NewDatacenter2022": null, "NewDatacenter2021": null, "1_DC": 0, "1_TT": -0.1119605, "1_TPM": 1.377714, "1_GDP": -0.199039, "1_TA": -0.5610844, "1_WI": -0.4878197, "1_SO": -0.3707, "1_ST": -0.3565562, "1_LP": 1.457607, "1_PF": 0.069318, "1_CP": -0.1614918, "1_T": 0.4099017, "1_NR": 0.7032933, "1_GW": -0.2179772, "1_SW": -0.1540534, "1_RW": -0.0445427, "1_EG": 0.3085516, "1_OF": -1.071297 }, "geometry": { "type": "MultiPolygon", "coordinates": [ [ [ [ -98.348476398111131, 30.49804054207684 ], [ -98.390744921077612, 30.505984148623352 ], [ -98.585919797398844, 30.506374395754815 ], [ -98.960858033284751, 30.509632601212406 ], [ -98.95877499320369, 30.923738424694481 ], [ -98.442258609071985, 30.920884677971497 ], [ -98.459577207988218, 30.879086453388087 ], [ -98.422031858241724, 30.864391129108196 ], [ -98.417118123745638, 30.843298519566357 ], [ -98.381014849070652, 30.837292730982632 ], [ -98.379534624564997, 30.831330568386438 ], [ -98.423251747523864, 30.801340157157451 ], [ -98.430240035950533, 30.769902373695576 ], [ -98.420863126847507, 30.759711809550307 ], [ -98.371667265272265, 30.745285396100201 ], [ -98.385415422820756, 30.72263270205611 ], [ -98.40735043751414, 30.716092574556914 ], [ -98.402169378646533, 30.6817312524324 ], [ -98.42726311156116, 30.676148562455118 ], [ -98.435457150180355, 30.664378773053574 ], [ -98.414605060035171, 30.643507631477984 ], [ -98.402114258891743, 30.575656615863295 ], [ -98.381025779642471, 30.568491098012888 ], [ -98.359128789591978, 30.575027400403837 ], [ -98.349240582442235, 30.565275577673663 ], [ -98.348476398111131, 30.49804054207684 ] ] ] ] } },
{ "type": "Feature", "properties": { "fid": 176, "OBJECTID": 2755.0, "NAME": "Williamson", "STATE_NAME": "Texas", "STATE_FIPS": "48", "CNTY_FIPS": "491", "FIPS": "48491", "AREA": 1140.6595, "POP1990": 139551.0, "POP1999": 237189.0, "POP90_SQMI": 122.0, "HOUSEHOLDS": 48792.0, "MALES": 68682.0, "FEMALES": 70869.0, "WHITE": 121914.0, "BLACK": 6861.0, "AMERI_ES": 508.0, "ASIAN_PI": 1846.0, "OTHER": 8422.0, "HISPANIC": 20004.0, "AGE_UNDER5": 12247.0, "AGE_5_17": 30942.0, "AGE_18_29": 26342.0, "AGE_30_49": 46366.0, "AGE_50_64": 13023.0, "AGE_65_UP": 10631.0, "NEVERMARRY": 22389.0, "MARRIED": 64714.0, "SEPARATED": 1908.0, "WIDOWED": 5101.0, "DIVORCED": 8773.0, "HSEHLD_1_M": 4247.0, "HSEHLD_1_F": 5144.0, "MARHH_CHD": 18451.0, "MARHH_NO_C": 12833.0, "MHH_CHILD": 867.0, "FHH_CHILD": 3550.0, "HSE_UNITS": 54466.0, "VACANT": 5674.0, "OWNER_OCC": 31211.0, "RENTER_OCC": 17581.0, "MEDIAN_VAL": 72300.0, "MEDIANRENT": 350, "UNITS_1DET": 38658.0, "UNITS_1ATT": 1783.0, "UNITS2": 2343.0, "UNITS3_9": 3744.0, "UNITS10_49": 3882.0, "UNITS50_UP": 1007.0, "MOBILEHOME": 2619.0, "NO_FARMS87": 1891.0, "AVG_SIZE87": 279.0, "CROP_ACR87": 278058.0, "AVG_SALE87": 24019.0, "Shape_Leng": 2.318310623492815, "Shape_Area": 0.27796527341245503, "Datacenter": 32, "GDP_Change": 6.0, "HP_Change": -5.2, "Talent-Bachelor": null, "Talent-Master": null, "Talent-Doctor": null, "NetADD": 550, "NewDatacenter2023": null, "NewDatacenter2024": 1, "NewDatacenter2025": 1, "NewDatacenter2022": 1, "NewDatacenter2021": 1, "1_DC": 32, "1_TT": -0.1119605, "1_TPM": 0.8932875, "1_GDP": 0.6826394, "1_TA": 1.144987, "1_WI": -0.4878197, "1_SO": -0.3008241, "1_ST": 0.6763293, "1_LP": 1.563151, "1_PF": 3.176397, "1_CP": 4.780545, "1_T": 0.4597175, "1_NR": 1.347755, "1_GW": 0.41703, "1_SW": 1.34949, "1_RW": 0.8078546, "1_EG": -0.5380116, "1_OF": -0.187931 }, "geometry": { "type": "MultiPolygon", "coordinates": [ [ [ [ -97.37431308101452, 30.425611071748563 ], [ -97.398644181029454, 30.444031377149816 ], [ -97.421906964891605, 30.445951818736678 ], [ -97.501843164164939, 30.484390423250748 ], [ -97.537114814167182, 30.475578443129784 ], [ -97.56610009391369, 30.499550689677577 ], [ -97.587684392354959, 30.505058653696423 ], [ -97.680071243112252, 30.483255657293789 ], [ -97.705004568633512, 30.464108289711604 ], [ -97.749363005210228, 30.451298602826903 ], [ -97.765644300714371, 30.437449682765237 ], [ -97.781513836516638, 30.438685377120773 ], [ -97.84681603733128, 30.47474529363252 ], [ -97.868790464892584, 30.547438638624271 ], [ -97.902063530162081, 30.574601485987923 ], [ -97.922137043203463, 30.578638904690315 ], [ -97.928187841505633, 30.61213614384598 ], [ -97.965458671910937, 30.629747353506957 ], [ -97.991803441315483, 30.616968323231927 ], [ -98.009015969443283, 30.63008436903316 ], [ -98.024725013838008, 30.617562955783647 ], [ -98.046065189066894, 30.635775166245029 ], [ -97.969092846912247, 30.782969733622483 ], [ -97.833006024087581, 30.917051095147414 ], [ -97.640578696043576, 30.87884485845133 ], [ -97.316689734207557, 30.76130002107757 ], [ -97.274100646273666, 30.74562817968717 ], [ -97.15644139515382, 30.47235838362991 ], [ -97.155235846319442, 30.461345730614084 ], [ -97.33402846368466, 30.409544463333969 ], [ -97.37431308101452, 30.425611071748563 ] ] ] ] } },
{ "type": "Feature", "properties": { "fid": 177, "OBJECTID": 2756.0, "NAME": "San Jacinto", "STATE_NAME": "Texas", "STATE_FIPS": "48", "CNTY_FIPS": "407", "FIPS": "48407", "AREA": 622.399, "POP1990": 16372.0, "POP1999": 22635.0, "POP90_SQMI": 26.0, "HOUSEHOLDS": 6247.0, "MALES": 8208.0, "FEMALES": 8164.0, "WHITE": 13525.0, "BLACK": 2544.0, "AMERI_ES": 74.0, "ASIAN_PI": 14.0, "OTHER": 215.0, "HISPANIC": 431.0, "AGE_UNDER5": 1029.0, "AGE_5_17": 3269.0, "AGE_18_29": 2195.0, "AGE_30_49": 4264.0, "AGE_50_64": 3054.0, "AGE_65_UP": 2561.0, "NEVERMARRY": 2090.0, "MARRIED": 8309.0, "SEPARATED": 332.0, "WIDOWED": 1089.0, "DIVORCED": 1033.0, "HSEHLD_1_M": 643.0, "HSEHLD_1_F": 709.0, "MARHH_CHD": 1676.0, "MARHH_NO_C": 2302.0, "MHH_CHILD": 134.0, "FHH_CHILD": 378.0, "HSE_UNITS": 9823.0, "VACANT": 3576.0, "OWNER_OCC": 5286.0, "RENTER_OCC": 961.0, "MEDIAN_VAL": 40300.0, "MEDIANRENT": 217, "UNITS_1DET": 6581.0, "UNITS_1ATT": 113.0, "UNITS2": 15.0, "UNITS3_9": 135.0, "UNITS10_49": 33.0, "UNITS50_UP": 0.0, "MOBILEHOME": 2825.0, "NO_FARMS87": 349.0, "AVG_SIZE87": 261.0, "CROP_ACR87": 20252.0, "AVG_SALE87": 9413.0, "Shape_Leng": 1.925925334861764, "Shape_Area": 0.15162960044047299, "Datacenter": null, "GDP_Change": 5.3, "HP_Change": null, "Talent-Bachelor": null, "Talent-Master": null, "Talent-Doctor": null, "NetADD": null, "NewDatacenter2023": null, "NewDatacenter2024": null, "NewDatacenter2025": null, "NewDatacenter2022": null, "NewDatacenter2021": null, "1_DC": 0, "1_TT": -0.1119605, "1_TPM": -0.0007872, "1_GDP": -0.2118117, "1_TA": -0.0110481, "1_WI": -0.4878197, "1_SO": -0.3707, "1_ST": -0.3565562, "1_LP": 1.668696, "1_PF": 0.069318, "1_CP": -0.1614918, "1_T": 0.4846254, "1_NR": 0.3270108, "1_GW": -0.1130837, "1_SW": -0.220112, "1_RW": -0.1722456, "1_EG": -0.5051837, "1_OF": 0.6376765 }, "geometry": { "type": "MultiPolygon", "coordinates": [ [ [ [ -95.162779767450559, 30.353312528415547 ], [ -95.222182982230436, 30.325224614726519 ], [ -95.208190954555391, 30.356219449799461 ], [ -95.246835200534406, 30.384460436739495 ], [ -95.314479139368075, 30.416212302820934 ], [ -95.35955560734169, 30.519307421342873 ], [ -95.328838786553263, 30.871308532880011 ], [ -95.318416862649997, 30.876357142536499 ], [ -95.311222107021138, 30.899383958874612 ], [ -95.258670057065387, 30.904009114007764 ], [ -95.242388762630242, 30.89050165131221 ], [ -95.238482765612389, 30.847785781049019 ], [ -95.196901984814417, 30.829515978245514 ], [ -95.135545757087073, 30.785652213404024 ], [ -95.147951605248579, 30.729452037957298 ], [ -95.132394905054468, 30.704512741191664 ], [ -95.115991423192497, 30.702872576116107 ], [ -95.113717661320379, 30.669817801834643 ], [ -95.057976419036663, 30.685186803272448 ], [ -95.0530324464969, 30.679014920211745 ], [ -95.041611071234172, 30.683081263053175 ], [ -95.039146653191892, 30.671069323821449 ], [ -95.011245365600018, 30.657451587474394 ], [ -95.023864565582585, 30.651155647685986 ], [ -95.012549793135065, 30.627299633936648 ], [ -95.015227630912534, 30.60956587500133 ], [ -95.034781975582518, 30.585269146289729 ], [ -94.965680958591065, 30.576641365571888 ], [ -94.92716671164527, 30.563428372658983 ], [ -94.901531331067247, 30.565452370083559 ], [ -94.840509727132144, 30.547044170895902 ], [ -94.841310695759717, 30.534259636609971 ], [ -94.864290816804726, 30.515184622854573 ], [ -94.863420924552202, 30.503695171303502 ], [ -94.848283620355346, 30.491082368758192 ], [ -95.162779767450559, 30.353312528415547 ] ] ] ] } },
{ "type": "Feature", "properties": { "fid": 178, "OBJECTID": 2759.0, "NAME": "Grimes", "STATE_NAME": "Texas", "STATE_FIPS": "48", "CNTY_FIPS": "185", "FIPS": "48185", "AREA": 809.3941, "POP1990": 18828.0, "POP1999": 23844.0, "POP90_SQMI": 23.0, "HOUSEHOLDS": 6040.0, "MALES": 10277.0, "FEMALES": 8551.0, "WHITE": 12879.0, "BLACK": 4614.0, "AMERI_ES": 52.0, "ASIAN_PI": 30.0, "OTHER": 1253.0, "HISPANIC": 2657.0, "AGE_UNDER5": 1289.0, "AGE_5_17": 3650.0, "AGE_18_29": 3630.0, "AGE_30_49": 5286.0, "AGE_50_64": 2391.0, "AGE_65_UP": 2582.0, "NEVERMARRY": 3656.0, "MARRIED": 7817.0, "SEPARATED": 451.0, "WIDOWED": 1353.0, "DIVORCED": 1380.0, "HSEHLD_1_M": 576.0, "HSEHLD_1_F": 856.0, "MARHH_CHD": 1733.0, "MARHH_NO_C": 1733.0, "MHH_CHILD": 127.0, "FHH_CHILD": 532.0, "HSE_UNITS": 7744.0, "VACANT": 1704.0, "OWNER_OCC": 4472.0, "RENTER_OCC": 1568.0, "MEDIAN_VAL": 39300.0, "MEDIANRENT": 199, "UNITS_1DET": 5361.0, "UNITS_1ATT": 119.0, "UNITS2": 146.0, "UNITS3_9": 182.0, "UNITS10_49": 135.0, "UNITS50_UP": 0.0, "MOBILEHOME": 1696.0, "NO_FARMS87": 1360.0, "AVG_SIZE87": 267.0, "CROP_ACR87": 130392.0, "AVG_SALE87": 19213.0, "Shape_Leng": 1.9963448946738509, "Shape_Area": 0.197089078447829, "Datacenter": null, "GDP_Change": 0.3, "HP_Change": null, "Talent-Bachelor": null, "Talent-Master": null, "Talent-Doctor": null, "NetADD": null, "NewDatacenter2023": null, "NewDatacenter2024": null, "NewDatacenter2025": null, "NewDatacenter2022": null, "NewDatacenter2021": null, "1_DC": 0, "1_TT": -0.1119605, "1_TPM": -0.0007872, "1_GDP": -0.1919598, "1_TA": -0.1035376, "1_WI": -0.4878197, "1_SO": 0.3629971, "1_ST": 1.070704, "1_LP": 1.014319, "1_PF": 0.069318, "1_CP": -0.1614918, "1_T": 0.5842571, "1_NR": 0.2646435, "1_GW": -0.0769704, "1_SW": -0.220112, "1_RW": -0.1722456, "1_EG": 0.3790986, "1_OF": 0.5323521 }, "geometry": { "type": "MultiPolygon", "coordinates": [ [ [ [ -95.806250318423224, 30.246955230735619 ], [ -96.101539312382613, 30.223956229892465 ], [ -96.111472947405332, 30.237589413250149 ], [ -96.086852299970133, 30.24358190077843 ], [ -96.084502102991507, 30.292951794406889 ], [ -96.094786723423681, 30.299268765694009 ], [ -96.096228625626395, 30.313514253713016 ], [ -96.125900021742041, 30.313190180102417 ], [ -96.142776485581408, 30.33713427341883 ], [ -96.134986647511539, 30.345100941770564 ], [ -96.138717240753238, 30.389637870574305 ], [ -96.11299792373012, 30.395597985193465 ], [ -96.100447100507893, 30.4253648487839 ], [ -96.076383409019115, 30.429545481822348 ], [ -96.078908712749694, 30.443365652044573 ], [ -96.118628184622992, 30.455759368971403 ], [ -96.175834318164391, 30.616552923256197 ], [ -96.163146165953037, 30.739631578359901 ], [ -96.176269263413928, 30.800462797094653 ], [ -96.173110749675971, 30.833739367212935 ], [ -96.034412527689256, 30.84760728546431 ], [ -95.908608184126479, 30.869098753973155 ], [ -95.861754782171033, 30.867813214638101 ], [ -95.827330150180615, 30.634121701033717 ], [ -95.801939354759952, 30.352110895243975 ], [ -95.806250318423224, 30.246955230735619 ] ] ] ] } },
{ "type": "Feature", "properties": { "fid": 179, "OBJECTID": 2765.0, "NAME": "Burleson", "STATE_NAME": "Texas", "STATE_FIPS": "48", "CNTY_FIPS": "051", "FIPS": "48051", "AREA": 686.5453, "POP1990": 13625.0, "POP1999": 15885.0, "POP90_SQMI": 20.0, "HOUSEHOLDS": 5176.0, "MALES": 6644.0, "FEMALES": 6981.0, "WHITE": 10173.0, "BLACK": 2430.0, "AMERI_ES": 53.0, "ASIAN_PI": 18.0, "OTHER": 951.0, "HISPANIC": 1624.0, "AGE_UNDER5": 985.0, "AGE_5_17": 2728.0, "AGE_18_29": 1980.0, "AGE_30_49": 3452.0, "AGE_50_64": 2100.0, "AGE_65_UP": 2380.0, "NEVERMARRY": 2091.0, "MARRIED": 6287.0, "SEPARATED": 242.0, "WIDOWED": 1132.0, "DIVORCED": 767.0, "HSEHLD_1_M": 536.0, "HSEHLD_1_F": 832.0, "MARHH_CHD": 1382.0, "MARHH_NO_C": 1593.0, "MHH_CHILD": 86.0, "FHH_CHILD": 333.0, "HSE_UNITS": 7044.0, "VACANT": 1868.0, "OWNER_OCC": 4079.0, "RENTER_OCC": 1097.0, "MEDIAN_VAL": 41600.0, "MEDIANRENT": 215, "UNITS_1DET": 4698.0, "UNITS_1ATT": 59.0, "UNITS2": 57.0, "UNITS3_9": 176.0, "UNITS10_49": 18.0, "UNITS50_UP": 0.0, "MOBILEHOME": 1933.0, "NO_FARMS87": 1360.0, "AVG_SIZE87": 231.0, "CROP_ACR87": 112213.0, "AVG_SALE87": 13838.0, "Shape_Leng": 1.908247460393909, "Shape_Area": 0.167038683764338, "Datacenter": null, "GDP_Change": -1.6, "HP_Change": null, "Talent-Bachelor": null, "Talent-Master": null, "Talent-Doctor": null, "NetADD": null, "NewDatacenter2023": null, "NewDatacenter2024": null, "NewDatacenter2025": null, "NewDatacenter2022": null, "NewDatacenter2021": null, "1_DC": 0, "1_TT": -0.1119605, "1_TPM": -0.0007872, "1_GDP": -0.1969611, "1_TA": -0.129961, "1_WI": -0.4878197, "1_SO": -0.3707, "1_ST": -0.3565562, "1_LP": 1.014319, "1_PF": 0.069318, "1_CP": -0.1614918, "1_T": 0.7337044, "1_NR": -0.6448793, "1_GW": -0.0992983, "1_SW": -0.1455249, "1_RW": -0.0367082, "1_EG": -0.5380116, "1_OF": -0.7009628 }, "geometry": { "type": "MultiPolygon", "coordinates": [ [ [ [ -96.297732907317027, 30.389156091982347 ], [ -96.336468453964528, 30.376264910891795 ], [ -96.347394006598336, 30.380747060451295 ], [ -96.396673750690866, 30.356740259349607 ], [ -96.410757952312906, 30.361777439098784 ], [ -96.423537635858224, 30.348004986674589 ], [ -96.451042335633417, 30.348897680658563 ], [ -96.648932858031742, 30.302011505124934 ], [ -96.708818066404547, 30.326709174377864 ], [ -96.749407911026765, 30.331122777961912 ], [ -96.771373662025042, 30.37845218851421 ], [ -96.797932405459221, 30.403943133080549 ], [ -96.854582377573934, 30.433033155029417 ], [ -96.88265180872537, 30.461743611243314 ], [ -96.901580904513594, 30.465939662536332 ], [ -96.897399934075281, 30.492359442918211 ], [ -96.917046284212518, 30.534086434977187 ], [ -96.968393808264011, 30.566616533512821 ], [ -96.62737785780098, 30.736477064056334 ], [ -96.594219216224019, 30.727686772476876 ], [ -96.572306761253969, 30.704599463322452 ], [ -96.59505100457875, 30.644009245583963 ], [ -96.516770224107745, 30.634705832082691 ], [ -96.498252961582523, 30.620395568027195 ], [ -96.482566530555175, 30.626760085842463 ], [ -96.483154013725652, 30.613054389981961 ], [ -96.462149765502886, 30.607349629909322 ], [ -96.435156298914592, 30.580403487228679 ], [ -96.425008945016316, 30.593800163406453 ], [ -96.414396201913235, 30.557310070920046 ], [ -96.394353282926943, 30.542015516218292 ], [ -96.384595040504678, 30.546728356476144 ], [ -96.373127773411738, 30.541775102553313 ], [ -96.372746291753629, 30.550457031873524 ], [ -96.363751009562066, 30.549703616163832 ], [ -96.353618921522127, 30.538843526792352 ], [ -96.360401629403327, 30.517562145201865 ], [ -96.316424824517924, 30.480406219214586 ], [ -96.335193561821825, 30.487896198091025 ], [ -96.333560903924877, 30.476858751593664 ], [ -96.319919298037917, 30.461758744371355 ], [ -96.2823436505372, 30.448138692901615 ], [ -96.274203063421851, 30.417198754745154 ], [ -96.290370209146772, 30.411337742231929 ], [ -96.297732907317027, 30.389156091982347 ] ] ] ] } },
{ "type": "Feature", "properties": { "fid": 180, "OBJECTID": 2767.0, "NAME": "Kimble", "STATE_NAME": "Texas", "STATE_FIPS": "48", "CNTY_FIPS": "267", "FIPS": "48267", "AREA": 1275.5167, "POP1990": 4122.0, "POP1999": 4122.0, "POP90_SQMI": 3.0, "HOUSEHOLDS": 1624.0, "MALES": 2018.0, "FEMALES": 2104.0, "WHITE": 3654.0, "BLACK": 2.0, "AMERI_ES": 5.0, "ASIAN_PI": 10.0, "OTHER": 451.0, "HISPANIC": 772.0, "AGE_UNDER5": 266.0, "AGE_5_17": 786.0, "AGE_18_29": 464.0, "AGE_30_49": 1010.0, "AGE_50_64": 721.0, "AGE_65_UP": 875.0, "NEVERMARRY": 460.0, "MARRIED": 2128.0, "SEPARATED": 48.0, "WIDOWED": 356.0, "DIVORCED": 267.0, "HSEHLD_1_M": 138.0, "HSEHLD_1_F": 258.0, "MARHH_CHD": 409.0, "MARHH_NO_C": 603.0, "MHH_CHILD": 24.0, "FHH_CHILD": 89.0, "HSE_UNITS": 2593.0, "VACANT": 969.0, "OWNER_OCC": 1198.0, "RENTER_OCC": 426.0, "MEDIAN_VAL": 38900.0, "MEDIANRENT": 191, "UNITS_1DET": 1931.0, "UNITS_1ATT": 28.0, "UNITS2": 53.0, "UNITS3_9": 37.0, "UNITS10_49": 41.0, "UNITS50_UP": 0.0, "MOBILEHOME": 471.0, "NO_FARMS87": 442.0, "AVG_SIZE87": 1767.0, "CROP_ACR87": 25970.0, "AVG_SALE87": 20216.0, "Shape_Leng": 2.4759844837966751, "Shape_Area": 0.31028748690667801, "Datacenter": null, "GDP_Change": -3.2, "HP_Change": null, "Talent-Bachelor": null, "Talent-Master": null, "Talent-Doctor": null, "NetADD": null, "NewDatacenter2023": null, "NewDatacenter2024": null, "NewDatacenter2025": null, "NewDatacenter2022": null, "NewDatacenter2021": null, "1_DC": 0, "1_TT": -0.1119605, "1_TPM": -0.0007872, "1_GDP": -0.2183641, "1_TA": -0.5708595, "1_WI": -0.4878197, "1_SO": -0.3707, "1_ST": -0.2626576, "1_LP": -0.1255651, "1_PF": 0.069318, "1_CP": -0.1614918, "1_T": -0.0633484, "1_NR": -0.5461311, "1_GW": -0.2387653, "1_SW": -0.2113332, "1_RW": -0.1722456, "1_EG": -0.5380116, "1_OF": -0.2151115 }, "geometry": { "type": "MultiPolygon", "coordinates": [ [ [ [ -99.759169378351089, 30.286493450794033 ], [ -100.120420284115653, 30.288980648432233 ], [ -100.117294158926768, 30.695966908850302 ], [ -100.117851189728015, 30.711507324343657 ], [ -99.483546484636292, 30.71767504288729 ], [ -99.485389092958656, 30.5082974311021 ], [ -99.30773487928775, 30.506867250444159 ], [ -99.310667672134514, 30.284596342828596 ], [ -99.759169378351089, 30.286493450794033 ] ] ] ] } },
{ "type": "Feature", "properties": { "fid": 181, "OBJECTID": 2770.0, "NAME": "Sutton", "STATE_NAME": "Texas", "STATE_FIPS": "48", "CNTY_FIPS": "435", "FIPS": "48435", "AREA": 1410.1426, "POP1990": 4135.0, "POP1999": 4489.0, "POP90_SQMI": 3.0, "HOUSEHOLDS": 1466.0, "MALES": 2001.0, "FEMALES": 2134.0, "WHITE": 3125.0, "BLACK": 2.0, "AMERI_ES": 16.0, "ASIAN_PI": 6.0, "OTHER": 986.0, "HISPANIC": 1866.0, "AGE_UNDER5": 318.0, "AGE_5_17": 951.0, "AGE_18_29": 641.0, "AGE_30_49": 1215.0, "AGE_50_64": 577.0, "AGE_65_UP": 433.0, "NEVERMARRY": 559.0, "MARRIED": 2098.0, "SEPARATED": 38.0, "WIDOWED": 248.0, "DIVORCED": 165.0, "HSEHLD_1_M": 149.0, "HSEHLD_1_F": 174.0, "MARHH_CHD": 564.0, "MARHH_NO_C": 419.0, "MHH_CHILD": 19.0, "FHH_CHILD": 61.0, "HSE_UNITS": 1924.0, "VACANT": 458.0, "OWNER_OCC": 990.0, "RENTER_OCC": 476.0, "MEDIAN_VAL": 39500.0, "MEDIANRENT": 209, "UNITS_1DET": 1408.0, "UNITS_1ATT": 20.0, "UNITS2": 9.0, "UNITS3_9": 78.0, "UNITS10_49": 31.0, "UNITS50_UP": 0.0, "MOBILEHOME": 367.0, "NO_FARMS87": 191.0, "AVG_SIZE87": 4458.0, "CROP_ACR87": 7885.0, "AVG_SALE87": 49530.0, "Shape_Leng": 2.4930566166073129, "Shape_Area": 0.342870035370062, "Datacenter": null, "GDP_Change": -13.4, "HP_Change": null, "Talent-Bachelor": null, "Talent-Master": null, "Talent-Doctor": null, "NetADD": null, "NewDatacenter2023": null, "NewDatacenter2024": null, "NewDatacenter2025": null, "NewDatacenter2022": null, "NewDatacenter2021": null, "1_DC": 0, "1_TT": -0.1119605, "1_TPM": -0.0007872, "1_GDP": -0.217533, "1_TA": -0.7785435, "1_WI": -0.4878197, "1_SO": -0.3707, "1_ST": -0.3565562, "1_LP": -0.7482793, "1_PF": 0.069318, "1_CP": -0.1614918, "1_T": 0.0611911, "1_NR": -1.366261, "1_GW": -0.213651, "1_SW": -0.220112, "1_RW": -0.1722456, "1_EG": -0.5380116, "1_OF": 0.6037009 }, "geometry": { "type": "MultiPolygon", "coordinates": [ [ [ [ -100.691123045522659, 30.287785297545732 ], [ -100.954001357523339, 30.287644558165372 ], [ -100.957739825911631, 30.699649848188958 ], [ -100.117294158926768, 30.695966908850302 ], [ -100.120420284115653, 30.288980648432233 ], [ -100.691123045522659, 30.287785297545732 ] ] ] ] } },
{ "type": "Feature", "properties": { "fid": 182, "OBJECTID": 2774.0, "NAME": "Brewster", "STATE_NAME": "Texas", "STATE_FIPS": "48", "CNTY_FIPS": "043", "FIPS": "48043", "AREA": 6097.0056, "POP1990": 8681.0, "POP1999": 8925.0, "POP90_SQMI": 1.0, "HOUSEHOLDS": 3350.0, "MALES": 4381.0, "FEMALES": 4300.0, "WHITE": 8300.0, "BLACK": 85.0, "AMERI_ES": 20.0, "ASIAN_PI": 52.0, "OTHER": 224.0, "HISPANIC": 3702.0, "AGE_UNDER5": 562.0, "AGE_5_17": 1490.0, "AGE_18_29": 1993.0, "AGE_30_49": 2225.0, "AGE_50_64": 1194.0, "AGE_65_UP": 1217.0, "NEVERMARRY": 2102.0, "MARRIED": 3777.0, "SEPARATED": 115.0, "WIDOWED": 482.0, "DIVORCED": 497.0, "HSEHLD_1_M": 474.0, "HSEHLD_1_F": 503.0, "MARHH_CHD": 830.0, "MARHH_NO_C": 942.0, "MHH_CHILD": 42.0, "FHH_CHILD": 211.0, "HSE_UNITS": 4486.0, "VACANT": 1136.0, "OWNER_OCC": 1995.0, "RENTER_OCC": 1355.0, "MEDIAN_VAL": 45500.0, "MEDIANRENT": 227, "UNITS_1DET": 2775.0, "UNITS_1ATT": 74.0, "UNITS2": 128.0, "UNITS3_9": 180.0, "UNITS10_49": 217.0, "UNITS50_UP": 59.0, "MOBILEHOME": 1007.0, "NO_FARMS87": 118.0, "AVG_SIZE87": 20151.0, "CROP_ACR87": 1896.0, "AVG_SALE87": 83105.0, "Shape_Leng": 5.2399029637297483, "Shape_Area": 1.472556106306365, "Datacenter": null, "GDP_Change": 6.8, "HP_Change": null, "Talent-Bachelor": null, "Talent-Master": null, "Talent-Doctor": null, "NetADD": null, "NewDatacenter2023": null, "NewDatacenter2024": null, "NewDatacenter2025": null, "NewDatacenter2022": null, "NewDatacenter2021": null, "1_DC": 0, "1_TT": -0.1119605, "1_TPM": -0.0007872, "1_GDP": -0.2100145, "1_TA": -1.337864, "1_WI": -0.4878197, "1_SO": -0.1960102, "1_ST": 0.2256156, "1_LP": -1.24434, "1_PF": 0.069318, "1_CP": -0.1614918, "1_T": 0.2106385, "1_NR": -0.9089007, "1_GW": -0.241625, "1_SW": -0.2190606, "1_RW": -0.1722456, "1_EG": -0.515272, "1_OF": 0.4440155 }, "geometry": { "type": "MultiPolygon", "coordinates": [ [ [ [ -103.787463066664429, 29.26745772415439 ], [ -103.792744001336189, 30.40527501770287 ], [ -103.443339285027093, 30.667956338846654 ], [ -102.577277655101568, 30.060123903943133 ], [ -102.39016028310084, 29.921035395863754 ], [ -102.324750911589717, 29.880309224916417 ], [ -102.367980401490172, 29.845483305145045 ], [ -102.385215376361543, 29.768141797200542 ], [ -102.503521154950874, 29.785649731925382 ], [ -102.552373669737619, 29.749694847857171 ], [ -102.576926007302063, 29.778441735088396 ], [ -102.638039455763987, 29.732532619021153 ], [ -102.676790491311863, 29.744418792950508 ], [ -102.80516037282905, 29.530343832952617 ], [ -102.822639900113472, 29.412045117567089 ], [ -102.883448659687303, 29.353572398828824 ], [ -102.90876386371599, 29.269406667824594 ], [ -102.866609489705297, 29.229241361125535 ], [ -102.988539685125033, 29.191067569640445 ], [ -103.153911459774179, 28.978891636965947 ], [ -103.267037226115974, 29.007662142860458 ], [ -103.280800498472331, 28.986582580896627 ], [ -103.33597060972653, 29.050544957850089 ], [ -103.37590349396595, 29.032314590474158 ], [ -103.474531520354901, 29.072338197424262 ], [ -103.526696559056347, 29.14684851676251 ], [ -103.720779184637536, 29.190832364285889 ], [ -103.740319535336084, 29.230548071461001 ], [ -103.782625402505289, 29.229994721162115 ], [ -103.768229005879107, 29.281438218377041 ], [ -103.787463066664429, 29.26745772415439 ] ] ] ] } },
{ "type": "Feature", "properties": { "fid": 183, "OBJECTID": 2775.0, "NAME": "Terrell", "STATE_NAME": "Texas", "STATE_FIPS": "48", "CNTY_FIPS": "443", "FIPS": "48443", "AREA": 2432.3666, "POP1990": 1410.0, "POP1999": 1154.0, "POP90_SQMI": 1.0, "HOUSEHOLDS": 524.0, "MALES": 737.0, "FEMALES": 673.0, "WHITE": 1189.0, "BLACK": 1.0, "AMERI_ES": 5.0, "ASIAN_PI": 2.0, "OTHER": 213.0, "HISPANIC": 751.0, "AGE_UNDER5": 90.0, "AGE_5_17": 327.0, "AGE_18_29": 174.0, "AGE_30_49": 374.0, "AGE_50_64": 245.0, "AGE_65_UP": 200.0, "NEVERMARRY": 227.0, "MARRIED": 684.0, "SEPARATED": 16.0, "WIDOWED": 84.0, "DIVORCED": 57.0, "HSEHLD_1_M": 66.0, "HSEHLD_1_F": 63.0, "MARHH_CHD": 178.0, "MARHH_NO_C": 147.0, "MHH_CHILD": 5.0, "FHH_CHILD": 19.0, "HSE_UNITS": 810.0, "VACANT": 286.0, "OWNER_OCC": 343.0, "RENTER_OCC": 181.0, "MEDIAN_VAL": 27200.0, "MEDIANRENT": 150, "UNITS_1DET": 699.0, "UNITS_1ATT": 6.0, "UNITS2": 3.0, "UNITS3_9": 7.0, "UNITS10_49": 1.0, "UNITS50_UP": 0.0, "MOBILEHOME": 87.0, "NO_FARMS87": 91.0, "AVG_SIZE87": 12410.0, "CROP_ACR87": 1070.0, "AVG_SALE87": 71699.0, "Shape_Leng": 3.5047695649528792, "Shape_Area": 0.59035575815401298, "Datacenter": null, "GDP_Change": -17.8, "HP_Change": null, "Talent-Bachelor": null, "Talent-Master": null, "Talent-Doctor": null, "NetADD": null, "NewDatacenter2023": null, "NewDatacenter2024": null, "NewDatacenter2025": null, "NewDatacenter2022": null, "NewDatacenter2021": null, "1_DC": 0, "1_TT": -0.1119605, "1_TPM": -0.0007872, "1_GDP": -0.2212596, "1_TA": -1.24237, "1_WI": -0.4878197, "1_SO": -0.3707, "1_ST": -0.3565562, "1_LP": -1.24434, "1_PF": 0.069318, "1_CP": -0.1614918, "1_T": 0.5842571, "1_NR": -1.583507, "1_GW": -0.2425416, "1_SW": -0.220112, "1_RW": -0.1722456, "1_EG": -0.5380116, "1_OF": 1.147311 }, "geometry": { "type": "MultiPolygon", "coordinates": [ [ [ [ -101.75949121384582, 29.787367751743112 ], [ -101.805604731494839, 29.780199655745577 ], [ -101.819498685538861, 29.814324849779304 ], [ -101.924627338118285, 29.788701146088105 ], [ -101.973724344483003, 29.818971364824861 ], [ -102.064402761360327, 29.784768859240508 ], [ -102.324750911589717, 29.880309224916417 ], [ -102.39016028310084, 29.921035395863754 ], [ -102.577277655101568, 30.060123903943133 ], [ -102.573531164378664, 30.278110865378665 ], [ -102.37058365720776, 30.284967648427134 ], [ -102.373984611028447, 30.604209135908039 ], [ -102.146659973696558, 30.603834912686533 ], [ -102.144996275329049, 30.661939784350015 ], [ -101.758695026874761, 30.66465326927716 ], [ -101.746212995856979, 30.652507878231955 ], [ -101.688220365682071, 30.648838849985669 ], [ -101.64951535540888, 30.626562191749709 ], [ -101.654589005751859, 30.588534781468269 ], [ -101.642412123453084, 30.564024417017563 ], [ -101.649393193370543, 30.541512723535931 ], [ -101.673907117242607, 30.520564878115149 ], [ -101.669306445448399, 30.503256344614567 ], [ -101.685984755702691, 30.488821998580839 ], [ -101.693858455424504, 30.459430929106386 ], [ -101.718425824878921, 30.468198481890457 ], [ -101.726810757764383, 30.463493194908629 ], [ -101.714252377266121, 30.445851042260259 ], [ -101.734928564693519, 30.421283385470829 ], [ -101.692149304107318, 30.402279622829074 ], [ -101.69171437294068, 30.381244354884682 ], [ -101.653627329059987, 30.357119524228686 ], [ -101.651346062211132, 30.348920184538922 ], [ -101.705768029167075, 30.343970517412362 ], [ -101.737530016447465, 30.318767697625351 ], [ -101.75059181721457, 30.286075145666274 ], [ -101.759014881674432, 30.284110620546297 ], [ -101.75949121384582, 29.787367751743112 ] ] ] ] } },
{ "type": "Feature", "properties": { "fid": 184, "OBJECTID": 2780.0, "NAME": "Presidio", "STATE_NAME": "Texas", "STATE_FIPS": "48", "CNTY_FIPS": "377", "FIPS": "48377", "AREA": 3859.4782, "POP1990": 6637.0, "POP1999": 8956.0, "POP90_SQMI": 2.0, "HOUSEHOLDS": 2255.0, "MALES": 3215.0, "FEMALES": 3422.0, "WHITE": 5624.0, "BLACK": 6.0, "AMERI_ES": 16.0, "ASIAN_PI": 16.0, "OTHER": 975.0, "HISPANIC": 5417.0, "AGE_UNDER5": 528.0, "AGE_5_17": 1615.0, "AGE_18_29": 1056.0, "AGE_30_49": 1565.0, "AGE_50_64": 953.0, "AGE_65_UP": 920.0, "NEVERMARRY": 1241.0, "MARRIED": 2934.0, "SEPARATED": 110.0, "WIDOWED": 410.0, "DIVORCED": 202.0, "HSEHLD_1_M": 244.0, "HSEHLD_1_F": 286.0, "MARHH_CHD": 786.0, "MARHH_NO_C": 568.0, "MHH_CHILD": 26.0, "FHH_CHILD": 182.0, "HSE_UNITS": 2890.0, "VACANT": 635.0, "OWNER_OCC": 1559.0, "RENTER_OCC": 696.0, "MEDIAN_VAL": 28200.0, "MEDIANRENT": 147, "UNITS_1DET": 2041.0, "UNITS_1ATT": 68.0, "UNITS2": 107.0, "UNITS3_9": 134.0, "UNITS10_49": 34.0, "UNITS50_UP": 0.0, "MOBILEHOME": 483.0, "NO_FARMS87": 139.0, "AVG_SIZE87": 13602.0, "CROP_ACR87": 9824.0, "AVG_SALE87": 105397.0, "Shape_Leng": 4.3927167920112389, "Shape_Area": 0.93355701618560305, "Datacenter": 1, "GDP_Change": 5.8, "HP_Change": null, "Talent-Bachelor": null, "Talent-Master": null, "Talent-Doctor": null, "NetADD": null, "NewDatacenter2023": null, "NewDatacenter2024": null, "NewDatacenter2025": 1, "NewDatacenter2022": null, "NewDatacenter2021": null, "1_DC": 1, "1_TT": -0.1119605, "1_TPM": -0.0007872, "1_GDP": -0.215122, "1_TA": -1.260705, "1_WI": -0.4878197, "1_SO": -0.3357621, "1_ST": -0.3565562, "1_LP": -1.24434, "1_PF": 0.069318, "1_CP": -0.1614918, "1_T": 0.0113753, "1_NR": -1.262315, "1_GW": -0.184247, "1_SW": -0.220112, "1_RW": -0.1722456, "1_EG": -0.5325089, "1_OF": 1.293406 }, "geometry": { "type": "MultiPolygon", "coordinates": [ [ [ [ -104.987425711770072, 30.641467032003028 ], [ -103.896689595832243, 30.406218637939357 ], [ -103.792744001336189, 30.40527501770287 ], [ -103.787463066664429, 29.26745772415439 ], [ -104.046105172215562, 29.328313484555494 ], [ -104.164858917236415, 29.400905468822195 ], [ -104.205212134968349, 29.484228654868168 ], [ -104.378073901926655, 29.55079456179903 ], [ -104.535729710530518, 29.679642780988054 ], [ -104.578041188337124, 29.808107061800694 ], [ -104.674852032392835, 29.909448857968407 ], [ -104.696977256685273, 30.057462541619024 ], [ -104.675240765519504, 30.149120426511583 ], [ -104.703097368089061, 30.238641635356213 ], [ -104.814444569323086, 30.350618694810194 ], [ -104.806959955042657, 30.376596122952769 ], [ -104.853485595899826, 30.392411431635058 ], [ -104.8911691720661, 30.570700416543247 ], [ -104.987425711770072, 30.641467032003028 ] ] ] ] } },
{ "type": "Feature", "properties": { "fid": 185, "OBJECTID": 2781.0, "NAME": "Travis", "STATE_NAME": "Texas", "STATE_FIPS": "48", "CNTY_FIPS": "453", "FIPS": "48453", "AREA": 1051.2028, "POP1990": 576407.0, "POP1999": 726284.0, "POP90_SQMI": 548.0, "HOUSEHOLDS": 232861.0, "MALES": 288256.0, "FEMALES": 288151.0, "WHITE": 422749.0, "BLACK": 63173.0, "AMERI_ES": 2089.0, "ASIAN_PI": 16497.0, "OTHER": 71899.0, "HISPANIC": 121689.0, "AGE_UNDER5": 44113.0, "AGE_5_17": 94098.0, "AGE_18_29": 157108.0, "AGE_30_49": 184674.0, "AGE_50_64": 54553.0, "AGE_65_UP": 41861.0, "NEVERMARRY": 160027.0, "MARRIED": 217824.0, "SEPARATED": 10780.0, "WIDOWED": 19970.0, "DIVORCED": 49262.0, "HSEHLD_1_M": 36839.0, "HSEHLD_1_F": 36556.0, "MARHH_CHD": 52866.0, "MARHH_NO_C": 50415.0, "MHH_CHILD": 3814.0, "FHH_CHILD": 17195.0, "HSE_UNITS": 264173.0, "VACANT": 31312.0, "OWNER_OCC": 106488.0, "RENTER_OCC": 126373.0, "MEDIAN_VAL": 78300.0, "MEDIANRENT": 349, "UNITS_1DET": 130925.0, "UNITS_1ATT": 15003.0, "UNITS2": 13183.0, "UNITS3_9": 24953.0, "UNITS10_49": 46019.0, "UNITS50_UP": 22799.0, "MOBILEHOME": 8503.0, "NO_FARMS87": 1034.0, "AVG_SIZE87": 297.0, "CROP_ACR87": 120173.0, "AVG_SALE87": 15038.0, "Shape_Leng": 2.2768213508821828, "Shape_Area": 0.25559590084487299, "Datacenter": 26, "GDP_Change": 3.0, "HP_Change": -6.7, "Talent-Bachelor": 172, "Talent-Master": 102, "Talent-Doctor": 572, "NetADD": 3789, "NewDatacenter2023": 1, "NewDatacenter2024": null, "NewDatacenter2025": null, "NewDatacenter2022": null, "NewDatacenter2021": null, "1_DC": 26, "1_TT": 1.208558, "1_TPM": 6.158575, "1_GDP": 3.889073, "1_TA": 2.15276, "1_WI": -0.4878197, "1_SO": 0.2407143, "1_ST": 1.840673, "1_LP": 1.563151, "1_PF": 0.069318, "1_CP": -0.1614918, "1_T": 0.609165, "1_NR": 1.597224, "1_GW": 0.4503936, "1_SW": 2.979625, "1_RW": 1.295946, "1_EG": 0.0969108, "1_OF": 0.7430009 }, "geometry": { "type": "MultiPolygon", "coordinates": [ [ [ [ -97.659923641156638, 30.074161761279708 ], [ -97.727841585929752, 30.022479466814453 ], [ -98.171466923262187, 30.349324326499332 ], [ -98.126538023039757, 30.439147954040113 ], [ -98.099461673555481, 30.486710010877744 ], [ -98.110341600762979, 30.49787504150985 ], [ -98.124616493162478, 30.499948049363883 ], [ -98.046065189066894, 30.635775166245029 ], [ -98.024725013838008, 30.617562955783647 ], [ -98.009015969443283, 30.63008436903316 ], [ -97.991803441315483, 30.616968323231927 ], [ -97.965458671910937, 30.629747353506957 ], [ -97.928187841505633, 30.61213614384598 ], [ -97.922137043203463, 30.578638904690315 ], [ -97.902063530162081, 30.574601485987923 ], [ -97.868790464892584, 30.547438638624271 ], [ -97.84681603733128, 30.47474529363252 ], [ -97.781513836516638, 30.438685377120773 ], [ -97.765644300714371, 30.437449682765237 ], [ -97.749363005210228, 30.451298602826903 ], [ -97.705004568633512, 30.464108289711604 ], [ -97.680071243112252, 30.483255657293789 ], [ -97.587684392354959, 30.505058653696423 ], [ -97.56610009391369, 30.499550689677577 ], [ -97.537114814167182, 30.475578443129784 ], [ -97.501843164164939, 30.484390423250748 ], [ -97.421906964891605, 30.445951818736678 ], [ -97.398644181029454, 30.444031377149816 ], [ -97.37431308101452, 30.425611071748563 ], [ -97.493287016544855, 30.209187451710278 ], [ -97.659923641156638, 30.074161761279708 ] ] ] ] } },
{ "type": "Feature", "properties": { "fid": 186, "OBJECTID": 2782.0, "NAME": "Montgomery", "STATE_NAME": "Texas", "STATE_FIPS": "48", "CNTY_FIPS": "339", "FIPS": "48339", "AREA": 1106.0198, "POP1990": 182201.0, "POP1999": 284807.0, "POP90_SQMI": 165.0, "HOUSEHOLDS": 63563.0, "MALES": 90544.0, "FEMALES": 91657.0, "WHITE": 166107.0, "BLACK": 7763.0, "AMERI_ES": 687.0, "ASIAN_PI": 1232.0, "OTHER": 6412.0, "HISPANIC": 13237.0, "AGE_UNDER5": 14378.0, "AGE_5_17": 39714.0, "AGE_18_29": 30145.0, "AGE_30_49": 59079.0, "AGE_50_64": 23192.0, "AGE_65_UP": 15693.0, "NEVERMARRY": 26159.0, "MARRIED": 88295.0, "SEPARATED": 3088.0, "WIDOWED": 7777.0, "DIVORCED": 11648.0, "HSEHLD_1_M": 4929.0, "HSEHLD_1_F": 6529.0, "MARHH_CHD": 23019.0, "MARHH_NO_C": 19262.0, "MHH_CHILD": 1257.0, "FHH_CHILD": 4106.0, "HSE_UNITS": 73871.0, "VACANT": 10308.0, "OWNER_OCC": 45730.0, "RENTER_OCC": 17833.0, "MEDIAN_VAL": 69400.0, "MEDIANRENT": 325, "UNITS_1DET": 48195.0, "UNITS_1ATT": 1574.0, "UNITS2": 315.0, "UNITS3_9": 2737.0, "UNITS10_49": 5309.0, "UNITS50_UP": 2208.0, "MOBILEHOME": 13024.0, "NO_FARMS87": 952.0, "AVG_SIZE87": 198.0, "CROP_ACR87": 43583.0, "AVG_SALE87": 9159.0, "Shape_Leng": 2.4135767581875989, "Shape_Area": 0.26862224586862099, "Datacenter": 3, "GDP_Change": 4.5, "HP_Change": -0.4, "Talent-Bachelor": null, "Talent-Master": null, "Talent-Doctor": null, "NetADD": 1479, "NewDatacenter2023": null, "NewDatacenter2024": null, "NewDatacenter2025": null, "NewDatacenter2022": null, "NewDatacenter2021": null, "1_DC": 3, "1_TT": -0.1119605, "1_TPM": 2.403461, "1_GDP": 0.7935911, "1_TA": 1.065494, "1_WI": -0.4878197, "1_SO": -0.3707, "1_ST": -0.3565562, "1_LP": 1.668696, "1_PF": 0.069318, "1_CP": -0.1614918, "1_T": 0.7835203, "1_NR": 1.531739, "1_GW": 3.386899, "1_SW": -0.1247126, "1_RW": -0.0680463, "1_EG": 1.296209, "1_OF": 1.320586 }, "geometry": { "type": "MultiPolygon", "coordinates": [ [ [ [ -95.095354710559093, 30.168906150681263 ], [ -95.25649006961055, 30.043109581173333 ], [ -95.284063465821987, 30.041093642801549 ], [ -95.289983966021055, 30.029892081054065 ], [ -95.309790469676216, 30.034408635647281 ], [ -95.328452643850994, 30.059039537325674 ], [ -95.353416799340494, 30.075224896430814 ], [ -95.39753884707909, 30.089003224243296 ], [ -95.428873690900787, 30.114600957145825 ], [ -95.472759101109489, 30.104511397190116 ], [ -95.491535543983787, 30.108951547576975 ], [ -95.511258134937407, 30.14458143956324 ], [ -95.544065567848747, 30.163329903101932 ], [ -95.570212310542104, 30.158891585750318 ], [ -95.584838298976081, 30.142530928001488 ], [ -95.67419650738276, 30.101657903875445 ], [ -95.71589244494379, 30.102380711133041 ], [ -95.773694597508779, 30.087675689155969 ], [ -95.812201471890944, 30.088698036919709 ], [ -95.806250318423224, 30.246955230735619 ], [ -95.801939354759952, 30.352110895243975 ], [ -95.827330150180615, 30.634121701033717 ], [ -95.597848303887702, 30.521763536040744 ], [ -95.35955560734169, 30.519307421342873 ], [ -95.314479139368075, 30.416212302820934 ], [ -95.246835200534406, 30.384460436739495 ], [ -95.208190954555391, 30.356219449799461 ], [ -95.222182982230436, 30.325224614726519 ], [ -95.162779767450559, 30.353312528415547 ], [ -95.095354710559093, 30.168906150681263 ] ] ] ] } },
{ "type": "Feature", "properties": { "fid": 187, "OBJECTID": 2790.0, "NAME": "Lee", "STATE_NAME": "Texas", "STATE_FIPS": "48", "CNTY_FIPS": "287", "FIPS": "48287", "AREA": 645.983, "POP1990": 12854.0, "POP1999": 15187.0, "POP90_SQMI": 20.0, "HOUSEHOLDS": 4706.0, "MALES": 6488.0, "FEMALES": 6366.0, "WHITE": 10057.0, "BLACK": 1780.0, "AMERI_ES": 14.0, "ASIAN_PI": 15.0, "OTHER": 988.0, "HISPANIC": 1410.0, "AGE_UNDER5": 931.0, "AGE_5_17": 2883.0, "AGE_18_29": 1893.0, "AGE_30_49": 3361.0, "AGE_50_64": 1742.0, "AGE_65_UP": 2044.0, "NEVERMARRY": 2035.0, "MARRIED": 6115.0, "SEPARATED": 177.0, "WIDOWED": 909.0, "DIVORCED": 603.0, "HSEHLD_1_M": 488.0, "HSEHLD_1_F": 663.0, "MARHH_CHD": 1434.0, "MARHH_NO_C": 1504.0, "MHH_CHILD": 73.0, "FHH_CHILD": 264.0, "HSE_UNITS": 5773.0, "VACANT": 1067.0, "OWNER_OCC": 3648.0, "RENTER_OCC": 1058.0, "MEDIAN_VAL": 47800.0, "MEDIANRENT": 241, "UNITS_1DET": 3908.0, "UNITS_1ATT": 65.0, "UNITS2": 94.0, "UNITS3_9": 156.0, "UNITS10_49": 86.0, "UNITS50_UP": 53.0, "MOBILEHOME": 1347.0, "NO_FARMS87": 1583.0, "AVG_SIZE87": 205.0, "CROP_ACR87": 107570.0, "AVG_SALE87": 13454.0, "Shape_Leng": 1.8563028148385581, "Shape_Area": 0.15692698848269299, "Datacenter": null, "GDP_Change": 21.4, "HP_Change": null, "Talent-Bachelor": null, "Talent-Master": null, "Talent-Doctor": null, "NetADD": null, "NewDatacenter2023": null, "NewDatacenter2024": null, "NewDatacenter2025": null, "NewDatacenter2022": null, "NewDatacenter2021": null, "1_DC": 0, "1_TT": -0.1119605, "1_TPM": -0.0007872, "1_GDP": -0.1945514, "1_TA": -0.1062947, "1_WI": -0.4878197, "1_SO": -0.3707, "1_ST": -0.3565562, "1_LP": 1.563151, "1_PF": 0.069318, "1_CP": -0.1614918, "1_T": 0.7586123, "1_NR": -0.2748334, "1_GW": -0.1503702, "1_SW": -0.220112, "1_RW": -0.1722456, "1_EG": -0.5380116, "1_OF": -0.4087725 }, "geometry": { "type": "MultiPolygon", "coordinates": [ [ [ [ -96.799847188667854, 30.164595702391821 ], [ -96.854765041441794, 30.124060133239983 ], [ -97.032664117520142, 30.038353920010572 ], [ -97.03670024149244, 30.05815537556127 ], [ -97.090321863035683, 30.258292641138805 ], [ -97.187126975370688, 30.335415157722277 ], [ -97.33402846368466, 30.409544463333969 ], [ -97.155235846319442, 30.461345730614084 ], [ -97.15644139515382, 30.47235838362991 ], [ -96.968393808264011, 30.566616533512821 ], [ -96.917046284212518, 30.534086434977187 ], [ -96.897399934075281, 30.492359442918211 ], [ -96.901580904513594, 30.465939662536332 ], [ -96.88265180872537, 30.461743611243314 ], [ -96.854582377573934, 30.433033155029417 ], [ -96.797932405459221, 30.403943133080549 ], [ -96.771373662025042, 30.37845218851421 ], [ -96.749407911026765, 30.331122777961912 ], [ -96.708818066404547, 30.326709174377864 ], [ -96.648932858031742, 30.302011505124934 ], [ -96.672432261447796, 30.270682460330928 ], [ -96.711999637485633, 30.247154264441043 ], [ -96.742991263820102, 30.239380260565319 ], [ -96.758525233518753, 30.194057526446361 ], [ -96.799847188667854, 30.164595702391821 ] ] ] ] } },
{ "type": "Feature", "properties": { "fid": 188, "OBJECTID": 2791.0, "NAME": "Hardin", "STATE_NAME": "Texas", "STATE_FIPS": "48", "CNTY_FIPS": "199", "FIPS": "48199", "AREA": 907.4908, "POP1990": 41320.0, "POP1999": 49386.0, "POP90_SQMI": 46.0, "HOUSEHOLDS": 14693.0, "MALES": 20279.0, "FEMALES": 21041.0, "WHITE": 37485.0, "BLACK": 3485.0, "AMERI_ES": 123.0, "ASIAN_PI": 58.0, "OTHER": 169.0, "HISPANIC": 679.0, "AGE_UNDER5": 2978.0, "AGE_5_17": 9136.0, "AGE_18_29": 6441.0, "AGE_30_49": 12055.0, "AGE_50_64": 5850.0, "AGE_65_UP": 4860.0, "NEVERMARRY": 5542.0, "MARRIED": 20113.0, "SEPARATED": 649.0, "WIDOWED": 2392.0, "DIVORCED": 2534.0, "HSEHLD_1_M": 1146.0, "HSEHLD_1_F": 1682.0, "MARHH_CHD": 5110.0, "MARHH_NO_C": 4631.0, "MHH_CHILD": 263.0, "FHH_CHILD": 982.0, "HSE_UNITS": 16486.0, "VACANT": 1793.0, "OWNER_OCC": 11834.0, "RENTER_OCC": 2859.0, "MEDIAN_VAL": 48300.0, "MEDIANRENT": 243, "UNITS_1DET": 11385.0, "UNITS_1ATT": 118.0, "UNITS2": 201.0, "UNITS3_9": 277.0, "UNITS10_49": 232.0, "UNITS50_UP": 0.0, "MOBILEHOME": 4134.0, "NO_FARMS87": 337.0, "AVG_SIZE87": 190.0, "CROP_ACR87": 12366.0, "AVG_SALE87": 5030.0, "Shape_Leng": 2.0665457464423569, "Shape_Area": 0.22043313323855401, "Datacenter": null, "GDP_Change": 4.9, "HP_Change": null, "Talent-Bachelor": null, "Talent-Master": null, "Talent-Doctor": null, "NetADD": null, "NewDatacenter2023": null, "NewDatacenter2024": null, "NewDatacenter2025": null, "NewDatacenter2022": null, "NewDatacenter2021": null, "1_DC": 0, "1_TT": -0.1119605, "1_TPM": -0.0007872, "1_GDP": -0.1848174, "1_TA": -0.3827795, "1_WI": -0.4878197, "1_SO": -0.3707, "1_ST": -0.3565562, "1_LP": 1.668696, "1_PF": 0.069318, "1_CP": -0.1614918, "1_T": 0.4597175, "1_NR": 0.6762675, "1_GW": 0.0144677, "1_SW": -0.220112, "1_RW": -0.1722456, "1_EG": -0.4922501, "1_OF": -1.322717 }, "geometry": { "type": "MultiPolygon", "coordinates": [ [ [ [ -94.102856257011297, 30.162600936781004 ], [ -94.159140498105273, 30.1747852085871 ], [ -94.167418752315825, 30.184853965744388 ], [ -94.203736057581864, 30.187699898262771 ], [ -94.242250611963186, 30.166807438573901 ], [ -94.272601404315424, 30.171608141729344 ], [ -94.291431284501414, 30.151960889602762 ], [ -94.300739327445569, 30.124478430243052 ], [ -94.342069023720455, 30.107825635535526 ], [ -94.398230810370933, 30.106129950189651 ], [ -94.423637471759889, 30.097798788521473 ], [ -94.451874847371755, 30.110236300632881 ], [ -94.476861961270345, 30.116084064633636 ], [ -94.608518448833706, 30.115771635350495 ], [ -94.733664114577152, 30.48978069690418 ], [ -94.54071796509794, 30.492289081250764 ], [ -94.548058135499275, 30.525630737165212 ], [ -94.063606791449786, 30.523023645528593 ], [ -94.11427352491279, 30.424483816079334 ], [ -94.083326351339849, 30.345831312204862 ], [ -94.109876720919999, 30.293631788150343 ], [ -94.110830214706425, 30.28038923836937 ], [ -94.096760672841697, 30.254880600656382 ], [ -94.101872442203273, 30.24277869494966 ], [ -94.103276126332105, 30.20847184388143 ], [ -94.088276145491477, 30.203535625504742 ], [ -94.085178449919454, 30.195116721254148 ], [ -94.100094395966096, 30.178958045645462 ], [ -94.102856257011297, 30.162600936781004 ] ] ] ] } },
{ "type": "Feature", "properties": { "fid": 189, "OBJECTID": 2792.0, "NAME": "Gillespie", "STATE_NAME": "Texas", "STATE_FIPS": "48", "CNTY_FIPS": "171", "FIPS": "48171", "AREA": 1091.3005, "POP1990": 17204.0, "POP1999": 20288.0, "POP90_SQMI": 16.0, "HOUSEHOLDS": 6711.0, "MALES": 8245.0, "FEMALES": 8959.0, "WHITE": 16325.0, "BLACK": 34.0, "AMERI_ES": 60.0, "ASIAN_PI": 27.0, "OTHER": 758.0, "HISPANIC": 2426.0, "AGE_UNDER5": 1040.0, "AGE_5_17": 2968.0, "AGE_18_29": 1980.0, "AGE_30_49": 4129.0, "AGE_50_64": 2894.0, "AGE_65_UP": 4193.0, "NEVERMARRY": 1983.0, "MARRIED": 9388.0, "SEPARATED": 125.0, "WIDOWED": 1482.0, "DIVORCED": 855.0, "HSEHLD_1_M": 525.0, "HSEHLD_1_F": 1096.0, "MARHH_CHD": 1666.0, "MARHH_NO_C": 2774.0, "MHH_CHILD": 73.0, "FHH_CHILD": 235.0, "HSE_UNITS": 8265.0, "VACANT": 1554.0, "OWNER_OCC": 5321.0, "RENTER_OCC": 1390.0, "MEDIAN_VAL": 63900.0, "MEDIANRENT": 292, "UNITS_1DET": 6498.0, "UNITS_1ATT": 102.0, "UNITS2": 91.0, "UNITS3_9": 155.0, "UNITS10_49": 81.0, "UNITS50_UP": 0.0, "MOBILEHOME": 1164.0, "NO_FARMS87": 1367.0, "AVG_SIZE87": 484.0, "CROP_ACR87": 116984.0, "AVG_SALE87": 26017.0, "Shape_Leng": 2.167951203801568, "Shape_Area": 0.26512030590566399, "Datacenter": null, "GDP_Change": 2.9, "HP_Change": null, "Talent-Bachelor": null, "Talent-Master": null, "Talent-Doctor": null, "NetADD": 222, "NewDatacenter2023": null, "NewDatacenter2024": null, "NewDatacenter2025": null, "NewDatacenter2022": null, "NewDatacenter2021": null, "1_DC": 0, "1_TT": -0.1119605, "1_TPM": 0.3600939, "1_GDP": -0.1862303, "1_TA": -0.4155971, "1_WI": -0.4878197, "1_SO": -0.3707, "1_ST": -0.3565562, "1_LP": 1.457607, "1_PF": 0.069318, "1_CP": -0.1614918, "1_T": 0.0113753, "1_NR": 0.2885509, "1_GW": -0.0770437, "1_SW": -0.220112, "1_RW": -0.1722456, "1_EG": -0.5380116, "1_OF": 0.0193203 }, "geometry": { "type": "MultiPolygon", "coordinates": [ [ [ [ -98.593795999898703, 30.140019041847161 ], [ -98.922778399066829, 30.13779610751617 ], [ -99.30973432484484, 30.143202343722542 ], [ -99.310667672134514, 30.284596342828596 ], [ -99.30773487928775, 30.506867250444159 ], [ -98.960858033284751, 30.509632601212406 ], [ -98.585919797398844, 30.506374395754815 ], [ -98.593795999898703, 30.140019041847161 ] ] ] ] } },
{ "type": "Feature", "properties": { "fid": 190, "OBJECTID": 2793.0, "NAME": "Blanco", "STATE_NAME": "Texas", "STATE_FIPS": "48", "CNTY_FIPS": "031", "FIPS": "48031", "AREA": 718.8712, "POP1990": 5972.0, "POP1999": 8684.0, "POP90_SQMI": 8.0, "HOUSEHOLDS": 2338.0, "MALES": 2849.0, "FEMALES": 3123.0, "WHITE": 5598.0, "BLACK": 56.0, "AMERI_ES": 17.0, "ASIAN_PI": 22.0, "OTHER": 279.0, "HISPANIC": 840.0, "AGE_UNDER5": 404.0, "AGE_5_17": 1086.0, "AGE_18_29": 759.0, "AGE_30_49": 1609.0, "AGE_50_64": 904.0, "AGE_65_UP": 1210.0, "NEVERMARRY": 765.0, "MARRIED": 3049.0, "SEPARATED": 65.0, "WIDOWED": 472.0, "DIVORCED": 370.0, "HSEHLD_1_M": 217.0, "HSEHLD_1_F": 371.0, "MARHH_CHD": 632.0, "MARHH_NO_C": 848.0, "MHH_CHILD": 48.0, "FHH_CHILD": 95.0, "HSE_UNITS": 3135.0, "VACANT": 797.0, "OWNER_OCC": 1702.0, "RENTER_OCC": 636.0, "MEDIAN_VAL": 56400.0, "MEDIANRENT": 210, "UNITS_1DET": 2338.0, "UNITS_1ATT": 35.0, "UNITS2": 67.0, "UNITS3_9": 66.0, "UNITS10_49": 8.0, "UNITS50_UP": 0.0, "MOBILEHOME": 564.0, "NO_FARMS87": 549.0, "AVG_SIZE87": 691.0, "CROP_ACR87": 34710.0, "AVG_SALE87": 25568.0, "Shape_Leng": 1.679697880539851, "Shape_Area": 0.17457234339536801, "Datacenter": null, "GDP_Change": 5.2, "HP_Change": null, "Talent-Bachelor": null, "Talent-Master": null, "Talent-Doctor": null, "NetADD": 422, "NewDatacenter2023": null, "NewDatacenter2024": null, "NewDatacenter2025": null, "NewDatacenter2022": null, "NewDatacenter2021": null, "1_DC": 0, "1_TT": -0.1119605, "1_TPM": 0.685212, "1_GDP": -0.2079871, "1_TA": -0.3843444, "1_WI": -0.4878197, "1_SO": -0.3707, "1_ST": -0.3377765, "1_LP": 1.774241, "1_PF": 0.069318, "1_CP": -0.1614918, "1_T": 0.4099017, "1_NR": -0.5180658, "1_GW": -0.1822672, "1_SW": -0.2137532, "1_RW": -0.1722456, "1_EG": -0.5380116, "1_OF": -1.434836 }, "geometry": { "type": "MultiPolygon", "coordinates": [ [ [ [ -98.30280632049687, 30.039313621334838 ], [ -98.418997267306224, 29.948109528309285 ], [ -98.593795999898703, 30.140019041847161 ], [ -98.585919797398844, 30.506374395754815 ], [ -98.390744921077612, 30.505984148623352 ], [ -98.348476398111131, 30.49804054207684 ], [ -98.126538023039757, 30.439147954040113 ], [ -98.171466923262187, 30.349324326499332 ], [ -98.20711902240123, 30.292262090608848 ], [ -98.30280632049687, 30.039313621334838 ] ] ] ] } },
{ "type": "Feature", "properties": { "fid": 191, "OBJECTID": 2798.0, "NAME": "Liberty", "STATE_NAME": "Texas", "STATE_FIPS": "48", "CNTY_FIPS": "291", "FIPS": "48291", "AREA": 1163.1605, "POP1990": 52726.0, "POP1999": 66088.0, "POP90_SQMI": 45.0, "HOUSEHOLDS": 18538.0, "MALES": 26321.0, "FEMALES": 26405.0, "WHITE": 44014.0, "BLACK": 6911.0, "AMERI_ES": 181.0, "ASIAN_PI": 124.0, "OTHER": 1496.0, "HISPANIC": 2880.0, "AGE_UNDER5": 3913.0, "AGE_5_17": 11490.0, "AGE_18_29": 8777.0, "AGE_30_49": 15128.0, "AGE_50_64": 7226.0, "AGE_65_UP": 6192.0, "NEVERMARRY": 7581.0, "MARRIED": 24661.0, "SEPARATED": 1045.0, "WIDOWED": 3231.0, "DIVORCED": 3334.0, "HSEHLD_1_M": 1675.0, "HSEHLD_1_F": 2245.0, "MARHH_CHD": 6271.0, "MARHH_NO_C": 5371.0, "MHH_CHILD": 363.0, "FHH_CHILD": 1298.0, "HSE_UNITS": 22243.0, "VACANT": 3705.0, "OWNER_OCC": 13990.0, "RENTER_OCC": 4548.0, "MEDIAN_VAL": 42100.0, "MEDIANRENT": 245, "UNITS_1DET": 14823.0, "UNITS_1ATT": 192.0, "UNITS2": 297.0, "UNITS3_9": 439.0, "UNITS10_49": 570.0, "UNITS50_UP": 223.0, "MOBILEHOME": 5490.0, "NO_FARMS87": 955.0, "AVG_SIZE87": 380.0, "CROP_ACR87": 183670.0, "AVG_SALE87": 22124.0, "Shape_Leng": 2.2973734396142249, "Shape_Area": 0.28214234342168298, "Datacenter": null, "GDP_Change": 3.5, "HP_Change": null, "Talent-Bachelor": null, "Talent-Master": null, "Talent-Doctor": null, "NetADD": null, "NewDatacenter2023": null, "NewDatacenter2024": null, "NewDatacenter2025": null, "NewDatacenter2022": null, "NewDatacenter2021": null, "1_DC": 0, "1_TT": -0.1119605, "1_TPM": -0.0007872, "1_GDP": -0.1553713, "1_TA": -0.1100316, "1_WI": -0.4878197, "1_SO": -0.3707, "1_ST": -0.3565562, "1_LP": 1.668696, "1_PF": 0.069318, "1_CP": -0.1614918, "1_T": 0.7337044, "1_NR": 1.001617, "1_GW": 0.2865089, "1_SW": -0.220112, "1_RW": -0.1722456, "1_EG": -0.4788227, "1_OF": -0.327231 }, "geometry": { "type": "MultiPolygon", "coordinates": [ [ [ [ -94.450454644937338, 29.896016141918597 ], [ -94.982970091404468, 29.886946571558578 ], [ -95.003272323496503, 29.917222979717483 ], [ -94.98773828234016, 29.964651204193373 ], [ -95.010672650085894, 29.995499756206168 ], [ -95.045219314023598, 30.000279638768202 ], [ -95.061241539328762, 30.014756133096586 ], [ -95.051643879205756, 30.051450547189894 ], [ -95.095354710559093, 30.168906150681263 ], [ -95.162779767450559, 30.353312528415547 ], [ -94.848283620355346, 30.491082368758192 ], [ -94.733664114577152, 30.48978069690418 ], [ -94.608518448833706, 30.115771635350495 ], [ -94.476861961270345, 30.116084064633636 ], [ -94.451874847371755, 30.110236300632881 ], [ -94.450454644937338, 29.896016141918597 ] ] ] ] } },
{ "type": "Feature", "properties": { "fid": 192, "OBJECTID": 2801.0, "NAME": "Bastrop", "STATE_NAME": "Texas", "STATE_FIPS": "48", "CNTY_FIPS": "021", "FIPS": "48021", "AREA": 900.1085, "POP1990": 38263.0, "POP1999": 52521.0, "POP90_SQMI": 43.0, "HOUSEHOLDS": 13379.0, "MALES": 19416.0, "FEMALES": 18847.0, "WHITE": 29607.0, "BLACK": 4512.0, "AMERI_ES": 181.0, "ASIAN_PI": 129.0, "OTHER": 3834.0, "HISPANIC": 6933.0, "AGE_UNDER5": 3063.0, "AGE_5_17": 7958.0, "AGE_18_29": 5787.0, "AGE_30_49": 11711.0, "AGE_50_64": 5012.0, "AGE_65_UP": 4732.0, "NEVERMARRY": 5704.0, "MARRIED": 17831.0, "SEPARATED": 676.0, "WIDOWED": 2137.0, "DIVORCED": 2544.0, "HSEHLD_1_M": 1292.0, "HSEHLD_1_F": 1587.0, "MARHH_CHD": 4266.0, "MARHH_NO_C": 4037.0, "MHH_CHILD": 253.0, "FHH_CHILD": 939.0, "HSE_UNITS": 16301.0, "VACANT": 2922.0, "OWNER_OCC": 10376.0, "RENTER_OCC": 3003.0, "MEDIAN_VAL": 53900.0, "MEDIANRENT": 253, "UNITS_1DET": 10599.0, "UNITS_1ATT": 290.0, "UNITS2": 426.0, "UNITS3_9": 266.0, "UNITS10_49": 168.0, "UNITS50_UP": 0.0, "MOBILEHOME": 4317.0, "NO_FARMS87": 1655.0, "AVG_SIZE87": 248.0, "CROP_ACR87": 123968.0, "AVG_SALE87": 12048.0, "Shape_Leng": 1.842328230467088, "Shape_Area": 0.21826754199992601, "Datacenter": null, "GDP_Change": 3.8, "HP_Change": -3.1, "Talent-Bachelor": null, "Talent-Master": null, "Talent-Doctor": null, "NetADD": -133, "NewDatacenter2023": 1, "NewDatacenter2024": null, "NewDatacenter2025": null, "NewDatacenter2022": null, "NewDatacenter2021": null, "1_DC": 0, "1_TT": -0.1119605, "1_TPM": -0.2169907, "1_GDP": -0.1347819, "1_TA": 0.0749552, "1_WI": -0.4878197, "1_SO": 0.3385406, "1_ST": 1.36179, "1_LP": 1.563151, "1_PF": 0.069318, "1_CP": -0.1614918, "1_T": 0.858244, "1_NR": 1.055668, "1_GW": 0.2719536, "1_SW": -0.2200453, "1_RW": -0.1364679, "1_EG": 0.9199584, "1_OF": -0.738336 }, "geometry": { "type": "MultiPolygon", "coordinates": [ [ [ [ -97.325281297404558, 29.783434829353649 ], [ -97.659923641156638, 30.074161761279708 ], [ -97.493287016544855, 30.209187451710278 ], [ -97.37431308101452, 30.425611071748563 ], [ -97.33402846368466, 30.409544463333969 ], [ -97.187126975370688, 30.335415157722277 ], [ -97.090321863035683, 30.258292641138805 ], [ -97.03670024149244, 30.05815537556127 ], [ -97.200103086634783, 29.892537826949813 ], [ -97.325281297404558, 29.783434829353649 ] ] ] ] } },
{ "type": "Feature", "properties": { "fid": 193, "OBJECTID": 2804.0, "NAME": "Washington", "STATE_NAME": "Texas", "STATE_FIPS": "48", "CNTY_FIPS": "477", "FIPS": "48477", "AREA": 641.4412, "POP1990": 26154.0, "POP1999": 29486.0, "POP90_SQMI": 41.0, "HOUSEHOLDS": 9619.0, "MALES": 12674.0, "FEMALES": 13480.0, "WHITE": 19782.0, "BLACK": 5463.0, "AMERI_ES": 46.0, "ASIAN_PI": 186.0, "OTHER": 677.0, "HISPANIC": 1158.0, "AGE_UNDER5": 1811.0, "AGE_5_17": 4842.0, "AGE_18_29": 4791.0, "AGE_30_49": 6657.0, "AGE_50_64": 3527.0, "AGE_65_UP": 4526.0, "NEVERMARRY": 5313.0, "MARRIED": 11524.0, "SEPARATED": 364.0, "WIDOWED": 2084.0, "DIVORCED": 1250.0, "HSEHLD_1_M": 960.0, "HSEHLD_1_F": 1565.0, "MARHH_CHD": 2563.0, "MARHH_NO_C": 2955.0, "MHH_CHILD": 131.0, "FHH_CHILD": 673.0, "HSE_UNITS": 11717.0, "VACANT": 2098.0, "OWNER_OCC": 6964.0, "RENTER_OCC": 2655.0, "MEDIAN_VAL": 58600.0, "MEDIANRENT": 262, "UNITS_1DET": 8784.0, "UNITS_1ATT": 193.0, "UNITS2": 453.0, "UNITS3_9": 232.0, "UNITS10_49": 366.0, "UNITS50_UP": 0.0, "MOBILEHOME": 1525.0, "NO_FARMS87": 1983.0, "AVG_SIZE87": 171.0, "CROP_ACR87": 149428.0, "AVG_SALE87": 11820.0, "Shape_Leng": 2.1186039157675389, "Shape_Area": 0.155675931026071, "Datacenter": null, "GDP_Change": -2.4, "HP_Change": null, "Talent-Bachelor": null, "Talent-Master": null, "Talent-Doctor": null, "NetADD": 544, "NewDatacenter2023": null, "NewDatacenter2024": null, "NewDatacenter2025": null, "NewDatacenter2022": null, "NewDatacenter2021": null, "1_DC": 0, "1_TT": -0.1119605, "1_TPM": 0.883534, "1_GDP": -0.1611094, "1_TA": 0.2861899, "1_WI": -0.4878197, "1_SO": -0.3707, "1_ST": -0.3565562, "1_LP": 1.014319, "1_PF": 0.069318, "1_CP": -0.1614918, "1_T": 0.8831519, "1_NR": 0.7552661, "1_GW": -0.1660254, "1_SW": -0.1637502, "1_RW": -0.1709399, "1_EG": -0.5380116, "1_OF": -0.8028896 }, "geometry": { "type": "MultiPolygon", "coordinates": [ [ [ [ -96.15755646903375, 30.066549909806064 ], [ -96.178034326036027, 30.057646878213912 ], [ -96.245372945685006, 30.074177437007446 ], [ -96.26134935733927, 30.071060968769189 ], [ -96.275799795494038, 30.078423004018934 ], [ -96.277569737848069, 30.09772264679869 ], [ -96.291440394109998, 30.094527960876928 ], [ -96.299634559003209, 30.100301256415189 ], [ -96.571210880789977, 30.058762543414996 ], [ -96.583357218639208, 30.05868243846729 ], [ -96.601240951358704, 30.072979399686037 ], [ -96.62791415819936, 30.053195198760825 ], [ -96.645599514975402, 30.072515941620306 ], [ -96.638229156238936, 30.110760708158622 ], [ -96.660904334498753, 30.124733458547873 ], [ -96.659897138186523, 30.14943082668967 ], [ -96.686997580159527, 30.145673517355846 ], [ -96.696557435722184, 30.170689425535933 ], [ -96.712503396489581, 30.155143199596015 ], [ -96.777408547745608, 30.14379107686279 ], [ -96.780147565150401, 30.154860944774715 ], [ -96.799847188667854, 30.164595702391821 ], [ -96.758525233518753, 30.194057526446361 ], [ -96.742991263820102, 30.239380260565319 ], [ -96.711999637485633, 30.247154264441043 ], [ -96.672432261447796, 30.270682460330928 ], [ -96.648932858031742, 30.302011505124934 ], [ -96.451042335633417, 30.348897680658563 ], [ -96.423537635858224, 30.348004986674589 ], [ -96.410757952312906, 30.361777439098784 ], [ -96.396673750690866, 30.356740259349607 ], [ -96.347394006598336, 30.380747060451295 ], [ -96.336468453964528, 30.376264910891795 ], [ -96.297732907317027, 30.389156091982347 ], [ -96.25934851583105, 30.370920450751637 ], [ -96.222932496700025, 30.379287511331146 ], [ -96.19855595286873, 30.390807353332548 ], [ -96.191078900241791, 30.403364847024328 ], [ -96.182121791829218, 30.402140325435855 ], [ -96.149726762778641, 30.380868253637615 ], [ -96.142776485581408, 30.33713427341883 ], [ -96.125900021742041, 30.313190180102417 ], [ -96.096228625626395, 30.313514253713016 ], [ -96.094786723423681, 30.299268765694009 ], [ -96.084502102991507, 30.292951794406889 ], [ -96.086852299970133, 30.24358190077843 ], [ -96.111472947405332, 30.237589413250149 ], [ -96.101539312382613, 30.223956229892465 ], [ -96.11428838508391, 30.211587686858454 ], [ -96.121780577807442, 30.221011523411907 ], [ -96.141876925782583, 30.209814078166755 ], [ -96.157540414203993, 30.214027311607026 ], [ -96.173287961893323, 30.193970589247261 ], [ -96.155557104783838, 30.143429867509912 ], [ -96.164651575171376, 30.141001962032931 ], [ -96.179506306741871, 30.151139151402617 ], [ -96.183283022610112, 30.137988571008794 ], [ -96.200358040372748, 30.134460209808466 ], [ -96.190546496790091, 30.118088191397906 ], [ -96.198961987136784, 30.107388466695198 ], [ -96.170595221577003, 30.104109748880695 ], [ -96.164056708889973, 30.097010876779432 ], [ -96.167329874883876, 30.083383477773424 ], [ -96.157739477677978, 30.085336476329523 ], [ -96.142434593306405, 30.073805083929489 ], [ -96.15755646903375, 30.066549909806064 ] ] ] ] } },
{ "type": "Feature", "properties": { "fid": 194, "OBJECTID": 2808.0, "NAME": "Hays", "STATE_NAME": "Texas", "STATE_FIPS": "48", "CNTY_FIPS": "209", "FIPS": "48209", "AREA": 662.1791, "POP1990": 65614.0, "POP1999": 92167.0, "POP90_SQMI": 99.0, "HOUSEHOLDS": 22218.0, "MALES": 32911.0, "FEMALES": 32703.0, "WHITE": 55360.0, "BLACK": 2220.0, "AMERI_ES": 230.0, "ASIAN_PI": 427.0, "OTHER": 7377.0, "HISPANIC": 18249.0, "AGE_UNDER5": 4373.0, "AGE_5_17": 11617.0, "AGE_18_29": 20346.0, "AGE_30_49": 18000.0, "AGE_50_64": 6068.0, "AGE_65_UP": 5210.0, "NEVERMARRY": 20281.0, "MARRIED": 25534.0, "SEPARATED": 839.0, "WIDOWED": 2228.0, "DIVORCED": 3301.0, "HSEHLD_1_M": 2501.0, "HSEHLD_1_F": 2453.0, "MARHH_CHD": 6499.0, "MARHH_NO_C": 5501.0, "MHH_CHILD": 353.0, "FHH_CHILD": 1135.0, "HSE_UNITS": 25247.0, "VACANT": 3029.0, "OWNER_OCC": 12940.0, "RENTER_OCC": 9278.0, "MEDIAN_VAL": 81300.0, "MEDIANRENT": 337, "UNITS_1DET": 14403.0, "UNITS_1ATT": 522.0, "UNITS2": 1087.0, "UNITS3_9": 2663.0, "UNITS10_49": 2032.0, "UNITS50_UP": 769.0, "MOBILEHOME": 3526.0, "NO_FARMS87": 701.0, "AVG_SIZE87": 424.0, "CROP_ACR87": 47572.0, "AVG_SALE87": 14877.0, "Shape_Leng": 1.750902832680767, "Shape_Area": 0.16029719467210299, "Datacenter": 4, "GDP_Change": 7.3, "HP_Change": -5.5, "Talent-Bachelor": null, "Talent-Master": null, "Talent-Doctor": null, "NetADD": -175, "NewDatacenter2023": null, "NewDatacenter2024": null, "NewDatacenter2025": null, "NewDatacenter2022": null, "NewDatacenter2021": null, "1_DC": 4, "1_TT": -0.1119605, "1_TPM": -0.2852655, "1_GDP": 0.0880637, "1_TA": 0.4835573, "1_WI": -0.4878197, "1_SO": -0.3707, "1_ST": -0.3565562, "1_LP": 1.563151, "1_PF": 5.247784, "1_CP": 7.251563, "1_T": 0.6340728, "1_NR": 1.362308, "1_GW": 0.2209184, "1_SW": 0.17165, "1_RW": -0.0965118, "1_EG": 0.7318332, "1_OF": -0.3374237 }, "geometry": { "type": "MultiPolygon", "coordinates": [ [ [ [ -98.006867854091468, 29.757701814687554 ], [ -98.037928298364307, 29.844385691340378 ], [ -98.30280632049687, 30.039313621334838 ], [ -98.20711902240123, 30.292262090608848 ], [ -98.171466923262187, 30.349324326499332 ], [ -97.727841585929752, 30.022479466814453 ], [ -97.800466750484247, 29.948865091318243 ], [ -97.832953275197326, 29.935775039299259 ], [ -97.901107727687759, 29.886268855458091 ], [ -97.908462503454587, 29.866257563916367 ], [ -97.923912292916953, 29.858765603122524 ], [ -97.894492756695627, 29.85682809202633 ], [ -97.955574667902511, 29.81264148510143 ], [ -98.006867854091468, 29.757701814687554 ] ] ] ] } },
{ "type": "Feature", "properties": { "fid": 195, "OBJECTID": 2812.0, "NAME": "Edwards", "STATE_NAME": "Texas", "STATE_FIPS": "48", "CNTY_FIPS": "137", "FIPS": "48137", "AREA": 2074.4307, "POP1990": 2266.0, "POP1999": 3974.0, "POP90_SQMI": 1.0, "HOUSEHOLDS": 795.0, "MALES": 1138.0, "FEMALES": 1128.0, "WHITE": 2114.0, "BLACK": 0.0, "AMERI_ES": 4.0, "ASIAN_PI": 4.0, "OTHER": 144.0, "HISPANIC": 1182.0, "AGE_UNDER5": 183.0, "AGE_5_17": 563.0, "AGE_18_29": 327.0, "AGE_30_49": 583.0, "AGE_50_64": 327.0, "AGE_65_UP": 283.0, "NEVERMARRY": 307.0, "MARRIED": 1097.0, "SEPARATED": 34.0, "WIDOWED": 122.0, "DIVORCED": 100.0, "HSEHLD_1_M": 88.0, "HSEHLD_1_F": 97.0, "MARHH_CHD": 272.0, "MARHH_NO_C": 237.0, "MHH_CHILD": 16.0, "FHH_CHILD": 48.0, "HSE_UNITS": 1550.0, "VACANT": 755.0, "OWNER_OCC": 574.0, "RENTER_OCC": 221.0, "MEDIAN_VAL": 30900.0, "MEDIANRENT": 169, "UNITS_1DET": 1206.0, "UNITS_1ATT": 3.0, "UNITS2": 6.0, "UNITS3_9": 5.0, "UNITS10_49": 0.0, "UNITS50_UP": 0.0, "MOBILEHOME": 316.0, "NO_FARMS87": 237.0, "AVG_SIZE87": 4358.0, "CROP_ACR87": 4749.0, "AVG_SALE87": 47978.0, "Shape_Leng": 3.20461901148238, "Shape_Area": 0.50222496589487997, "Datacenter": null, "GDP_Change": -17.8, "HP_Change": null, "Talent-Bachelor": null, "Talent-Master": null, "Talent-Doctor": null, "NetADD": null, "NewDatacenter2023": null, "NewDatacenter2024": null, "NewDatacenter2025": null, "NewDatacenter2022": null, "NewDatacenter2021": null, "1_DC": 0, "1_TT": -0.1119605, "1_TPM": -0.0007872, "1_GDP": -0.2208691, "1_TA": -1.090612, "1_WI": -0.4878197, "1_SO": -0.3707, "1_ST": -0.3565562, "1_LP": -0.7482793, "1_PF": 0.069318, "1_CP": -0.1614918, "1_T": 0.3849938, "1_NR": -1.409918, "1_GW": -0.238032, "1_SW": -0.220112, "1_RW": -0.1722456, "1_EG": -0.5380116, "1_OF": -0.9252018 }, "geometry": { "type": "MultiPolygon", "coordinates": [ [ [ [ -100.013987391774833, 29.624752336060748 ], [ -100.115782565145253, 29.626525578967044 ], [ -100.69134066126702, 29.622097133335224 ], [ -100.691123045522659, 30.287785297545732 ], [ -100.120420284115653, 30.288980648432233 ], [ -99.759169378351089, 30.286493450794033 ], [ -99.761350020700547, 30.080128420145424 ], [ -99.921215232875795, 30.080360667639937 ], [ -99.921207635072335, 30.086309301838568 ], [ -99.972914150278541, 30.087707155790792 ], [ -99.982428092250018, 30.025005221405671 ], [ -99.991385351420035, 30.020885594466758 ], [ -100.004034360361572, 29.903686728307633 ], [ -100.017721905745077, 29.89361250476659 ], [ -100.01981983771509, 29.870717748746141 ], [ -100.035597805898078, 29.851023300988331 ], [ -100.025595164247761, 29.837287271889849 ], [ -100.017698045669476, 29.796531083119689 ], [ -100.037145860879775, 29.776375067190116 ], [ -100.031346963005888, 29.7452313986925 ], [ -100.042371337799068, 29.716370362148286 ], [ -100.026073813202061, 29.683851294365905 ], [ -100.02921683749986, 29.660485174077383 ], [ -100.016093499614158, 29.643079391395123 ], [ -100.013987391774833, 29.624752336060748 ] ] ] ] } },
{ "type": "Feature", "properties": { "fid": 196, "OBJECTID": 2813.0, "NAME": "Val Verde", "STATE_NAME": "Texas", "STATE_FIPS": "48", "CNTY_FIPS": "465", "FIPS": "48465", "AREA": 3262.8824, "POP1990": 38721.0, "POP1999": 44460.0, "POP90_SQMI": 12.0, "HOUSEHOLDS": 11840.0, "MALES": 19191.0, "FEMALES": 19530.0, "WHITE": 26694.0, "BLACK": 757.0, "AMERI_ES": 126.0, "ASIAN_PI": 244.0, "OTHER": 10900.0, "HISPANIC": 27299.0, "AGE_UNDER5": 3565.0, "AGE_5_17": 9191.0, "AGE_18_29": 8121.0, "AGE_30_49": 9298.0, "AGE_50_64": 4803.0, "AGE_65_UP": 3743.0, "NEVERMARRY": 6997.0, "MARRIED": 17129.0, "SEPARATED": 758.0, "WIDOWED": 1826.0, "DIVORCED": 1505.0, "HSEHLD_1_M": 873.0, "HSEHLD_1_F": 1092.0, "MARHH_CHD": 4741.0, "MARHH_NO_C": 3087.0, "MHH_CHILD": 196.0, "FHH_CHILD": 1026.0, "HSE_UNITS": 13905.0, "VACANT": 2065.0, "OWNER_OCC": 7234.0, "RENTER_OCC": 4606.0, "MEDIAN_VAL": 43400.0, "MEDIANRENT": 267, "UNITS_1DET": 8905.0, "UNITS_1ATT": 1076.0, "UNITS2": 534.0, "UNITS3_9": 873.0, "UNITS10_49": 352.0, "UNITS50_UP": 171.0, "MOBILEHOME": 1800.0, "NO_FARMS87": 242.0, "AVG_SIZE87": 7280.0, "CROP_ACR87": 5565.0, "AVG_SALE87": 64849.0, "Shape_Leng": 4.1301901464375348, "Shape_Area": 0.78892888054700405, "Datacenter": null, "GDP_Change": 2.3, "HP_Change": null, "Talent-Bachelor": null, "Talent-Master": null, "Talent-Doctor": null, "NetADD": null, "NewDatacenter2023": null, "NewDatacenter2024": null, "NewDatacenter2025": null, "NewDatacenter2022": null, "NewDatacenter2021": null, "1_DC": 0, "1_TT": -0.1119605, "1_TPM": -0.0007872, "1_GDP": -0.1720218, "1_TA": -1.110608, "1_WI": -0.099399, "1_SO": -0.3707, "1_ST": -0.2626576, "1_LP": -0.7482793, "1_PF": 0.069318, "1_CP": -0.1614918, "1_T": 0.9329677, "1_NR": 0.8893557, "1_GW": 0.1813221, "1_SW": -0.2190272, "1_RW": -0.1722456, "1_EG": -0.4111917, "1_OF": -1.26156 }, "geometry": { "type": "MultiPolygon", "coordinates": [ [ [ [ -100.69134066126702, 29.622097133335224 ], [ -100.69147586169629, 29.448868642826284 ], [ -100.705940643480972, 29.363967003209776 ], [ -100.718803941201031, 29.340041758910004 ], [ -100.740166847776379, 29.330728302678317 ], [ -100.746186295394068, 29.302715724898711 ], [ -100.739212541291465, 29.282130250656714 ], [ -100.746307819537265, 29.25823552758709 ], [ -100.756218680379277, 29.256331948229295 ], [ -100.755585288344264, 29.243953608056191 ], [ -100.787484728038578, 29.247853652253234 ], [ -100.797357397043754, 29.242736283820339 ], [ -101.009431431375617, 29.373482498609643 ], [ -101.067737701075032, 29.473776317956958 ], [ -101.261811592181004, 29.52669200721876 ], [ -101.254968894260912, 29.628964166232091 ], [ -101.309313731436703, 29.581124802033582 ], [ -101.306247295964852, 29.652643969650057 ], [ -101.368786706053584, 29.657372859460377 ], [ -101.416487229422501, 29.74564086018135 ], [ -101.401663348136537, 29.770111532423613 ], [ -101.448813721740237, 29.76079172924052 ], [ -101.47085580551942, 29.788895182679138 ], [ -101.538735789528573, 29.763222146892161 ], [ -101.544344162319817, 29.810322559043911 ], [ -101.581881251251559, 29.765353974054225 ], [ -101.640064539983257, 29.757163362943757 ], [ -101.75949121384582, 29.787367751743112 ], [ -101.759014881674432, 30.284110620546297 ], [ -101.75059181721457, 30.286075145666274 ], [ -100.954001357523339, 30.287644558165372 ], [ -100.691123045522659, 30.287785297545732 ], [ -100.69134066126702, 29.622097133335224 ] ] ] ] } },
{ "type": "Feature", "properties": { "fid": 197, "OBJECTID": 2814.0, "NAME": "Kerr", "STATE_NAME": "Texas", "STATE_FIPS": "48", "CNTY_FIPS": "265", "FIPS": "48265", "AREA": 1056.5552, "POP1990": 36304.0, "POP1999": 44075.0, "POP90_SQMI": 34.0, "HOUSEHOLDS": 14384.0, "MALES": 17174.0, "FEMALES": 19130.0, "WHITE": 32842.0, "BLACK": 805.0, "AMERI_ES": 128.0, "ASIAN_PI": 141.0, "OTHER": 2388.0, "HISPANIC": 5994.0, "AGE_UNDER5": 2273.0, "AGE_5_17": 6158.0, "AGE_18_29": 4791.0, "AGE_30_49": 8592.0, "AGE_50_64": 5525.0, "AGE_65_UP": 8965.0, "NEVERMARRY": 4783.0, "MARRIED": 18151.0, "SEPARATED": 504.0, "WIDOWED": 3095.0, "DIVORCED": 2701.0, "HSEHLD_1_M": 1261.0, "HSEHLD_1_F": 2675.0, "MARHH_CHD": 3228.0, "MARHH_NO_C": 5260.0, "MHH_CHILD": 172.0, "FHH_CHILD": 845.0, "HSE_UNITS": 17161.0, "VACANT": 2777.0, "OWNER_OCC": 9991.0, "RENTER_OCC": 4393.0, "MEDIAN_VAL": 67300.0, "MEDIANRENT": 294, "UNITS_1DET": 10939.0, "UNITS_1ATT": 591.0, "UNITS2": 446.0, "UNITS3_9": 1089.0, "UNITS10_49": 708.0, "UNITS50_UP": 82.0, "MOBILEHOME": 3128.0, "NO_FARMS87": 584.0, "AVG_SIZE87": 924.0, "CROP_ACR87": 43901.0, "AVG_SALE87": 14749.0, "Shape_Leng": 2.5427837803385729, "Shape_Area": 0.25595614668040001, "Datacenter": null, "GDP_Change": 3.5, "HP_Change": null, "Talent-Bachelor": null, "Talent-Master": null, "Talent-Doctor": null, "NetADD": 377, "NewDatacenter2023": null, "NewDatacenter2024": null, "NewDatacenter2025": null, "NewDatacenter2022": null, "NewDatacenter2021": null, "1_DC": 0, "1_TT": -0.1119605, "1_TPM": 0.6120604, "1_GDP": -0.1576462, "1_TA": -0.3339241, "1_WI": -0.4878197, "1_SO": -0.3707, "1_ST": -0.3565562, "1_LP": 1.774241, "1_PF": 0.069318, "1_CP": -0.1614918, "1_T": -0.0384405, "1_NR": 0.9246972, "1_GW": -0.1027447, "1_SW": -0.1598782, "1_RW": 0.1202436, "1_EG": -0.5380116, "1_OF": 0.804157 }, "geometry": { "type": "MultiPolygon", "coordinates": [ [ [ [ -99.621746694968863, 29.919973420141314 ], [ -99.689674532479842, 29.920187009538875 ], [ -99.69330022404057, 30.077670132561146 ], [ -99.761350020700547, 30.080128420145424 ], [ -99.759169378351089, 30.286493450794033 ], [ -99.310667672134514, 30.284596342828596 ], [ -99.30973432484484, 30.143202343722542 ], [ -98.922778399066829, 30.13779610751617 ], [ -98.929912966833513, 29.791280913538014 ], [ -99.178998259916398, 29.910216586996146 ], [ -99.319993212826887, 29.923090154175988 ], [ -99.621746694968863, 29.919973420141314 ] ] ] ] } },
{ "type": "Feature", "properties": { "fid": 198, "OBJECTID": 2816.0, "NAME": "Waller", "STATE_NAME": "Texas", "STATE_FIPS": "48", "CNTY_FIPS": "473", "FIPS": "48473", "AREA": 514.8522, "POP1990": 23390.0, "POP1999": 27687.0, "POP90_SQMI": 45.0, "HOUSEHOLDS": 7402.0, "MALES": 11490.0, "FEMALES": 11900.0, "WHITE": 12987.0, "BLACK": 8796.0, "AMERI_ES": 28.0, "ASIAN_PI": 69.0, "OTHER": 1510.0, "HISPANIC": 2592.0, "AGE_UNDER5": 1572.0, "AGE_5_17": 4358.0, "AGE_18_29": 6308.0, "AGE_30_49": 5816.0, "AGE_50_64": 2774.0, "AGE_65_UP": 2562.0, "NEVERMARRY": 6581.0, "MARRIED": 8864.0, "SEPARATED": 376.0, "WIDOWED": 1250.0, "DIVORCED": 1293.0, "HSEHLD_1_M": 744.0, "HSEHLD_1_F": 919.0, "MARHH_CHD": 2133.0, "MARHH_NO_C": 1980.0, "MHH_CHILD": 153.0, "FHH_CHILD": 641.0, "HSE_UNITS": 8824.0, "VACANT": 1422.0, "OWNER_OCC": 5084.0, "RENTER_OCC": 2318.0, "MEDIAN_VAL": 54300.0, "MEDIANRENT": 237, "UNITS_1DET": 6080.0, "UNITS_1ATT": 93.0, "UNITS2": 197.0, "UNITS3_9": 643.0, "UNITS10_49": 206.0, "UNITS50_UP": 0.0, "MOBILEHOME": 1523.0, "NO_FARMS87": 893.0, "AVG_SIZE87": 310.0, "CROP_ACR87": 121223.0, "AVG_SALE87": 26816.0, "Shape_Leng": 2.136153111988873, "Shape_Area": 0.12463358031803, "Datacenter": 3, "GDP_Change": -2.1, "HP_Change": null, "Talent-Bachelor": null, "Talent-Master": null, "Talent-Doctor": null, "NetADD": 534, "NewDatacenter2023": null, "NewDatacenter2024": null, "NewDatacenter2025": null, "NewDatacenter2022": null, "NewDatacenter2021": null, "1_DC": 3, "1_TT": -0.1119605, "1_TPM": 0.8672781, "1_GDP": -0.0972775, "1_TA": 0.5484572, "1_WI": -0.4878197, "1_SO": -0.3707, "1_ST": -0.3565562, "1_LP": 1.668696, "1_PF": 0.069318, "1_CP": -0.1614918, "1_T": 0.9827835, "1_NR": 0.6991355, "1_GW": 0.1031561, "1_SW": -0.220112, "1_RW": -0.1722456, "1_EG": -0.4946252, "1_OF": 0.0363081 }, "geometry": { "type": "MultiPolygon", "coordinates": [ [ [ [ -95.834396638645785, 29.795790297214182 ], [ -95.952808545027892, 29.742031138389212 ], [ -95.975949199145418, 29.74197226681046 ], [ -95.974728461946086, 29.734591085050901 ], [ -96.045729740785873, 29.734440854699017 ], [ -96.052687988421894, 29.797954883533205 ], [ -96.057219983389587, 29.802244343970127 ], [ -96.068031149734566, 29.796217420268235 ], [ -96.078628690105518, 29.805767145692581 ], [ -96.098488582215793, 29.808771164975781 ], [ -96.101059759067311, 29.821237071736643 ], [ -96.116166394710547, 29.82452716330576 ], [ -96.12655791898635, 29.838646699376365 ], [ -96.100426490160942, 29.856965902415531 ], [ -96.114937999877156, 29.87306519677426 ], [ -96.096214940153175, 29.879271374669631 ], [ -96.127076689598539, 29.895035050025566 ], [ -96.12135447180799, 29.915911973578485 ], [ -96.133653374538881, 29.934677618598322 ], [ -96.127481021951553, 29.94270528279646 ], [ -96.111031605564733, 29.944869970714223 ], [ -96.125062426124998, 29.960490538704835 ], [ -96.096573512296459, 29.960850908229634 ], [ -96.105049990092311, 29.971234100774545 ], [ -96.105500126872698, 29.995074940074911 ], [ -96.092323793678133, 30.006058835364051 ], [ -96.100037237747983, 30.021452396790405 ], [ -96.115731289251926, 30.024301910289665 ], [ -96.117127429693141, 30.039470393575357 ], [ -96.127717244874646, 30.049924155403968 ], [ -96.148538354237132, 30.056155275630449 ], [ -96.15755646903375, 30.066549909806064 ], [ -96.142434593306405, 30.073805083929489 ], [ -96.157739477677978, 30.085336476329523 ], [ -96.167329874883876, 30.083383477773424 ], [ -96.164056708889973, 30.097010876779432 ], [ -96.170595221577003, 30.104109748880695 ], [ -96.198961987136784, 30.107388466695198 ], [ -96.190546496790091, 30.118088191397906 ], [ -96.200358040372748, 30.134460209808466 ], [ -96.183283022610112, 30.137988571008794 ], [ -96.179506306741871, 30.151139151402617 ], [ -96.164651575171376, 30.141001962032931 ], [ -96.155557104783838, 30.143429867509912 ], [ -96.173287961893323, 30.193970589247261 ], [ -96.157540414203993, 30.214027311607026 ], [ -96.141876925782583, 30.209814078166755 ], [ -96.121780577807442, 30.221011523411907 ], [ -96.11428838508391, 30.211587686858454 ], [ -96.101539312382613, 30.223956229892465 ], [ -95.806250318423224, 30.246955230735619 ], [ -95.812201471890944, 30.088698036919709 ], [ -95.826392636493949, 30.079619477201316 ], [ -95.846695149498316, 30.085430941054135 ], [ -95.875733579522716, 30.117221261230604 ], [ -95.903131658148197, 30.118708961750496 ], [ -95.918680854614308, 30.135321249023118 ], [ -95.964550241913685, 30.159005700208446 ], [ -95.834396638645785, 29.795790297214182 ] ] ] ] } },
{ "type": "Feature", "properties": { "fid": 199, "OBJECTID": 2818.0, "NAME": "Orange", "STATE_NAME": "Texas", "STATE_FIPS": "48", "CNTY_FIPS": "361", "FIPS": "48361", "AREA": 365.0498, "POP1990": 80509.0, "POP1999": 85199.0, "POP90_SQMI": 221.0, "HOUSEHOLDS": 29025.0, "MALES": 39374.0, "FEMALES": 41135.0, "WHITE": 72607.0, "BLACK": 6768.0, "AMERI_ES": 189.0, "ASIAN_PI": 484.0, "OTHER": 461.0, "HISPANIC": 1933.0, "AGE_UNDER5": 5793.0, "AGE_5_17": 17208.0, "AGE_18_29": 13369.0, "AGE_30_49": 23279.0, "AGE_50_64": 12120.0, "AGE_65_UP": 8740.0, "NEVERMARRY": 11371.0, "MARRIED": 38816.0, "SEPARATED": 1228.0, "WIDOWED": 4325.0, "DIVORCED": 5568.0, "HSEHLD_1_M": 2362.0, "HSEHLD_1_F": 3286.0, "MARHH_CHD": 9631.0, "MARHH_NO_C": 9098.0, "MHH_CHILD": 516.0, "FHH_CHILD": 2157.0, "HSE_UNITS": 32032.0, "VACANT": 3007.0, "OWNER_OCC": 21951.0, "RENTER_OCC": 7074.0, "MEDIAN_VAL": 44400.0, "MEDIANRENT": 254, "UNITS_1DET": 22366.0, "UNITS_1ATT": 672.0, "UNITS2": 563.0, "UNITS3_9": 852.0, "UNITS10_49": 913.0, "UNITS50_UP": 666.0, "MOBILEHOME": 5766.0, "NO_FARMS87": 309.0, "AVG_SIZE87": 174.0, "CROP_ACR87": 17519.0, "AVG_SALE87": 6488.0, "Shape_Leng": 1.3181917604824009, "Shape_Area": 0.088501008165921005, "Datacenter": null, "GDP_Change": 13.8, "HP_Change": null, "Talent-Bachelor": null, "Talent-Master": null, "Talent-Doctor": null, "NetADD": null, "NewDatacenter2023": null, "NewDatacenter2024": null, "NewDatacenter2025": null, "NewDatacenter2022": null, "NewDatacenter2021": null, "1_DC": 0, "1_TT": -0.1119605, "1_TPM": -0.0007872, "1_GDP": -0.1034406, "1_TA": 1.635602, "1_WI": -0.4878197, "1_SO": -0.3707, "1_ST": -0.3565562, "1_LP": 1.668696, "1_PF": 0.069318, "1_CP": -0.1614918, "1_T": 0.6340728, "1_NR": 1.210547, "1_GW": 0.1619272, "1_SW": -0.2193276, "1_RW": -0.1722456, "1_EG": 0.9434741, "1_OF": -0.9150092 }, "geometry": { "type": "MultiPolygon", "coordinates": [ [ [ [ -93.760367515825976, 30.006176402247188 ], [ -93.857446945529546, 29.990866892000394 ], [ -93.856500235924727, 29.964814994141406 ], [ -93.910328193026544, 29.997039159581242 ], [ -93.931111303340003, 29.994525404361983 ], [ -93.953710487256501, 30.010457306667064 ], [ -94.002074872730248, 30.013581723052564 ], [ -94.037972703303069, 30.035727830579006 ], [ -94.037339570781285, 30.059082900151708 ], [ -94.063761269116014, 30.073819003430074 ], [ -94.092326825512771, 30.073533107687947 ], [ -94.096706409494345, 30.100824897743141 ], [ -94.082423712149193, 30.115644633535577 ], [ -94.086940543982735, 30.126436248535075 ], [ -94.110981707221299, 30.130481820410012 ], [ -94.113690353845698, 30.151721686345404 ], [ -94.102856257011297, 30.162600936781004 ], [ -94.100094395966096, 30.178958045645462 ], [ -94.085178449919454, 30.195116721254148 ], [ -94.088276145491477, 30.203535625504742 ], [ -94.103276126332105, 30.20847184388143 ], [ -94.101872442203273, 30.24277869494966 ], [ -93.897884899522467, 30.243534318510555 ], [ -93.707523969358192, 30.239578774627933 ], [ -93.715008699878808, 30.220513417126273 ], [ -93.704525659273429, 30.181068445087838 ], [ -93.696331428741303, 30.175884368128951 ], [ -93.699825867499214, 30.151016977352924 ], [ -93.683307681647989, 30.14844016860188 ], [ -93.686123038757728, 30.14146136133904 ], [ -93.6988035173149, 30.141434689711829 ], [ -93.697086901519299, 30.118138901283626 ], [ -93.708546644864953, 30.114949910014019 ], [ -93.716023749747762, 30.095878798311663 ], [ -93.712643900102989, 30.060731019117043 ], [ -93.760367515825976, 30.006176402247188 ] ] ] ] } },
{ "type": "Feature", "properties": { "fid": 200, "OBJECTID": 2821.0, "NAME": "Jefferson", "STATE_NAME": "Texas", "STATE_FIPS": "48", "CNTY_FIPS": "245", "FIPS": "48245", "AREA": 969.6736, "POP1990": 239397.0, "POP1999": 241378.0, "POP90_SQMI": 247.0, "HOUSEHOLDS": 90520.0, "MALES": 114849.0, "FEMALES": 124548.0, "WHITE": 154273.0, "BLACK": 74412.0, "AMERI_ES": 578.0, "ASIAN_PI": 5145.0, "OTHER": 4989.0, "HISPANIC": 12629.0, "AGE_UNDER5": 17628.0, "AGE_5_17": 47062.0, "AGE_18_29": 41183.0, "AGE_30_49": 65887.0, "AGE_50_64": 34003.0, "AGE_65_UP": 33634.0, "NEVERMARRY": 42597.0, "MARRIED": 101157.0, "SEPARATED": 5223.0, "WIDOWED": 16685.0, "DIVORCED": 18778.0, "HSEHLD_1_M": 9594.0, "HSEHLD_1_F": 13993.0, "MARHH_CHD": 22898.0, "MARHH_NO_C": 25401.0, "MHH_CHILD": 1534.0, "FHH_CHILD": 8804.0, "HSE_UNITS": 101289.0, "VACANT": 10769.0, "OWNER_OCC": 59715.0, "RENTER_OCC": 30805.0, "MEDIAN_VAL": 41800.0, "MEDIANRENT": 268, "UNITS_1DET": 74299.0, "UNITS_1ATT": 3201.0, "UNITS2": 2200.0, "UNITS3_9": 6789.0, "UNITS10_49": 6513.0, "UNITS50_UP": 3633.0, "MOBILEHOME": 3441.0, "NO_FARMS87": 532.0, "AVG_SIZE87": 586.0, "CROP_ACR87": 117581.0, "AVG_SALE87": 33562.0, "Shape_Leng": 2.339303036659953, "Shape_Area": 0.234581233125158, "Datacenter": null, "GDP_Change": 12.4, "HP_Change": null, "Talent-Bachelor": null, "Talent-Master": null, "Talent-Doctor": null, "NetADD": null, "NewDatacenter2023": null, "NewDatacenter2024": null, "NewDatacenter2025": null, "NewDatacenter2022": null, "NewDatacenter2021": null, "1_DC": 0, "1_TT": -0.1119605, "1_TPM": -0.0007872, "1_GDP": 0.32744, "1_TA": 0.5129154, "1_WI": -0.4878197, "1_SO": -0.3707, "1_ST": -0.3565562, "1_LP": 1.668696, "1_PF": 0.069318, "1_CP": -0.1614918, "1_T": 0.7586123, "1_NR": 1.52966, "1_GW": -0.0186392, "1_SW": 0.7489703, "1_RW": -0.1722456, "1_EG": 1.484334, "1_OF": 0.1246447 }, "geometry": { "type": "MultiPolygon", "coordinates": [ [ [ [ -94.35718211256625, 29.560128951473388 ], [ -94.368070208841232, 29.897759254047536 ], [ -94.450454644937338, 29.896016141918597 ], [ -94.451874847371755, 30.110236300632881 ], [ -94.423637471759889, 30.097798788521473 ], [ -94.398230810370933, 30.106129950189651 ], [ -94.342069023720455, 30.107825635535526 ], [ -94.300739327445569, 30.124478430243052 ], [ -94.291431284501414, 30.151960889602762 ], [ -94.272601404315424, 30.171608141729344 ], [ -94.242250611963186, 30.166807438573901 ], [ -94.203736057581864, 30.187699898262771 ], [ -94.167418752315825, 30.184853965744388 ], [ -94.159140498105273, 30.1747852085871 ], [ -94.102856257011297, 30.162600936781004 ], [ -94.113690353845698, 30.151721686345404 ], [ -94.110981707221299, 30.130481820410012 ], [ -94.086940543982735, 30.126436248535075 ], [ -94.082423712149193, 30.115644633535577 ], [ -94.096706409494345, 30.100824897743141 ], [ -94.092326825512771, 30.073533107687947 ], [ -94.063761269116014, 30.073819003430074 ], [ -94.037339570781285, 30.059082900151708 ], [ -94.037972703303069, 30.035727830579006 ], [ -94.002074872730248, 30.013581723052564 ], [ -93.953710487256501, 30.010457306667064 ], [ -93.931111303340003, 29.994525404361983 ], [ -93.910328193026544, 29.997039159581242 ], [ -93.856500235924727, 29.964814994141406 ], [ -93.95193662531284, 29.818579060248293 ], [ -93.835125103290352, 29.67479196366039 ], [ -94.065581521220111, 29.674296889279418 ], [ -94.35718211256625, 29.560128951473388 ] ] ] ] } },
{ "type": "Feature", "properties": { "fid": 201, "OBJECTID": 2822.0, "NAME": "Fayette", "STATE_NAME": "Texas", "STATE_FIPS": "48", "CNTY_FIPS": "149", "FIPS": "48149", "AREA": 953.2431, "POP1990": 20095.0, "POP1999": 21573.0, "POP90_SQMI": 21.0, "HOUSEHOLDS": 8101.0, "MALES": 9772.0, "FEMALES": 10323.0, "WHITE": 17323.0, "BLACK": 1686.0, "AMERI_ES": 29.0, "ASIAN_PI": 15.0, "OTHER": 1042.0, "HISPANIC": 1702.0, "AGE_UNDER5": 1213.0, "AGE_5_17": 3611.0, "AGE_18_29": 2638.0, "AGE_30_49": 4969.0, "AGE_50_64": 2981.0, "AGE_65_UP": 4683.0, "NEVERMARRY": 3042.0, "MARRIED": 9970.0, "SEPARATED": 248.0, "WIDOWED": 1901.0, "DIVORCED": 889.0, "HSEHLD_1_M": 850.0, "HSEHLD_1_F": 1450.0, "MARHH_CHD": 2041.0, "MARHH_NO_C": 2758.0, "MHH_CHILD": 92.0, "FHH_CHILD": 361.0, "HSE_UNITS": 10756.0, "VACANT": 2655.0, "OWNER_OCC": 6086.0, "RENTER_OCC": 2015.0, "MEDIAN_VAL": 53100.0, "MEDIANRENT": 208, "UNITS_1DET": 8348.0, "UNITS_1ATT": 146.0, "UNITS2": 207.0, "UNITS3_9": 192.0, "UNITS10_49": 164.0, "UNITS50_UP": 0.0, "MOBILEHOME": 1557.0, "NO_FARMS87": 2750.0, "AVG_SIZE87": 193.0, "CROP_ACR87": 208526.0, "AVG_SALE87": 19576.0, "Shape_Leng": 2.0467987323668102, "Shape_Area": 0.230639701504262, "Datacenter": null, "GDP_Change": -1.3, "HP_Change": null, "Talent-Bachelor": null, "Talent-Master": null, "Talent-Doctor": null, "NetADD": 271, "NewDatacenter2023": null, "NewDatacenter2024": null, "NewDatacenter2025": null, "NewDatacenter2022": null, "NewDatacenter2021": null, "1_DC": 0, "1_TT": -0.1119605, "1_TPM": 0.4397478, "1_GDP": -0.1789351, "1_TA": 0.3853032, "1_WI": -0.4878197, "1_SO": 0.4713048, "1_ST": -0.3565562, "1_LP": 1.267626, "1_PF": 0.069318, "1_CP": -0.1614918, "1_T": 1.082415, "1_NR": 0.297906, "1_GW": -0.1188398, "1_SW": -0.220112, "1_RW": -0.1722456, "1_EG": 1.554881, "1_OF": 0.4813886 }, "geometry": { "type": "MultiPolygon", "coordinates": [ [ [ [ -96.880079837077403, 29.636854794167547 ], [ -97.150601923217778, 29.632815961544043 ], [ -97.138684576673086, 29.643504426475292 ], [ -97.325281297404558, 29.783434829353649 ], [ -97.200103086634783, 29.892537826949813 ], [ -97.03670024149244, 30.05815537556127 ], [ -97.032664117520142, 30.038353920010572 ], [ -96.854765041441794, 30.124060133239983 ], [ -96.799847188667854, 30.164595702391821 ], [ -96.780147565150401, 30.154860944774715 ], [ -96.777408547745608, 30.14379107686279 ], [ -96.712503396489581, 30.155143199596015 ], [ -96.696557435722184, 30.170689425535933 ], [ -96.686997580159527, 30.145673517355846 ], [ -96.659897138186523, 30.14943082668967 ], [ -96.660904334498753, 30.124733458547873 ], [ -96.638229156238936, 30.110760708158622 ], [ -96.645599514975402, 30.072515941620306 ], [ -96.62791415819936, 30.053195198760825 ], [ -96.576277211030913, 29.962269670240257 ], [ -96.86007509171418, 29.666076357925824 ], [ -96.880079837077403, 29.636854794167547 ] ] ] ] } },
{ "type": "Feature", "properties": { "fid": 202, "OBJECTID": 2823.0, "NAME": "Harris", "STATE_NAME": "Texas", "STATE_FIPS": "48", "CNTY_FIPS": "201", "FIPS": "48201", "AREA": 1741.4574, "POP1990": 2818199.0, "POP1999": 3259207.0, "POP90_SQMI": 1618.0, "HOUSEHOLDS": 1026448.0, "MALES": 1400246.0, "FEMALES": 1417953.0, "WHITE": 1824137.0, "BLACK": 541180.0, "AMERI_ES": 8044.0, "ASIAN_PI": 110848.0, "OTHER": 333990.0, "HISPANIC": 644935.0, "AGE_UNDER5": 242870.0, "AGE_5_17": 562139.0, "AGE_18_29": 588733.0, "AGE_30_49": 918871.0, "AGE_50_64": 307364.0, "AGE_65_UP": 198222.0, "NEVERMARRY": 599931.0, "MARRIED": 1133498.0, "SEPARATED": 74580.0, "WIDOWED": 110452.0, "DIVORCED": 216887.0, "HSEHLD_1_M": 132948.0, "HSEHLD_1_F": 136337.0, "MARHH_CHD": 298719.0, "MARHH_NO_C": 230254.0, "MHH_CHILD": 22329.0, "FHH_CHILD": 91596.0, "HSE_UNITS": 1173808.0, "VACANT": 147360.0, "OWNER_OCC": 533815.0, "RENTER_OCC": 492633.0, "MEDIAN_VAL": 63500.0, "MEDIANRENT": 339, "UNITS_1DET": 637614.0, "UNITS_1ATT": 46716.0, "UNITS2": 18564.0, "UNITS3_9": 104955.0, "UNITS10_49": 176145.0, "UNITS50_UP": 148307.0, "MOBILEHOME": 28031.0, "NO_FARMS87": 1936.0, "AVG_SIZE87": 194.0, "CROP_ACR87": 162421.0, "AVG_SALE87": 20511.0, "Shape_Leng": 3.551192236802347, "Shape_Area": 0.42118535863824902, "Datacenter": 45, "GDP_Change": 3.8, "HP_Change": -2.5, "Talent-Bachelor": 1721, "Talent-Master": 1753, "Talent-Doctor": 1449, "NetADD": -7069, "NewDatacenter2023": null, "NewDatacenter2024": null, "NewDatacenter2025": null, "NewDatacenter2022": null, "NewDatacenter2021": null, "1_DC": 45, "1_TT": 7.572331, "1_TPM": -11.49209, "1_GDP": 11.80347, "1_TA": 4.171156, "1_WI": -0.4878197, "1_SO": -0.3707, "1_ST": 3.512069, "1_LP": 1.668696, "1_PF": 0.069318, "1_CP": -0.1614918, "1_T": 1.082415, "1_NR": 1.668947, "1_GW": 9.055291, "1_SW": 10.48961, "1_RW": 0.7658092, "1_EG": 8.63309, "1_OF": 1.028396 }, "geometry": { "type": "MultiPolygon", "coordinates": [ [ [ [ -95.216543381900692, 29.5667550085644 ], [ -95.25516455874714, 29.561567716645982 ], [ -95.25293669804006, 29.572940905867458 ], [ -95.272842383031843, 29.601334972042437 ], [ -95.289955636328614, 29.605288920827775 ], [ -95.332071191175999, 29.603435339941175 ], [ -95.345186545529373, 29.594366259095029 ], [ -95.385203963236563, 29.592402050379903 ], [ -95.398288809696965, 29.583781194835602 ], [ -95.421231102055117, 29.586585088601996 ], [ -95.489485634056109, 29.615587825904125 ], [ -95.48491560161898, 29.593379336318467 ], [ -95.501830548969622, 29.58169542538554 ], [ -95.500640107548691, 29.622930960706626 ], [ -95.608003606930424, 29.66859784859431 ], [ -95.834396638645785, 29.795790297214182 ], [ -95.964550241913685, 30.159005700208446 ], [ -95.918680854614308, 30.135321249023118 ], [ -95.903131658148197, 30.118708961750496 ], [ -95.875733579522716, 30.117221261230604 ], [ -95.846695149498316, 30.085430941054135 ], [ -95.826392636493949, 30.079619477201316 ], [ -95.812201471890944, 30.088698036919709 ], [ -95.773694597508779, 30.087675689155969 ], [ -95.71589244494379, 30.102380711133041 ], [ -95.67419650738276, 30.101657903875445 ], [ -95.584838298976081, 30.142530928001488 ], [ -95.570212310542104, 30.158891585750318 ], [ -95.544065567848747, 30.163329903101932 ], [ -95.511258134937407, 30.14458143956324 ], [ -95.491535543983787, 30.108951547576975 ], [ -95.472759101109489, 30.104511397190116 ], [ -95.428873690900787, 30.114600957145825 ], [ -95.39753884707909, 30.089003224243296 ], [ -95.353416799340494, 30.075224896430814 ], [ -95.328452643850994, 30.059039537325674 ], [ -95.309790469676216, 30.034408635647281 ], [ -95.289983966021055, 30.029892081054065 ], [ -95.284063465821987, 30.041093642801549 ], [ -95.25649006961055, 30.043109581173333 ], [ -95.095354710559093, 30.168906150681263 ], [ -95.051643879205756, 30.051450547189894 ], [ -95.061241539328762, 30.014756133096586 ], [ -95.045219314023598, 30.000279638768202 ], [ -95.010672650085894, 29.995499756206168 ], [ -94.98773828234016, 29.964651204193373 ], [ -95.003272323496503, 29.917222979717483 ], [ -94.982970091404468, 29.886946571558578 ], [ -94.979597857764702, 29.873034811482476 ], [ -94.955068701286791, 29.860440700470463 ], [ -94.941648262944739, 29.838724173901781 ], [ -94.914914082743508, 29.836562842739795 ], [ -94.923070192708849, 29.806673871413395 ], [ -94.920376996032417, 29.764810795495176 ], [ -94.943860955052685, 29.725080083467425 ], [ -94.93002837956692, 29.718932591395713 ], [ -94.919087380827193, 29.70007289858075 ], [ -94.932790152550012, 29.68243611291588 ], [ -95.088472530627087, 29.80420544923496 ], [ -95.040604618909583, 29.711806155370688 ], [ -94.989539480584597, 29.679928633287201 ], [ -95.014327744271952, 29.559494546343529 ], [ -95.064919815553708, 29.565018941535989 ], [ -95.085596058145882, 29.543930051178915 ], [ -95.107706705540124, 29.533915113628385 ], [ -95.114870903940698, 29.519095411778416 ], [ -95.161312463355273, 29.505575364362048 ], [ -95.174702473756611, 29.509840359714435 ], [ -95.193761306507554, 29.534088273158098 ], [ -95.2032907215617, 29.568925316434992 ], [ -95.216543381900692, 29.5667550085644 ] ] ] ] } },
{ "type": "Feature", "properties": { "fid": 203, "OBJECTID": 2829.0, "NAME": "Kendall", "STATE_NAME": "Texas", "STATE_FIPS": "48", "CNTY_FIPS": "259", "FIPS": "48259", "AREA": 656.6428, "POP1990": 14589.0, "POP1999": 21927.0, "POP90_SQMI": 22.0, "HOUSEHOLDS": 5342.0, "MALES": 7098.0, "FEMALES": 7491.0, "WHITE": 13682.0, "BLACK": 58.0, "AMERI_ES": 71.0, "ASIAN_PI": 38.0, "OTHER": 740.0, "HISPANIC": 2392.0, "AGE_UNDER5": 1025.0, "AGE_5_17": 2805.0, "AGE_18_29": 1960.0, "AGE_30_49": 4304.0, "AGE_50_64": 2146.0, "AGE_65_UP": 2349.0, "NEVERMARRY": 1985.0, "MARRIED": 7477.0, "SEPARATED": 171.0, "WIDOWED": 928.0, "DIVORCED": 875.0, "HSEHLD_1_M": 391.0, "HSEHLD_1_F": 662.0, "MARHH_CHD": 1655.0, "MARHH_NO_C": 1926.0, "MHH_CHILD": 67.0, "FHH_CHILD": 302.0, "HSE_UNITS": 6137.0, "VACANT": 795.0, "OWNER_OCC": 3979.0, "RENTER_OCC": 1363.0, "MEDIAN_VAL": 79000.0, "MEDIANRENT": 340, "UNITS_1DET": 4657.0, "UNITS_1ATT": 101.0, "UNITS2": 96.0, "UNITS3_9": 213.0, "UNITS10_49": 68.0, "UNITS50_UP": 0.0, "MOBILEHOME": 935.0, "NO_FARMS87": 659.0, "AVG_SIZE87": 533.0, "CROP_ACR87": 49701.0, "AVG_SALE87": 13149.0, "Shape_Leng": 1.5523273802379129, "Shape_Area": 0.15891374756047899, "Datacenter": null, "GDP_Change": 4.9, "HP_Change": -0.9, "Talent-Bachelor": null, "Talent-Master": null, "Talent-Doctor": null, "NetADD": 2112, "NewDatacenter2023": null, "NewDatacenter2024": null, "NewDatacenter2025": null, "NewDatacenter2022": null, "NewDatacenter2021": null, "1_DC": 0, "1_TT": -0.1119605, "1_TPM": 3.43246, "1_GDP": -0.1507571, "1_TA": -0.2917913, "1_WI": -0.4878197, "1_SO": -0.3707, "1_ST": -0.3565562, "1_LP": 1.774241, "1_PF": 0.069318, "1_CP": -0.1614918, "1_T": 0.3600859, "1_NR": 0.5432174, "1_GW": -0.1106639, "1_SW": -0.1527683, "1_RW": 0.0492105, "1_EG": -0.5380116, "1_OF": -0.5140969 }, "geometry": { "type": "MultiPolygon", "coordinates": [ [ [ [ -98.652415634632916, 29.751558352488239 ], [ -98.661822989643667, 29.754880816219384 ], [ -98.712018044192121, 29.737619832453785 ], [ -98.717915678417739, 29.729902982472833 ], [ -98.737790850918429, 29.736090141802173 ], [ -98.743772367599149, 29.722874622554531 ], [ -98.789534769198156, 29.718810548684274 ], [ -98.929912966833513, 29.791280913538014 ], [ -98.922778399066829, 30.13779610751617 ], [ -98.593795999898703, 30.140019041847161 ], [ -98.418997267306224, 29.948109528309285 ], [ -98.652415634632916, 29.751558352488239 ] ] ] ] } },
{ "type": "Feature", "properties": { "fid": 204, "OBJECTID": 2830.0, "NAME": "Austin", "STATE_NAME": "Texas", "STATE_FIPS": "48", "CNTY_FIPS": "015", "FIPS": "48015", "AREA": 657.4925, "POP1990": 19832.0, "POP1999": 23857.0, "POP90_SQMI": 30.0, "HOUSEHOLDS": 7478.0, "MALES": 9679.0, "FEMALES": 10153.0, "WHITE": 16244.0, "BLACK": 2608.0, "AMERI_ES": 46.0, "ASIAN_PI": 26.0, "OTHER": 908.0, "HISPANIC": 2073.0, "AGE_UNDER5": 1342.0, "AGE_5_17": 3971.0, "AGE_18_29": 2965.0, "AGE_30_49": 5341.0, "AGE_50_64": 2702.0, "AGE_65_UP": 3511.0, "NEVERMARRY": 3108.0, "MARRIED": 9462.0, "SEPARATED": 225.0, "WIDOWED": 1577.0, "DIVORCED": 987.0, "HSEHLD_1_M": 745.0, "HSEHLD_1_F": 1145.0, "MARHH_CHD": 2164.0, "MARHH_NO_C": 2386.0, "MHH_CHILD": 108.0, "FHH_CHILD": 416.0, "HSE_UNITS": 8885.0, "VACANT": 1407.0, "OWNER_OCC": 5561.0, "RENTER_OCC": 1917.0, "MEDIAN_VAL": 57400.0, "MEDIANRENT": 239, "UNITS_1DET": 6477.0, "UNITS_1ATT": 99.0, "UNITS2": 87.0, "UNITS3_9": 412.0, "UNITS10_49": 385.0, "UNITS50_UP": 0.0, "MOBILEHOME": 1308.0, "NO_FARMS87": 1865.0, "AVG_SIZE87": 186.0, "CROP_ACR87": 155357.0, "AVG_SALE87": 11593.0, "Shape_Leng": 2.11478658306791, "Shape_Area": 0.15902611150183599, "Datacenter": null, "GDP_Change": 5.7, "HP_Change": null, "Talent-Bachelor": null, "Talent-Master": null, "Talent-Doctor": null, "NetADD": null, "NewDatacenter2023": null, "NewDatacenter2024": null, "NewDatacenter2025": null, "NewDatacenter2022": null, "NewDatacenter2021": null, "1_DC": 0, "1_TT": -0.1119605, "1_TPM": -0.0007872, "1_GDP": -0.1741093, "1_TA": 0.2443769, "1_WI": -0.4878197, "1_SO": -0.3252807, "1_ST": -0.3565562, "1_LP": 1.668696, "1_PF": 0.069318, "1_CP": -0.1614918, "1_T": 1.057507, "1_NR": 0.139909, "1_GW": -0.0893626, "1_SW": -0.220112, "1_RW": -0.1722456, "1_EG": -0.5355189, "1_OF": -1.016936 }, "geometry": { "type": "MultiPolygon", "coordinates": [ [ [ [ -96.181315630767415, 29.633372626652012 ], [ -96.219555315675393, 29.658550765038413 ], [ -96.265615281452938, 29.673894886193168 ], [ -96.278371980470865, 29.694045268349257 ], [ -96.280027639008608, 29.715649041382019 ], [ -96.299864574454432, 29.730535299471633 ], [ -96.347656210542652, 29.827023937151516 ], [ -96.351722778801332, 29.830367363565575 ], [ -96.36331976629242, 29.817922400951229 ], [ -96.422410935249616, 29.82675094051643 ], [ -96.44741312646147, 29.857354886402053 ], [ -96.482371939445898, 29.864901833938902 ], [ -96.541684520080707, 29.907119087531974 ], [ -96.576277211030913, 29.962269670240257 ], [ -96.62791415819936, 30.053195198760825 ], [ -96.601240951358704, 30.072979399686037 ], [ -96.583357218639208, 30.05868243846729 ], [ -96.571210880789977, 30.058762543414996 ], [ -96.299634559003209, 30.100301256415189 ], [ -96.291440394109998, 30.094527960876928 ], [ -96.277569737848069, 30.09772264679869 ], [ -96.275799795494038, 30.078423004018934 ], [ -96.26134935733927, 30.071060968769189 ], [ -96.245372945685006, 30.074177437007446 ], [ -96.178034326036027, 30.057646878213912 ], [ -96.15755646903375, 30.066549909806064 ], [ -96.148538354237132, 30.056155275630449 ], [ -96.127717244874646, 30.049924155403968 ], [ -96.117127429693141, 30.039470393575357 ], [ -96.115731289251926, 30.024301910289665 ], [ -96.100037237747983, 30.021452396790405 ], [ -96.092323793678133, 30.006058835364051 ], [ -96.105500126872698, 29.995074940074911 ], [ -96.105049990092311, 29.971234100774545 ], [ -96.096573512296459, 29.960850908229634 ], [ -96.125062426124998, 29.960490538704835 ], [ -96.111031605564733, 29.944869970714223 ], [ -96.127481021951553, 29.94270528279646 ], [ -96.133653374538881, 29.934677618598322 ], [ -96.12135447180799, 29.915911973578485 ], [ -96.127076689598539, 29.895035050025566 ], [ -96.096214940153175, 29.879271374669631 ], [ -96.114937999877156, 29.87306519677426 ], [ -96.100426490160942, 29.856965902415531 ], [ -96.12655791898635, 29.838646699376365 ], [ -96.116166394710547, 29.82452716330576 ], [ -96.101059759067311, 29.821237071736643 ], [ -96.098488582215793, 29.808771164975781 ], [ -96.078628690105518, 29.805767145692581 ], [ -96.068031149734566, 29.796217420268235 ], [ -96.057219983389587, 29.802244343970127 ], [ -96.052687988421894, 29.797954883533205 ], [ -96.045729740785873, 29.734440854699017 ], [ -96.041594480952995, 29.721911921181725 ], [ -96.028952196535158, 29.722369622994194 ], [ -96.01952961099289, 29.710563531193994 ], [ -96.02714397250918, 29.70533952006307 ], [ -96.022772196250344, 29.686840803804273 ], [ -96.058646669981783, 29.684020058519188 ], [ -96.051055191050636, 29.666780133491997 ], [ -96.037573656110681, 29.674083062144959 ], [ -96.023367302570023, 29.663478542727876 ], [ -96.030668845621278, 29.653657985369968 ], [ -96.021238633826272, 29.63130273586491 ], [ -96.027990838226287, 29.599907032625232 ], [ -96.083633621061836, 29.600141788906662 ], [ -96.100739230534259, 29.615838753131179 ], [ -96.133760210005391, 29.617019458113163 ], [ -96.181315630767415, 29.633372626652012 ] ] ] ] } },
{ "type": "Feature", "properties": { "fid": 205, "OBJECTID": 2832.0, "NAME": "Real", "STATE_NAME": "Texas", "STATE_FIPS": "48", "CNTY_FIPS": "385", "FIPS": "48385", "AREA": 688.4752, "POP1990": 2412.0, "POP1999": 2720.0, "POP90_SQMI": 4.0, "HOUSEHOLDS": 924.0, "MALES": 1160.0, "FEMALES": 1252.0, "WHITE": 2064.0, "BLACK": 0.0, "AMERI_ES": 23.0, "ASIAN_PI": 0.0, "OTHER": 325.0, "HISPANIC": 574.0, "AGE_UNDER5": 148.0, "AGE_5_17": 417.0, "AGE_18_29": 354.0, "AGE_30_49": 548.0, "AGE_50_64": 450.0, "AGE_65_UP": 495.0, "NEVERMARRY": 314.0, "MARRIED": 1287.0, "SEPARATED": 23.0, "WIDOWED": 211.0, "DIVORCED": 119.0, "HSEHLD_1_M": 69.0, "HSEHLD_1_F": 151.0, "MARHH_CHD": 233.0, "MARHH_NO_C": 363.0, "MHH_CHILD": 6.0, "FHH_CHILD": 52.0, "HSE_UNITS": 2049.0, "VACANT": 1125.0, "OWNER_OCC": 718.0, "RENTER_OCC": 206.0, "MEDIAN_VAL": 38300.0, "MEDIANRENT": 172, "UNITS_1DET": 1529.0, "UNITS_1ATT": 15.0, "UNITS2": 3.0, "UNITS3_9": 9.0, "UNITS10_49": 0.0, "UNITS50_UP": 0.0, "MOBILEHOME": 484.0, "NO_FARMS87": 189.0, "AVG_SIZE87": 1683.0, "CROP_ACR87": 8507.0, "AVG_SALE87": 16142.0, "Shape_Leng": 1.7003375396461951, "Shape_Area": 0.166496127616274, "Datacenter": null, "GDP_Change": 0.3, "HP_Change": null, "Talent-Bachelor": null, "Talent-Master": null, "Talent-Doctor": null, "NetADD": null, "NewDatacenter2023": null, "NewDatacenter2024": null, "NewDatacenter2025": null, "NewDatacenter2022": null, "NewDatacenter2021": null, "1_DC": 0, "1_TT": -0.1119605, "1_TPM": -0.0007872, "1_GDP": -0.2202927, "1_TA": -0.7617308, "1_WI": -0.4878197, "1_SO": -0.3707, "1_ST": -0.3565562, "1_LP": -0.1255651, "1_PF": 0.069318, "1_CP": -0.1614918, "1_T": 0.3102701, "1_NR": -0.20519, "1_GW": -0.2290129, "1_SW": -0.2175919, "1_RW": -0.1722456, "1_EG": -0.5375648, "1_OF": 0.3149081 }, "geometry": { "type": "MultiPolygon", "coordinates": [ [ [ [ -99.619920485635248, 29.630502743103857 ], [ -100.013987391774833, 29.624752336060748 ], [ -100.016093499614158, 29.643079391395123 ], [ -100.02921683749986, 29.660485174077383 ], [ -100.026073813202061, 29.683851294365905 ], [ -100.042371337799068, 29.716370362148286 ], [ -100.031346963005888, 29.7452313986925 ], [ -100.037145860879775, 29.776375067190116 ], [ -100.017698045669476, 29.796531083119689 ], [ -100.025595164247761, 29.837287271889849 ], [ -100.035597805898078, 29.851023300988331 ], [ -100.01981983771509, 29.870717748746141 ], [ -100.017721905745077, 29.89361250476659 ], [ -100.004034360361572, 29.903686728307633 ], [ -99.991385351420035, 30.020885594466758 ], [ -99.982428092250018, 30.025005221405671 ], [ -99.972914150278541, 30.087707155790792 ], [ -99.921207635072335, 30.086309301838568 ], [ -99.921215232875795, 30.080360667639937 ], [ -99.761350020700547, 30.080128420145424 ], [ -99.69330022404057, 30.077670132561146 ], [ -99.689674532479842, 29.920187009538875 ], [ -99.621746694968863, 29.919973420141314 ], [ -99.619920485635248, 29.630502743103857 ] ] ] ] } },
{ "type": "Feature", "properties": { "fid": 206, "OBJECTID": 2834.0, "NAME": "Caldwell", "STATE_NAME": "Texas", "STATE_FIPS": "48", "CNTY_FIPS": "055", "FIPS": "48055", "AREA": 542.2577, "POP1990": 26392.0, "POP1999": 33288.0, "POP90_SQMI": 49.0, "HOUSEHOLDS": 8745.0, "MALES": 13254.0, "FEMALES": 13138.0, "WHITE": 18919.0, "BLACK": 2825.0, "AMERI_ES": 65.0, "ASIAN_PI": 86.0, "OTHER": 4497.0, "HISPANIC": 9988.0, "AGE_UNDER5": 2047.0, "AGE_5_17": 5783.0, "AGE_18_29": 5100.0, "AGE_30_49": 6664.0, "AGE_50_64": 3208.0, "AGE_65_UP": 3590.0, "NEVERMARRY": 5211.0, "MARRIED": 11144.0, "SEPARATED": 527.0, "WIDOWED": 1760.0, "DIVORCED": 1461.0, "HSEHLD_1_M": 779.0, "HSEHLD_1_F": 1190.0, "MARHH_CHD": 2836.0, "MARHH_NO_C": 2380.0, "MHH_CHILD": 193.0, "FHH_CHILD": 688.0, "HSE_UNITS": 10123.0, "VACANT": 1378.0, "OWNER_OCC": 5980.0, "RENTER_OCC": 2765.0, "MEDIAN_VAL": 44200.0, "MEDIANRENT": 223, "UNITS_1DET": 6667.0, "UNITS_1ATT": 192.0, "UNITS2": 631.0, "UNITS3_9": 373.0, "UNITS10_49": 195.0, "UNITS50_UP": 0.0, "MOBILEHOME": 1877.0, "NO_FARMS87": 1026.0, "AVG_SIZE87": 259.0, "CROP_ACR87": 110207.0, "AVG_SALE87": 31407.0, "Shape_Leng": 1.5608301482765501, "Shape_Area": 0.13104307517293801, "Datacenter": null, "GDP_Change": 5.4, "HP_Change": -5.5, "Talent-Bachelor": null, "Talent-Master": null, "Talent-Doctor": null, "NetADD": null, "NewDatacenter2023": null, "NewDatacenter2024": null, "NewDatacenter2025": null, "NewDatacenter2022": null, "NewDatacenter2021": null, "1_DC": 0, "1_TT": -0.1119605, "1_TPM": -0.0007872, "1_GDP": -0.1907873, "1_TA": 0.7816246, "1_WI": -0.4878197, "1_SO": -0.3707, "1_ST": -0.3565562, "1_LP": 1.563151, "1_PF": -4.073454, "1_CP": -0.1614918, "1_T": 1.082415, "1_NR": 1.009932, "1_GW": -0.2237334, "1_SW": -0.1801731, "1_RW": -0.1722456, "1_EG": -0.5380116, "1_OF": -1.445029 }, "geometry": { "type": "MultiPolygon", "coordinates": [ [ [ [ -97.641961077917415, 29.65052704648194 ], [ -97.651620170129718, 29.661736061773706 ], [ -97.744189929748359, 29.694393610571904 ], [ -97.743716948144652, 29.711797592593914 ], [ -97.757656180066704, 29.72079031962415 ], [ -97.77662323182301, 29.718888598688263 ], [ -97.770000816923357, 29.730666138764779 ], [ -97.777927967092126, 29.748695636686463 ], [ -97.791302618913676, 29.759506019114298 ], [ -97.809262554294946, 29.756202445411564 ], [ -97.826253739952165, 29.789986042765275 ], [ -97.843252333921328, 29.783451531946053 ], [ -97.856543301401302, 29.838684466278465 ], [ -97.894492756695627, 29.85682809202633 ], [ -97.923912292916953, 29.858765603122524 ], [ -97.908462503454587, 29.866257563916367 ], [ -97.901107727687759, 29.886268855458091 ], [ -97.832953275197326, 29.935775039299259 ], [ -97.800466750484247, 29.948865091318243 ], [ -97.727841585929752, 30.022479466814453 ], [ -97.659923641156638, 30.074161761279708 ], [ -97.325281297404558, 29.783434829353649 ], [ -97.60601046034634, 29.641034845530804 ], [ -97.641961077917415, 29.65052704648194 ] ] ] ] } },
{ "type": "Feature", "properties": { "fid": 207, "OBJECTID": 2837.0, "NAME": "Comal", "STATE_NAME": "Texas", "STATE_FIPS": "48", "CNTY_FIPS": "091", "FIPS": "48091", "AREA": 572.2558, "POP1990": 51832.0, "POP1999": 76492.0, "POP90_SQMI": 91.0, "HOUSEHOLDS": 19315.0, "MALES": 25258.0, "FEMALES": 26574.0, "WHITE": 46821.0, "BLACK": 443.0, "AMERI_ES": 148.0, "ASIAN_PI": 164.0, "OTHER": 4256.0, "HISPANIC": 11864.0, "AGE_UNDER5": 3633.0, "AGE_5_17": 9623.0, "AGE_18_29": 7379.0, "AGE_30_49": 14834.0, "AGE_50_64": 7981.0, "AGE_65_UP": 8382.0, "NEVERMARRY": 7309.0, "MARRIED": 26432.0, "SEPARATED": 639.0, "WIDOWED": 3183.0, "DIVORCED": 3215.0, "HSEHLD_1_M": 1576.0, "HSEHLD_1_F": 2510.0, "MARHH_CHD": 5683.0, "MARHH_NO_C": 6957.0, "MHH_CHILD": 261.0, "FHH_CHILD": 1023.0, "HSE_UNITS": 22987.0, "VACANT": 3672.0, "OWNER_OCC": 14291.0, "RENTER_OCC": 5024.0, "MEDIAN_VAL": 76500.0, "MEDIANRENT": 338, "UNITS_1DET": 16453.0, "UNITS_1ATT": 494.0, "UNITS2": 548.0, "UNITS3_9": 831.0, "UNITS10_49": 751.0, "UNITS50_UP": 375.0, "MOBILEHOME": 3317.0, "NO_FARMS87": 652.0, "AVG_SIZE87": 343.0, "CROP_ACR87": 36679.0, "AVG_SALE87": 6722.0, "Shape_Leng": 1.7876694907517261, "Shape_Area": 0.13826666641447, "Datacenter": null, "GDP_Change": 6.7, "HP_Change": -2.5, "Talent-Bachelor": null, "Talent-Master": null, "Talent-Doctor": null, "NetADD": 1278, "NewDatacenter2023": null, "NewDatacenter2024": null, "NewDatacenter2025": null, "NewDatacenter2022": null, "NewDatacenter2021": null, "1_DC": 0, "1_TT": -0.1119605, "1_TPM": 2.076717, "1_GDP": 0.0227539, "1_TA": 0.7586291, "1_WI": -0.4878197, "1_SO": -0.3707, "1_ST": 1.530807, "1_LP": 0.824338, "1_PF": 0.069318, "1_CP": -0.1614918, "1_T": 0.7586123, "1_NR": 1.431951, "1_GW": 0.3630617, "1_SW": 0.0429375, "1_RW": -0.1380348, "1_EG": -0.5380116, "1_OF": -0.5786506 }, "geometry": { "type": "MultiPolygon", "coordinates": [ [ [ [ -98.327630443507758, 29.594940840665807 ], [ -98.348604270536043, 29.621841099989016 ], [ -98.352075821590688, 29.658550580310436 ], [ -98.367052762771891, 29.671148136246785 ], [ -98.385379078289532, 29.673711459546141 ], [ -98.384646731922544, 29.711271600890754 ], [ -98.354067280286529, 29.716768505566968 ], [ -98.361056043501662, 29.735198563392473 ], [ -98.384356844143156, 29.725927170228513 ], [ -98.389384786725884, 29.737912522483153 ], [ -98.416935369676253, 29.753433880706858 ], [ -98.423611199273466, 29.733830807766946 ], [ -98.436787526585363, 29.73173083947971 ], [ -98.44012926444816, 29.721700422939513 ], [ -98.467557778670255, 29.74453622588976 ], [ -98.49600094816401, 29.740809287680076 ], [ -98.559197203291887, 29.763192977927503 ], [ -98.584138231883173, 29.74931936880537 ], [ -98.605073937778513, 29.754171440129262 ], [ -98.615785816875984, 29.742397776657555 ], [ -98.630358421893959, 29.750826009103385 ], [ -98.645152203060718, 29.745971949368343 ], [ -98.652415634632916, 29.751558352488239 ], [ -98.418997267306224, 29.948109528309285 ], [ -98.30280632049687, 30.039313621334838 ], [ -98.037928298364307, 29.844385691340378 ], [ -98.006867854091468, 29.757701814687554 ], [ -98.086711229665525, 29.691783986305751 ], [ -98.327630443507758, 29.594940840665807 ] ] ] ] } },
{ "type": "Feature", "properties": { "fid": 208, "OBJECTID": 2839.0, "NAME": "Colorado", "STATE_NAME": "Texas", "STATE_FIPS": "48", "CNTY_FIPS": "089", "FIPS": "48089", "AREA": 991.3244, "POP1990": 18383.0, "POP1999": 19145.0, "POP90_SQMI": 19.0, "HOUSEHOLDS": 7024.0, "MALES": 8807.0, "FEMALES": 9576.0, "WHITE": 13352.0, "BLACK": 3118.0, "AMERI_ES": 30.0, "ASIAN_PI": 16.0, "OTHER": 1867.0, "HISPANIC": 2833.0, "AGE_UNDER5": 1291.0, "AGE_5_17": 3602.0, "AGE_18_29": 2411.0, "AGE_30_49": 4581.0, "AGE_50_64": 2833.0, "AGE_65_UP": 3665.0, "NEVERMARRY": 2794.0, "MARRIED": 8597.0, "SEPARATED": 286.0, "WIDOWED": 1747.0, "DIVORCED": 828.0, "HSEHLD_1_M": 673.0, "HSEHLD_1_F": 1174.0, "MARHH_CHD": 1861.0, "MARHH_NO_C": 2290.0, "MHH_CHILD": 101.0, "FHH_CHILD": 418.0, "HSE_UNITS": 8537.0, "VACANT": 1513.0, "OWNER_OCC": 5327.0, "RENTER_OCC": 1697.0, "MEDIAN_VAL": 45300.0, "MEDIANRENT": 185, "UNITS_1DET": 6617.0, "UNITS_1ATT": 75.0, "UNITS2": 36.0, "UNITS3_9": 208.0, "UNITS10_49": 197.0, "UNITS50_UP": 0.0, "MOBILEHOME": 1263.0, "NO_FARMS87": 1589.0, "AVG_SIZE87": 352.0, "CROP_ACR87": 207309.0, "AVG_SALE87": 23599.0, "Shape_Leng": 2.249466323802229, "Shape_Area": 0.23917317840013899, "Datacenter": null, "GDP_Change": -2.2, "HP_Change": null, "Talent-Bachelor": null, "Talent-Master": null, "Talent-Doctor": null, "NetADD": 207, "NewDatacenter2023": null, "NewDatacenter2024": null, "NewDatacenter2025": null, "NewDatacenter2022": null, "NewDatacenter2021": null, "1_DC": 0, "1_TT": -0.1119605, "1_TPM": 0.33571, "1_GDP": -0.1979366, "1_TA": -0.162015, "1_WI": -0.4878197, "1_SO": -0.3707, "1_ST": -0.3565562, "1_LP": 1.267626, "1_PF": 0.069318, "1_CP": -0.1614918, "1_T": 1.157139, "1_NR": 0.437193, "1_GW": -0.1338718, "1_SW": -0.220112, "1_RW": 1.205065, "1_EG": -0.5192696, "1_OF": -1.217392 }, "geometry": { "type": "MultiPolygon", "coordinates": [ [ [ [ -96.653084300960813, 29.237498205787915 ], [ -96.673821490015882, 29.254655983378537 ], [ -96.575445071832746, 29.346564143055573 ], [ -96.79516219775644, 29.578915588490126 ], [ -96.837224198424337, 29.576479852543549 ], [ -96.845830484621104, 29.612489349121457 ], [ -96.880079837077403, 29.636854794167547 ], [ -96.86007509171418, 29.666076357925824 ], [ -96.576277211030913, 29.962269670240257 ], [ -96.541684520080707, 29.907119087531974 ], [ -96.482371939445898, 29.864901833938902 ], [ -96.44741312646147, 29.857354886402053 ], [ -96.422410935249616, 29.82675094051643 ], [ -96.36331976629242, 29.817922400951229 ], [ -96.351722778801332, 29.830367363565575 ], [ -96.347656210542652, 29.827023937151516 ], [ -96.299864574454432, 29.730535299471633 ], [ -96.280027639008608, 29.715649041382019 ], [ -96.278371980470865, 29.694045268349257 ], [ -96.265615281452938, 29.673894886193168 ], [ -96.219555315675393, 29.658550765038413 ], [ -96.181315630767415, 29.633372626652012 ], [ -96.312758208372145, 29.511800559521852 ], [ -96.352783044768444, 29.412241852883334 ], [ -96.653084300960813, 29.237498205787915 ] ] ] ] } },
{ "type": "Feature", "properties": { "fid": 209, "OBJECTID": 2844.0, "NAME": "Bandera", "STATE_NAME": "Texas", "STATE_FIPS": "48", "CNTY_FIPS": "019", "FIPS": "48019", "AREA": 847.6035, "POP1990": 10562.0, "POP1999": 16509.0, "POP90_SQMI": 12.0, "HOUSEHOLDS": 4180.0, "MALES": 5246.0, "FEMALES": 5316.0, "WHITE": 10027.0, "BLACK": 23.0, "AMERI_ES": 66.0, "ASIAN_PI": 26.0, "OTHER": 420.0, "HISPANIC": 1172.0, "AGE_UNDER5": 637.0, "AGE_5_17": 1871.0, "AGE_18_29": 1137.0, "AGE_30_49": 3050.0, "AGE_50_64": 2001.0, "AGE_65_UP": 1866.0, "NEVERMARRY": 1238.0, "MARRIED": 5774.0, "SEPARATED": 122.0, "WIDOWED": 676.0, "DIVORCED": 719.0, "HSEHLD_1_M": 433.0, "HSEHLD_1_F": 551.0, "MARHH_CHD": 1088.0, "MARHH_NO_C": 1644.0, "MHH_CHILD": 52.0, "FHH_CHILD": 154.0, "HSE_UNITS": 6485.0, "VACANT": 2305.0, "OWNER_OCC": 3327.0, "RENTER_OCC": 853.0, "MEDIAN_VAL": 61900.0, "MEDIANRENT": 256, "UNITS_1DET": 4554.0, "UNITS_1ATT": 41.0, "UNITS2": 37.0, "UNITS3_9": 41.0, "UNITS10_49": 4.0, "UNITS50_UP": 0.0, "MOBILEHOME": 1737.0, "NO_FARMS87": 540.0, "AVG_SIZE87": 620.0, "CROP_ACR87": 47836.0, "AVG_SALE87": 7403.0, "Shape_Leng": 2.114065062126476, "Shape_Area": 0.204786109082467, "Datacenter": null, "GDP_Change": 2.6, "HP_Change": null, "Talent-Bachelor": null, "Talent-Master": null, "Talent-Doctor": null, "NetADD": 583, "NewDatacenter2023": null, "NewDatacenter2024": null, "NewDatacenter2025": null, "NewDatacenter2022": null, "NewDatacenter2021": null, "1_DC": 0, "1_TT": -0.1119605, "1_TPM": 0.9469321, "1_GDP": -0.2112504, "1_TA": -0.6577754, "1_WI": -0.4878197, "1_SO": -0.3707, "1_ST": -0.3565562, "1_LP": 1.774241, "1_PF": 0.069318, "1_CP": -0.1614918, "1_T": 0.3849938, "1_NR": 0.5827166, "1_GW": -0.1543665, "1_SW": -0.220112, "1_RW": -0.1722456, "1_EG": -0.5380116, "1_OF": 1.568608 }, "geometry": { "type": "MultiPolygon", "coordinates": [ [ [ [ -99.619920485635248, 29.630502743103857 ], [ -99.621746694968863, 29.919973420141314 ], [ -99.319993212826887, 29.923090154175988 ], [ -99.178998259916398, 29.910216586996146 ], [ -98.929912966833513, 29.791280913538014 ], [ -98.789534769198156, 29.718810548684274 ], [ -98.809295315711267, 29.696123640155982 ], [ -98.920091846400055, 29.576318298133547 ], [ -98.965907635138308, 29.561184105298825 ], [ -98.98210535109888, 29.565460296589997 ], [ -98.987713467664776, 29.621874179902257 ], [ -99.417909968210893, 29.628234730743898 ], [ -99.619920485635248, 29.630502743103857 ] ] ] ] } },
{ "type": "Feature", "properties": { "fid": 210, "OBJECTID": 2846.0, "NAME": "Chambers", "STATE_NAME": "Texas", "STATE_FIPS": "48", "CNTY_FIPS": "071", "FIPS": "48071", "AREA": 623.4138, "POP1990": 20088.0, "POP1999": 24306.0, "POP90_SQMI": 32.0, "HOUSEHOLDS": 6930.0, "MALES": 10101.0, "FEMALES": 9987.0, "WHITE": 16725.0, "BLACK": 2550.0, "AMERI_ES": 53.0, "ASIAN_PI": 116.0, "OTHER": 644.0, "HISPANIC": 1195.0, "AGE_UNDER5": 1387.0, "AGE_5_17": 4588.0, "AGE_18_29": 3133.0, "AGE_30_49": 6478.0, "AGE_50_64": 2599.0, "AGE_65_UP": 1903.0, "NEVERMARRY": 3026.0, "MARRIED": 9690.0, "SEPARATED": 295.0, "WIDOWED": 936.0, "DIVORCED": 1192.0, "HSEHLD_1_M": 646.0, "HSEHLD_1_F": 637.0, "MARHH_CHD": 2577.0, "MARHH_NO_C": 2053.0, "MHH_CHILD": 140.0, "FHH_CHILD": 432.0, "HSE_UNITS": 8061.0, "VACANT": 1131.0, "OWNER_OCC": 5605.0, "RENTER_OCC": 1325.0, "MEDIAN_VAL": 57000.0, "MEDIANRENT": 266, "UNITS_1DET": 5713.0, "UNITS_1ATT": 58.0, "UNITS2": 23.0, "UNITS3_9": 141.0, "UNITS10_49": 152.0, "UNITS50_UP": 0.0, "MOBILEHOME": 1864.0, "NO_FARMS87": 337.0, "AVG_SIZE87": 910.0, "CROP_ACR87": 109707.0, "AVG_SALE87": 43592.0, "Shape_Leng": 2.2801418939502551, "Shape_Area": 0.15047584741945999, "Datacenter": null, "GDP_Change": -3.7, "HP_Change": null, "Talent-Bachelor": null, "Talent-Master": null, "Talent-Doctor": null, "NetADD": -74, "NewDatacenter2023": null, "NewDatacenter2024": null, "NewDatacenter2025": null, "NewDatacenter2022": null, "NewDatacenter2021": null, "1_DC": 0, "1_TT": -0.1119605, "1_TPM": -0.1210809, "1_GDP": -0.146534, "1_TA": 0.9114699, "1_WI": -0.4878197, "1_SO": -0.3637124, "1_ST": -0.3565562, "1_LP": 1.668696, "1_PF": 0.069318, "1_CP": -0.1614918, "1_T": 0.858244, "1_NR": 0.0972913, "1_GW": 0.0343025, "1_SW": -0.2029048, "1_RW": -0.1706787, "1_EG": 1.272693, "1_OF": 0.0193203 }, "geometry": { "type": "MultiPolygon", "coordinates": [ [ [ [ -94.377194460929786, 29.552198627531983 ], [ -94.384602911865272, 29.60036528310868 ], [ -94.410352708892788, 29.600315894454781 ], [ -94.436155844659766, 29.568132588355574 ], [ -94.460417883079572, 29.566618409158618 ], [ -94.512611757271998, 29.547696551044119 ], [ -94.533890633570422, 29.55421364580349 ], [ -94.56463023087889, 29.579227539051526 ], [ -94.788283703696607, 29.538786588069385 ], [ -94.706617021286775, 29.658741792656155 ], [ -94.700475733541055, 29.754790884041768 ], [ -94.735923045893912, 29.793207629848194 ], [ -94.829614793547137, 29.760081097422095 ], [ -94.887363148921565, 29.668765897265086 ], [ -94.932790152550012, 29.68243611291588 ], [ -94.919087380827193, 29.70007289858075 ], [ -94.93002837956692, 29.718932591395713 ], [ -94.943860955052685, 29.725080083467425 ], [ -94.920376996032417, 29.764810795495176 ], [ -94.923070192708849, 29.806673871413395 ], [ -94.914914082743508, 29.836562842739795 ], [ -94.941648262944739, 29.838724173901781 ], [ -94.955068701286791, 29.860440700470463 ], [ -94.979597857764702, 29.873034811482476 ], [ -94.982970091404468, 29.886946571558578 ], [ -94.450454644937338, 29.896016141918597 ], [ -94.368070208841232, 29.897759254047536 ], [ -94.35718211256625, 29.560128951473388 ], [ -94.377194460929786, 29.552198627531983 ] ] ] ] } },
{ "type": "Feature", "properties": { "fid": 211, "OBJECTID": 2847.0, "NAME": "Guadalupe", "STATE_NAME": "Texas", "STATE_FIPS": "48", "CNTY_FIPS": "187", "FIPS": "48187", "AREA": 704.9489, "POP1990": 64873.0, "POP1999": 83125.0, "POP90_SQMI": 92.0, "HOUSEHOLDS": 22663.0, "MALES": 32016.0, "FEMALES": 32857.0, "WHITE": 52948.0, "BLACK": 3665.0, "AMERI_ES": 235.0, "ASIAN_PI": 465.0, "OTHER": 7560.0, "HISPANIC": 19246.0, "AGE_UNDER5": 5125.0, "AGE_5_17": 13366.0, "AGE_18_29": 11411.0, "AGE_30_49": 18456.0, "AGE_50_64": 8729.0, "AGE_65_UP": 7786.0, "NEVERMARRY": 10451.0, "MARRIED": 30534.0, "SEPARATED": 1042.0, "WIDOWED": 3356.0, "DIVORCED": 3906.0, "HSEHLD_1_M": 1842.0, "HSEHLD_1_F": 2500.0, "MARHH_CHD": 7488.0, "MARHH_NO_C": 7149.0, "MHH_CHILD": 431.0, "FHH_CHILD": 1584.0, "HSE_UNITS": 25592.0, "VACANT": 2929.0, "OWNER_OCC": 16410.0, "RENTER_OCC": 6253.0, "MEDIAN_VAL": 60100.0, "MEDIANRENT": 279, "UNITS_1DET": 17364.0, "UNITS_1ATT": 301.0, "UNITS2": 543.0, "UNITS3_9": 1157.0, "UNITS10_49": 807.0, "UNITS50_UP": 83.0, "MOBILEHOME": 5036.0, "NO_FARMS87": 1770.0, "AVG_SIZE87": 187.0, "CROP_ACR87": 171794.0, "AVG_SALE87": 15549.0, "Shape_Leng": 1.932308310110048, "Shape_Area": 0.170054637274489, "Datacenter": null, "GDP_Change": 5.2, "HP_Change": -3.3, "Talent-Bachelor": null, "Talent-Master": null, "Talent-Doctor": null, "NetADD": null, "NewDatacenter2023": null, "NewDatacenter2024": null, "NewDatacenter2025": null, "NewDatacenter2022": null, "NewDatacenter2021": null, "1_DC": 0, "1_TT": -0.1119605, "1_TPM": -0.0007872, "1_GDP": 0.0726958, "1_TA": 1.006855, "1_WI": -0.4878197, "1_SO": -0.3707, "1_ST": -0.3565562, "1_LP": 0.824338, "1_PF": -2.002068, "1_CP": -0.1614918, "1_T": 1.132231, "1_NR": 1.393491, "1_GW": 0.2975445, "1_SW": 0.0173185, "1_RW": -0.1654557, "1_EG": 1.766522, "1_OF": 0.4644008 }, "geometry": { "type": "MultiPolygon", "coordinates": [ [ [ [ -98.143207827565561, 29.44389623777511 ], [ -98.144626944597348, 29.450796766515058 ], [ -98.132412009261714, 29.458380153807227 ], [ -98.130657278199919, 29.489981862373284 ], [ -98.146755700299366, 29.496214784459049 ], [ -98.173146387791064, 29.487496508357253 ], [ -98.177487652851596, 29.504528498862381 ], [ -98.195943592055698, 29.499336800666836 ], [ -98.20789155131655, 29.52841138511484 ], [ -98.227148612292808, 29.534684366832604 ], [ -98.240912394209943, 29.553242188154595 ], [ -98.233832163605541, 29.565502237327106 ], [ -98.257735661763547, 29.575971233312181 ], [ -98.262778803230901, 29.560468810133177 ], [ -98.286392403458706, 29.559927061470006 ], [ -98.327630443507758, 29.594940840665807 ], [ -98.086711229665525, 29.691783986305751 ], [ -98.006867854091468, 29.757701814687554 ], [ -97.955574667902511, 29.81264148510143 ], [ -97.894492756695627, 29.85682809202633 ], [ -97.856543301401302, 29.838684466278465 ], [ -97.843252333921328, 29.783451531946053 ], [ -97.826253739952165, 29.789986042765275 ], [ -97.809262554294946, 29.756202445411564 ], [ -97.791302618913676, 29.759506019114298 ], [ -97.777927967092126, 29.748695636686463 ], [ -97.770000816923357, 29.730666138764779 ], [ -97.77662323182301, 29.718888598688263 ], [ -97.757656180066704, 29.72079031962415 ], [ -97.743716948144652, 29.711797592593914 ], [ -97.744189929748359, 29.694393610571904 ], [ -97.651620170129718, 29.661736061773706 ], [ -97.641961077917415, 29.65052704648194 ], [ -97.843113517708105, 29.384699599998495 ], [ -98.101519697490176, 29.389073569902017 ], [ -98.117984299057809, 29.378354603484954 ], [ -98.13714223871898, 29.410782087996434 ], [ -98.133655557499424, 29.426309257037886 ], [ -98.143207827565561, 29.44389623777511 ] ] ] ] } },
{ "type": "Feature", "properties": { "fid": 212, "OBJECTID": 2850.0, "NAME": "Fort Bend", "STATE_NAME": "Texas", "STATE_FIPS": "48", "CNTY_FIPS": "157", "FIPS": "48157", "AREA": 893.4158, "POP1990": 225421.0, "POP1999": 353375.00000000006, "POP90_SQMI": 252.0, "HOUSEHOLDS": 70424.0, "MALES": 113246.0, "FEMALES": 112175.0, "WHITE": 141125.0, "BLACK": 46593.0, "AMERI_ES": 525.0, "ASIAN_PI": 14328.0, "OTHER": 22850.0, "HISPANIC": 43892.0, "AGE_UNDER5": 21297.0, "AGE_5_17": 53525.0, "AGE_18_29": 35412.0, "AGE_30_49": 83581.0, "AGE_50_64": 20481.0, "AGE_65_UP": 11125.0, "NEVERMARRY": 36552.0, "MARRIED": 103465.0, "SEPARATED": 3649.0, "WIDOWED": 6096.0, "DIVORCED": 12024.0, "HSEHLD_1_M": 4615.0, "HSEHLD_1_F": 4932.0, "MARHH_CHD": 32008.0, "MARHH_NO_C": 17260.0, "MHH_CHILD": 1427.0, "FHH_CHILD": 5514.0, "HSE_UNITS": 77075.0, "VACANT": 6651.0, "OWNER_OCC": 53115.0, "RENTER_OCC": 17309.0, "MEDIAN_VAL": 71600.0, "MEDIANRENT": 401, "UNITS_1DET": 63227.0, "UNITS_1ATT": 1903.0, "UNITS2": 460.0, "UNITS3_9": 2086.0, "UNITS10_49": 2336.0, "UNITS50_UP": 2157.0, "MOBILEHOME": 4216.0, "NO_FARMS87": 1233.0, "AVG_SIZE87": 295.0, "CROP_ACR87": 162516.0, "AVG_SALE87": 36357.0, "Shape_Leng": 2.246762396981532, "Shape_Area": 0.21534244840456199, "Datacenter": null, "GDP_Change": 6.3, "HP_Change": -2.0, "Talent-Bachelor": null, "Talent-Master": null, "Talent-Doctor": null, "NetADD": -2399, "NewDatacenter2023": null, "NewDatacenter2024": null, "NewDatacenter2025": null, "NewDatacenter2022": null, "NewDatacenter2021": null, "1_DC": 0, "1_TT": -0.1119605, "1_TPM": -3.900579, "1_GDP": 0.7841929, "1_TA": 1.331149, "1_WI": -0.4878197, "1_SO": 4.352912, "1_ST": 0.6012104, "1_LP": 1.668696, "1_PF": 0.069318, "1_CP": -0.1614918, "1_T": 1.132231, "1_NR": 1.587869, "1_GW": 3.623853, "1_SW": 0.5623271, "1_RW": 0.6579538, "1_EG": 4.63543, "1_OF": 1.052179 }, "geometry": { "type": "MultiPolygon", "coordinates": [ [ [ [ -95.847496717789909, 29.272448526156353 ], [ -95.881746058089107, 29.277888504118035 ], [ -95.916834738045623, 29.319605235060596 ], [ -95.943088240564691, 29.328394324996829 ], [ -95.961368826531896, 29.350646918497318 ], [ -95.950031268268219, 29.368577275260776 ], [ -95.972881965831959, 29.383195010985506 ], [ -95.988370131066631, 29.420475134208349 ], [ -96.040877149917719, 29.439840094544429 ], [ -96.040724575740967, 29.454055155570412 ], [ -96.065101216334483, 29.481548852865654 ], [ -96.030935838355674, 29.49452409462879 ], [ -96.02934125922684, 29.505933479241524 ], [ -96.060752366572501, 29.518086739167007 ], [ -96.059600306720995, 29.542353054740307 ], [ -96.048712854177097, 29.550672579900272 ], [ -96.067115489638184, 29.571978849342543 ], [ -96.068252312820107, 29.592199831772231 ], [ -96.083633621061836, 29.600141788906662 ], [ -96.027990838226287, 29.599907032625232 ], [ -96.021238633826272, 29.63130273586491 ], [ -96.030668845621278, 29.653657985369968 ], [ -96.023367302570023, 29.663478542727876 ], [ -96.037573656110681, 29.674083062144959 ], [ -96.051055191050636, 29.666780133491997 ], [ -96.058646669981783, 29.684020058519188 ], [ -96.022772196250344, 29.686840803804273 ], [ -96.02714397250918, 29.70533952006307 ], [ -96.01952961099289, 29.710563531193994 ], [ -96.028952196535158, 29.722369622994194 ], [ -96.041594480952995, 29.721911921181725 ], [ -96.045729740785873, 29.734440854699017 ], [ -95.974728461946086, 29.734591085050901 ], [ -95.975949199145418, 29.74197226681046 ], [ -95.952808545027892, 29.742031138389212 ], [ -95.834396638645785, 29.795790297214182 ], [ -95.608003606930424, 29.66859784859431 ], [ -95.500640107548691, 29.622930960706626 ], [ -95.501830548969622, 29.58169542538554 ], [ -95.48491560161898, 29.593379336318467 ], [ -95.489485634056109, 29.615587825904125 ], [ -95.421231102055117, 29.586585088601996 ], [ -95.468718002879768, 29.438087099815544 ], [ -95.564332305909943, 29.433779588667505 ], [ -95.555962502084697, 29.404067460718519 ], [ -95.578942762682971, 29.385732835521736 ], [ -95.593370085663253, 29.330787395641366 ], [ -95.630053194557377, 29.329979254914246 ], [ -95.639887714672113, 29.322113688819208 ], [ -95.644213602122477, 29.299338659464713 ], [ -95.685344793129218, 29.303281706527233 ], [ -95.768362578859751, 29.327211873653994 ], [ -95.792456811952547, 29.30612315167425 ], [ -95.805274572283167, 29.311208139630182 ], [ -95.847496717789909, 29.272448526156353 ] ] ] ] } },
{ "type": "Feature", "properties": { "fid": 213, "OBJECTID": 2851.0, "NAME": "Gonzales", "STATE_NAME": "Texas", "STATE_FIPS": "48", "CNTY_FIPS": "177", "FIPS": "48177", "AREA": 1060.4794, "POP1990": 17205.0, "POP1999": 17608.0, "POP90_SQMI": 16.0, "HOUSEHOLDS": 6231.0, "MALES": 8424.0, "FEMALES": 8781.0, "WHITE": 13025.0, "BLACK": 1716.0, "AMERI_ES": 46.0, "ASIAN_PI": 23.0, "OTHER": 2395.0, "HISPANIC": 6142.0, "AGE_UNDER5": 1363.0, "AGE_5_17": 3592.0, "AGE_18_29": 2630.0, "AGE_30_49": 4095.0, "AGE_50_64": 2476.0, "AGE_65_UP": 3049.0, "NEVERMARRY": 2842.0, "MARRIED": 7559.0, "SEPARATED": 291.0, "WIDOWED": 1406.0, "DIVORCED": 904.0, "HSEHLD_1_M": 641.0, "HSEHLD_1_F": 965.0, "MARHH_CHD": 1701.0, "MARHH_NO_C": 1849.0, "MHH_CHILD": 149.0, "FHH_CHILD": 473.0, "HSE_UNITS": 7810.0, "VACANT": 1579.0, "OWNER_OCC": 4247.0, "RENTER_OCC": 1984.0, "MEDIAN_VAL": 36800.0, "MEDIANRENT": 160, "UNITS_1DET": 5542.0, "UNITS_1ATT": 126.0, "UNITS2": 198.0, "UNITS3_9": 319.0, "UNITS10_49": 71.0, "UNITS50_UP": 0.0, "MOBILEHOME": 1425.0, "NO_FARMS87": 1712.0, "AVG_SIZE87": 360.0, "CROP_ACR87": 151726.0, "AVG_SALE87": 95435.0, "Shape_Leng": 2.0524586695580811, "Shape_Area": 0.25542332380132199, "Datacenter": null, "GDP_Change": 5.5, "HP_Change": null, "Talent-Bachelor": null, "Talent-Master": null, "Talent-Doctor": null, "NetADD": null, "NewDatacenter2023": null, "NewDatacenter2024": null, "NewDatacenter2025": null, "NewDatacenter2022": null, "NewDatacenter2021": null, "1_DC": 0, "1_TT": -0.1119605, "1_TPM": -0.0007872, "1_GDP": -0.1478356, "1_TA": -0.0381421, "1_WI": -0.4878197, "1_SO": -0.3707, "1_ST": -0.3565562, "1_LP": 1.267626, "1_PF": 0.069318, "1_CP": -0.1614918, "1_T": 1.331494, "1_NR": 1.202232, "1_GW": -0.141791, "1_SW": -0.1972636, "1_RW": -0.1722456, "1_EG": -0.5380116, "1_OF": -0.3680018 }, "geometry": { "type": "MultiPolygon", "coordinates": [ [ [ [ -97.731674838939341, 29.230155196948331 ], [ -97.862057626370927, 29.360312983935504 ], [ -97.843113517708105, 29.384699599998495 ], [ -97.641961077917415, 29.65052704648194 ], [ -97.60601046034634, 29.641034845530804 ], [ -97.325281297404558, 29.783434829353649 ], [ -97.138684576673086, 29.643504426475292 ], [ -97.150601923217778, 29.632815961544043 ], [ -97.208296530604741, 29.587557819371131 ], [ -97.210974215490012, 29.507856365096799 ], [ -97.236990814915146, 29.387463304244186 ], [ -97.494501348487859, 29.213456240115157 ], [ -97.618910358285007, 29.118079107626802 ], [ -97.731674838939341, 29.230155196948331 ] ] ] ] } },
{ "type": "Feature", "properties": { "fid": 214, "OBJECTID": 2852.0, "NAME": "Bexar", "STATE_NAME": "Texas", "STATE_FIPS": "48", "CNTY_FIPS": "029", "FIPS": "48029", "AREA": 1254.7105, "POP1990": 1185394.0, "POP1999": 1372238.0, "POP90_SQMI": 945.0, "HOUSEHOLDS": 409043.0, "MALES": 575060.0, "FEMALES": 610334.0, "WHITE": 878736.0, "BLACK": 84670.0, "AMERI_ES": 4265.0, "ASIAN_PI": 15429.0, "OTHER": 202294.0, "HISPANIC": 589180.0, "AGE_UNDER5": 99881.0, "AGE_5_17": 246060.0, "AGE_18_29": 246589.0, "AGE_30_49": 337915.0, "AGE_50_64": 137579.0, "AGE_65_UP": 117370.0, "NEVERMARRY": 241584.0, "MARRIED": 480134.0, "SEPARATED": 25915.0, "WIDOWED": 56019.0, "DIVORCED": 90736.0, "HSEHLD_1_M": 40542.0, "HSEHLD_1_F": 54395.0, "MARHH_CHD": 123769.0, "MARHH_NO_C": 99860.0, "MHH_CHILD": 7827.0, "FHH_CHILD": 41244.0, "HSE_UNITS": 455832.0, "VACANT": 46789.0, "OWNER_OCC": 236411.0, "RENTER_OCC": 172632.0, "MEDIAN_VAL": 56300.0, "MEDIANRENT": 317, "UNITS_1DET": 287021.0, "UNITS_1ATT": 15907.0, "UNITS2": 11477.0, "UNITS3_9": 54562.0, "UNITS10_49": 46047.0, "UNITS50_UP": 21816.0, "MOBILEHOME": 13357.0, "NO_FARMS87": 1950.0, "AVG_SIZE87": 245.0, "CROP_ACR87": 153530.0, "AVG_SALE87": 21683.0, "Shape_Leng": 2.3631296591047, "Shape_Area": 0.302360386562946, "Datacenter": 19, "GDP_Change": 3.5, "HP_Change": -3.0, "Talent-Bachelor": 1001, "Talent-Master": 801, "Talent-Doctor": 687, "NetADD": -2610, "NewDatacenter2023": 1, "NewDatacenter2024": 1, "NewDatacenter2025": 1, "NewDatacenter2022": 1, "NewDatacenter2021": 1, "1_DC": 19, "1_TT": 3.77311, "1_TPM": -4.243578, "1_GDP": 3.015363, "1_TA": 3.489666, "1_WI": -0.4878197, "1_SO": -0.0213204, "1_ST": -0.159369, "1_LP": 0.824338, "1_PF": 0.069318, "1_CP": -0.1614918, "1_T": 1.032599, "1_NR": 1.652315, "1_GW": 11.07034, "1_SW": -0.1128461, "1_RW": 13.09136, "1_EG": 2.6366, "1_OF": 1.130323 }, "geometry": { "type": "MultiPolygon", "coordinates": [ [ [ [ -98.807286872020541, 29.251483259696773 ], [ -98.809295315711267, 29.696123640155982 ], [ -98.789534769198156, 29.718810548684274 ], [ -98.743772367599149, 29.722874622554531 ], [ -98.737790850918429, 29.736090141802173 ], [ -98.717915678417739, 29.729902982472833 ], [ -98.712018044192121, 29.737619832453785 ], [ -98.661822989643667, 29.754880816219384 ], [ -98.652415634632916, 29.751558352488239 ], [ -98.645152203060718, 29.745971949368343 ], [ -98.630358421893959, 29.750826009103385 ], [ -98.615785816875984, 29.742397776657555 ], [ -98.605073937778513, 29.754171440129262 ], [ -98.584138231883173, 29.74931936880537 ], [ -98.559197203291887, 29.763192977927503 ], [ -98.49600094816401, 29.740809287680076 ], [ -98.467557778670255, 29.74453622588976 ], [ -98.44012926444816, 29.721700422939513 ], [ -98.436787526585363, 29.73173083947971 ], [ -98.423611199273466, 29.733830807766946 ], [ -98.416935369676253, 29.753433880706858 ], [ -98.389384786725884, 29.737912522483153 ], [ -98.384356844143156, 29.725927170228513 ], [ -98.361056043501662, 29.735198563392473 ], [ -98.354067280286529, 29.716768505566968 ], [ -98.384646731922544, 29.711271600890754 ], [ -98.385379078289532, 29.673711459546141 ], [ -98.367052762771891, 29.671148136246785 ], [ -98.352075821590688, 29.658550580310436 ], [ -98.348604270536043, 29.621841099989016 ], [ -98.327630443507758, 29.594940840665807 ], [ -98.286392403458706, 29.559927061470006 ], [ -98.262778803230901, 29.560468810133177 ], [ -98.257735661763547, 29.575971233312181 ], [ -98.233832163605541, 29.565502237327106 ], [ -98.240912394209943, 29.553242188154595 ], [ -98.227148612292808, 29.534684366832604 ], [ -98.20789155131655, 29.52841138511484 ], [ -98.195943592055698, 29.499336800666836 ], [ -98.177487652851596, 29.504528498862381 ], [ -98.173146387791064, 29.487496508357253 ], [ -98.146755700299366, 29.496214784459049 ], [ -98.130657278199919, 29.489981862373284 ], [ -98.132412009261714, 29.458380153807227 ], [ -98.144626944597348, 29.450796766515058 ], [ -98.143207827565561, 29.44389623777511 ], [ -98.42120579286501, 29.115347099742404 ], [ -98.807286872020541, 29.251483259696773 ] ] ] ] } },
{ "type": "Feature", "properties": { "fid": 215, "OBJECTID": 2853.0, "NAME": "Medina", "STATE_NAME": "Texas", "STATE_FIPS": "48", "CNTY_FIPS": "325", "FIPS": "48325", "AREA": 1333.3685, "POP1990": 27312.0, "POP1999": 38793.0, "POP90_SQMI": 20.0, "HOUSEHOLDS": 9109.0, "MALES": 13549.0, "FEMALES": 13763.0, "WHITE": 23608.0, "BLACK": 92.0, "AMERI_ES": 119.0, "ASIAN_PI": 68.0, "OTHER": 3425.0, "HISPANIC": 12134.0, "AGE_UNDER5": 2126.0, "AGE_5_17": 5977.0, "AGE_18_29": 4310.0, "AGE_30_49": 7254.0, "AGE_50_64": 3813.0, "AGE_65_UP": 3832.0, "NEVERMARRY": 4400.0, "MARRIED": 12822.0, "SEPARATED": 378.0, "WIDOWED": 1577.0, "DIVORCED": 1351.0, "HSEHLD_1_M": 724.0, "HSEHLD_1_F": 952.0, "MARHH_CHD": 3143.0, "MARHH_NO_C": 2908.0, "MHH_CHILD": 185.0, "FHH_CHILD": 620.0, "HSE_UNITS": 10860.0, "VACANT": 1751.0, "OWNER_OCC": 7130.0, "RENTER_OCC": 1979.0, "MEDIAN_VAL": 45300.0, "MEDIANRENT": 221, "UNITS_1DET": 7801.0, "UNITS_1ATT": 122.0, "UNITS2": 97.0, "UNITS3_9": 290.0, "UNITS10_49": 119.0, "UNITS50_UP": 0.0, "MOBILEHOME": 2248.0, "NO_FARMS87": 1570.0, "AVG_SIZE87": 437.0, "CROP_ACR87": 210838.0, "AVG_SALE87": 28073.0, "Shape_Leng": 2.4587209672110828, "Shape_Area": 0.32097714812442202, "Datacenter": 31, "GDP_Change": -1.0, "HP_Change": -1.9, "Talent-Bachelor": null, "Talent-Master": null, "Talent-Doctor": null, "NetADD": null, "NewDatacenter2023": null, "NewDatacenter2024": 1, "NewDatacenter2025": 1, "NewDatacenter2022": null, "NewDatacenter2021": null, "1_DC": 31, "1_TT": -0.1119605, "1_TPM": -0.0007872, "1_GDP": -0.1902614, "1_TA": -0.4992222, "1_WI": -0.4878197, "1_SO": -0.2658861, "1_ST": -0.3565562, "1_LP": -0.1255651, "1_PF": -4.073454, "1_CP": -0.1614918, "1_T": 1.007691, "1_NR": 0.6482022, "1_GW": 0.1691499, "1_SW": -0.2200954, "1_RW": -0.1631053, "1_EG": -0.5380116, "1_OF": -1.003346 }, "geometry": { "type": "MultiPolygon", "coordinates": [ [ [ [ -98.80904187312268, 29.09233390560383 ], [ -99.413301415115427, 29.092720574584575 ], [ -99.417909968210893, 29.628234730743898 ], [ -98.987713467664776, 29.621874179902257 ], [ -98.98210535109888, 29.565460296589997 ], [ -98.965907635138308, 29.561184105298825 ], [ -98.920091846400055, 29.576318298133547 ], [ -98.809295315711267, 29.696123640155982 ], [ -98.807286872020541, 29.251483259696773 ], [ -98.80904187312268, 29.09233390560383 ] ] ] ] } },
{ "type": "Feature", "properties": { "fid": 216, "OBJECTID": 2856.0, "NAME": "Lavaca", "STATE_NAME": "Texas", "STATE_FIPS": "48", "CNTY_FIPS": "285", "FIPS": "48285", "AREA": 971.996, "POP1990": 18690.0, "POP1999": 18859.0, "POP90_SQMI": 19.0, "HOUSEHOLDS": 7349.0, "MALES": 8935.0, "FEMALES": 9755.0, "WHITE": 16541.0, "BLACK": 1342.0, "AMERI_ES": 20.0, "ASIAN_PI": 14.0, "OTHER": 773.0, "HISPANIC": 1596.0, "AGE_UNDER5": 1178.0, "AGE_5_17": 3425.0, "AGE_18_29": 2471.0, "AGE_30_49": 4469.0, "AGE_50_64": 2728.0, "AGE_65_UP": 4419.0, "NEVERMARRY": 2834.0, "MARRIED": 9208.0, "SEPARATED": 184.0, "WIDOWED": 1844.0, "DIVORCED": 774.0, "HSEHLD_1_M": 686.0, "HSEHLD_1_F": 1333.0, "MARHH_CHD": 1942.0, "MARHH_NO_C": 2517.0, "MHH_CHILD": 63.0, "FHH_CHILD": 330.0, "HSE_UNITS": 9549.0, "VACANT": 2200.0, "OWNER_OCC": 5787.0, "RENTER_OCC": 1562.0, "MEDIAN_VAL": 40700.0, "MEDIANRENT": 166, "UNITS_1DET": 7520.0, "UNITS_1ATT": 89.0, "UNITS2": 170.0, "UNITS3_9": 111.0, "UNITS10_49": 62.0, "UNITS50_UP": 0.0, "MOBILEHOME": 1382.0, "NO_FARMS87": 2514.0, "AVG_SIZE87": 202.0, "CROP_ACR87": 188205.0, "AVG_SALE87": 13665.0, "Shape_Leng": 1.8903771469234629, "Shape_Area": 0.23401509718067701, "Datacenter": null, "GDP_Change": 1.1, "HP_Change": null, "Talent-Bachelor": null, "Talent-Master": null, "Talent-Doctor": null, "NetADD": null, "NewDatacenter2023": null, "NewDatacenter2024": null, "NewDatacenter2025": null, "NewDatacenter2022": null, "NewDatacenter2021": null, "1_DC": 0, "1_TT": -0.1119605, "1_TPM": -0.0007872, "1_GDP": -0.1914754, "1_TA": -0.3117246, "1_WI": -0.4878197, "1_SO": -0.3707, "1_ST": -0.3565562, "1_LP": 1.267626, "1_PF": 0.069318, "1_CP": -0.1614918, "1_T": 1.281678, "1_NR": 0.9829066, "1_GW": -0.142231, "1_SW": -0.220112, "1_RW": -0.1722456, "1_EG": -0.5380116, "1_OF": -0.3646042 }, "geometry": { "type": "MultiPolygon", "coordinates": [ [ [ [ -96.980113124138995, 29.109913867738253 ], [ -97.236990814915146, 29.387463304244186 ], [ -97.210974215490012, 29.507856365096799 ], [ -97.208296530604741, 29.587557819371131 ], [ -97.150601923217778, 29.632815961544043 ], [ -96.880079837077403, 29.636854794167547 ], [ -96.845830484621104, 29.612489349121457 ], [ -96.837224198424337, 29.576479852543549 ], [ -96.79516219775644, 29.578915588490126 ], [ -96.575445071832746, 29.346564143055573 ], [ -96.673821490015882, 29.254655983378537 ], [ -96.932298905381799, 29.062207706693371 ], [ -96.980113124138995, 29.109913867738253 ] ] ] ] } },
{ "type": "Feature", "properties": { "fid": 217, "OBJECTID": 2857.0, "NAME": "Wharton", "STATE_NAME": "Texas", "STATE_FIPS": "48", "CNTY_FIPS": "481", "FIPS": "48481", "AREA": 1095.7681, "POP1990": 39955.0, "POP1999": 40206.0, "POP90_SQMI": 36.0, "HOUSEHOLDS": 14210.0, "MALES": 19498.0, "FEMALES": 20457.0, "WHITE": 29127.0, "BLACK": 6308.0, "AMERI_ES": 38.0, "ASIAN_PI": 131.0, "OTHER": 4351.0, "HISPANIC": 10103.0, "AGE_UNDER5": 3140.0, "AGE_5_17": 8802.0, "AGE_18_29": 6393.0, "AGE_30_49": 10570.0, "AGE_50_64": 5295.0, "AGE_65_UP": 5755.0, "NEVERMARRY": 6560.0, "MARRIED": 17506.0, "SEPARATED": 696.0, "WIDOWED": 2923.0, "DIVORCED": 2120.0, "HSEHLD_1_M": 1292.0, "HSEHLD_1_F": 2089.0, "MARHH_CHD": 4397.0, "MARHH_NO_C": 3951.0, "MHH_CHILD": 287.0, "FHH_CHILD": 1126.0, "HSE_UNITS": 16277.0, "VACANT": 2067.0, "OWNER_OCC": 9429.0, "RENTER_OCC": 4781.0, "MEDIAN_VAL": 49300.0, "MEDIANRENT": 227, "UNITS_1DET": 12294.0, "UNITS_1ATT": 234.0, "UNITS2": 278.0, "UNITS3_9": 653.0, "UNITS10_49": 469.0, "UNITS50_UP": 297.0, "MOBILEHOME": 1750.0, "NO_FARMS87": 1272.0, "AVG_SIZE87": 539.0, "CROP_ACR87": 397797.0, "AVG_SALE87": 60991.0, "Shape_Leng": 2.2700370893547488, "Shape_Area": 0.26358864886357702, "Datacenter": null, "GDP_Change": 0.5, "HP_Change": null, "Talent-Bachelor": null, "Talent-Master": null, "Talent-Doctor": null, "NetADD": null, "NewDatacenter2023": null, "NewDatacenter2024": null, "NewDatacenter2025": null, "NewDatacenter2022": null, "NewDatacenter2021": null, "1_DC": 0, "1_TT": -0.1119605, "1_TPM": -0.0007872, "1_GDP": -0.167201, "1_TA": -0.0401455, "1_WI": -0.0629031, "1_SO": 5.404545, "1_ST": 1.080094, "1_LP": 0.0855245, "1_PF": 0.069318, "1_CP": -0.1614918, "1_T": 1.132231, "1_NR": 1.115957, "1_GW": -0.0238087, "1_SW": -0.220112, "1_RW": -0.1722456, "1_EG": 2.048709, "1_OF": -0.8334677 }, "geometry": { "type": "MultiPolygon", "coordinates": [ [ [ [ -95.876680091604726, 29.232252552775645 ], [ -95.964695942936316, 29.152484714263995 ], [ -96.307098903990038, 28.966390778140958 ], [ -96.653084300960813, 29.237498205787915 ], [ -96.352783044768444, 29.412241852883334 ], [ -96.312758208372145, 29.511800559521852 ], [ -96.181315630767415, 29.633372626652012 ], [ -96.133760210005391, 29.617019458113163 ], [ -96.100739230534259, 29.615838753131179 ], [ -96.083633621061836, 29.600141788906662 ], [ -96.068252312820107, 29.592199831772231 ], [ -96.067115489638184, 29.571978849342543 ], [ -96.048712854177097, 29.550672579900272 ], [ -96.059600306720995, 29.542353054740307 ], [ -96.060752366572501, 29.518086739167007 ], [ -96.02934125922684, 29.505933479241524 ], [ -96.030935838355674, 29.49452409462879 ], [ -96.065101216334483, 29.481548852865654 ], [ -96.040724575740967, 29.454055155570412 ], [ -96.040877149917719, 29.439840094544429 ], [ -95.988370131066631, 29.420475134208349 ], [ -95.972881965831959, 29.383195010985506 ], [ -95.950031268268219, 29.368577275260776 ], [ -95.961368826531896, 29.350646918497318 ], [ -95.943088240564691, 29.328394324996829 ], [ -95.916834738045623, 29.319605235060596 ], [ -95.881746058089107, 29.277888504118035 ], [ -95.847496717789909, 29.272448526156353 ], [ -95.844368545987777, 29.261771451089068 ], [ -95.876680091604726, 29.232252552775645 ] ] ] ] } },
{ "type": "Feature", "properties": { "fid": 218, "OBJECTID": 2858.0, "NAME": "Uvalde", "STATE_NAME": "Texas", "STATE_FIPS": "48", "CNTY_FIPS": "463", "FIPS": "48463", "AREA": 1560.3652, "POP1990": 23340.0, "POP1999": 25784.0, "POP90_SQMI": 15.0, "HOUSEHOLDS": 7553.0, "MALES": 11257.0, "FEMALES": 12083.0, "WHITE": 15078.0, "BLACK": 47.0, "AMERI_ES": 49.0, "ASIAN_PI": 70.0, "OTHER": 8096.0, "HISPANIC": 14104.0, "AGE_UNDER5": 2005.0, "AGE_5_17": 5487.0, "AGE_18_29": 4222.0, "AGE_30_49": 5708.0, "AGE_50_64": 3002.0, "AGE_65_UP": 2916.0, "NEVERMARRY": 3867.0, "MARRIED": 10312.0, "SEPARATED": 413.0, "WIDOWED": 1359.0, "DIVORCED": 1158.0, "HSEHLD_1_M": 552.0, "HSEHLD_1_F": 906.0, "MARHH_CHD": 2723.0, "MARHH_NO_C": 2057.0, "MHH_CHILD": 147.0, "FHH_CHILD": 631.0, "HSE_UNITS": 9692.0, "VACANT": 2139.0, "OWNER_OCC": 5217.0, "RENTER_OCC": 2336.0, "MEDIAN_VAL": 38600.0, "MEDIANRENT": 204, "UNITS_1DET": 7183.0, "UNITS_1ATT": 119.0, "UNITS2": 225.0, "UNITS3_9": 469.0, "UNITS10_49": 106.0, "UNITS50_UP": 0.0, "MOBILEHOME": 1403.0, "NO_FARMS87": 575.0, "AVG_SIZE87": 1479.0, "CROP_ACR87": 143468.0, "AVG_SALE87": 82400.0, "Shape_Leng": 2.472530427774509, "Shape_Area": 0.37571252461465698, "Datacenter": null, "GDP_Change": 0.6, "HP_Change": null, "Talent-Bachelor": null, "Talent-Master": null, "Talent-Doctor": null, "NetADD": null, "NewDatacenter2023": null, "NewDatacenter2024": null, "NewDatacenter2025": null, "NewDatacenter2022": null, "NewDatacenter2021": null, "1_DC": 0, "1_TT": -0.1119605, "1_TPM": -0.0007872, "1_GDP": -0.1969235, "1_TA": -0.6539187, "1_WI": -0.4878197, "1_SO": 0.6914139, "1_ST": -0.3565562, "1_LP": -0.1255651, "1_PF": 0.069318, "1_CP": -0.1614918, "1_T": 1.057507, "1_NR": 0.6918594, "1_GW": -0.0716543, "1_SW": -0.220112, "1_RW": -0.0542053, "1_EG": -0.3922381, "1_OF": -0.9727677 }, "geometry": { "type": "MultiPolygon", "coordinates": [ [ [ [ -99.413301415115427, 29.092720574584575 ], [ -100.115029426530157, 29.089209187617662 ], [ -100.115782565145253, 29.626525578967044 ], [ -100.013987391774833, 29.624752336060748 ], [ -99.619920485635248, 29.630502743103857 ], [ -99.417909968210893, 29.628234730743898 ], [ -99.413301415115427, 29.092720574584575 ] ] ] ] } },
{ "type": "Feature", "properties": { "fid": 219, "OBJECTID": 2859.0, "NAME": "Kinney", "STATE_NAME": "Texas", "STATE_FIPS": "48", "CNTY_FIPS": "271", "FIPS": "48271", "AREA": 1357.2102, "POP1990": 3119.0, "POP1999": 3543.0, "POP90_SQMI": 2.0, "HOUSEHOLDS": 1187.0, "MALES": 1580.0, "FEMALES": 1539.0, "WHITE": 2746.0, "BLACK": 57.0, "AMERI_ES": 26.0, "ASIAN_PI": 9.0, "OTHER": 281.0, "HISPANIC": 1570.0, "AGE_UNDER5": 197.0, "AGE_5_17": 588.0, "AGE_18_29": 417.0, "AGE_30_49": 675.0, "AGE_50_64": 553.0, "AGE_65_UP": 689.0, "NEVERMARRY": 487.0, "MARRIED": 1564.0, "SEPARATED": 52.0, "WIDOWED": 211.0, "DIVORCED": 159.0, "HSEHLD_1_M": 139.0, "HSEHLD_1_F": 178.0, "MARHH_CHD": 310.0, "MARHH_NO_C": 415.0, "MHH_CHILD": 21.0, "FHH_CHILD": 38.0, "HSE_UNITS": 1821.0, "VACANT": 634.0, "OWNER_OCC": 814.0, "RENTER_OCC": 373.0, "MEDIAN_VAL": 32400.0, "MEDIANRENT": 173, "UNITS_1DET": 1084.0, "UNITS_1ATT": 65.0, "UNITS2": 105.0, "UNITS3_9": 28.0, "UNITS10_49": 23.0, "UNITS50_UP": 0.0, "MOBILEHOME": 477.0, "NO_FARMS87": 110.0, "AVG_SIZE87": 5941.0, "CROP_ACR87": 10176.0, "AVG_SALE87": 94239.0, "Shape_Leng": 2.331102945875978, "Shape_Area": 0.32656763974922998, "Datacenter": null, "GDP_Change": 8.4, "HP_Change": null, "Talent-Bachelor": null, "Talent-Master": null, "Talent-Doctor": null, "NetADD": null, "NewDatacenter2023": null, "NewDatacenter2024": null, "NewDatacenter2025": null, "NewDatacenter2022": null, "NewDatacenter2021": null, "1_DC": 0, "1_TT": -0.1119605, "1_TPM": -0.0007872, "1_GDP": -0.2191213, "1_TA": -0.9872434, "1_WI": 2.35104, "1_SO": -0.3707, "1_ST": -0.3565562, "1_LP": -0.7482793, "1_PF": 0.069318, "1_CP": -0.1614918, "1_T": 1.331494, "1_NR": -1.525297, "1_GW": -0.2083348, "1_SW": -0.220112, "1_RW": -0.1722456, "1_EG": -0.3592456, "1_OF": -1.448426 }, "geometry": { "type": "MultiPolygon", "coordinates": [ [ [ [ -100.115029426530157, 29.089209187617662 ], [ -100.669132304446123, 29.080312726233316 ], [ -100.76897453343156, 29.166807433207595 ], [ -100.797357397043754, 29.242736283820339 ], [ -100.787484728038578, 29.247853652253234 ], [ -100.755585288344264, 29.243953608056191 ], [ -100.756218680379277, 29.256331948229295 ], [ -100.746307819537265, 29.25823552758709 ], [ -100.739212541291465, 29.282130250656714 ], [ -100.746186295394068, 29.302715724898711 ], [ -100.740166847776379, 29.330728302678317 ], [ -100.718803941201031, 29.340041758910004 ], [ -100.705940643480972, 29.363967003209776 ], [ -100.69147586169629, 29.448868642826284 ], [ -100.69134066126702, 29.622097133335224 ], [ -100.115782565145253, 29.626525578967044 ], [ -100.115029426530157, 29.089209187617662 ] ] ] ] } },
{ "type": "Feature", "properties": { "fid": 220, "OBJECTID": 2860.0, "NAME": "Brazoria", "STATE_NAME": "Texas", "STATE_FIPS": "48", "CNTY_FIPS": "039", "FIPS": "48039", "AREA": 1439.7333, "POP1990": 191707.0, "POP1999": 235390.0, "POP90_SQMI": 133.0, "HOUSEHOLDS": 64019.0, "MALES": 99590.0, "FEMALES": 92117.0, "WHITE": 154875.0, "BLACK": 15981.0, "AMERI_ES": 812.0, "ASIAN_PI": 1961.0, "OTHER": 18078.0, "HISPANIC": 33797.0, "AGE_UNDER5": 15565.0, "AGE_5_17": 40680.0, "AGE_18_29": 35155.0, "AGE_30_49": 62156.0, "AGE_50_64": 23203.0, "AGE_65_UP": 14948.0, "NEVERMARRY": 30285.0, "MARRIED": 89487.0, "SEPARATED": 3717.0, "WIDOWED": 7383.0, "DIVORCED": 13118.0, "HSEHLD_1_M": 5917.0, "HSEHLD_1_F": 5947.0, "MARHH_CHD": 23756.0, "MARHH_NO_C": 18472.0, "MHH_CHILD": 1425.0, "FHH_CHILD": 3983.0, "HSE_UNITS": 74504.0, "VACANT": 10485.0, "OWNER_OCC": 44317.0, "RENTER_OCC": 19702.0, "MEDIAN_VAL": 61800.0, "MEDIANRENT": 313, "UNITS_1DET": 48436.0, "UNITS_1ATT": 1342.0, "UNITS2": 957.0, "UNITS3_9": 3157.0, "UNITS10_49": 6296.0, "UNITS50_UP": 2115.0, "MOBILEHOME": 10739.0, "NO_FARMS87": 1498.0, "AVG_SIZE87": 359.0, "CROP_ACR87": 195681.0, "AVG_SALE87": 24796.0, "Shape_Leng": 2.717085114844545, "Shape_Area": 0.34592960815560603, "Datacenter": null, "GDP_Change": 5.3, "HP_Change": -0.7, "Talent-Bachelor": null, "Talent-Master": null, "Talent-Doctor": null, "NetADD": null, "NewDatacenter2023": null, "NewDatacenter2024": null, "NewDatacenter2025": null, "NewDatacenter2022": null, "NewDatacenter2021": null, "1_DC": 0, "1_TT": -0.1119605, "1_TPM": -0.0007872, "1_GDP": 0.2518367, "1_TA": 0.2236841, "1_WI": -0.4878197, "1_SO": 6.197636, "1_ST": 6.160012, "1_LP": 1.668696, "1_PF": 0.069318, "1_CP": -0.1614918, "1_T": 1.057507, "1_NR": 1.463135, "1_GW": 1.265234, "1_SW": -0.1997671, "1_RW": 0.2220926, "1_EG": 2.401444, "1_OF": 0.416835 }, "geometry": { "type": "MultiPolygon", "coordinates": [ [ [ [ -95.066572336912202, 29.196116811741586 ], [ -95.160730128439184, 29.200271434650872 ], [ -95.16498804733078, 29.117790217402696 ], [ -95.197551612067457, 29.10546535841122 ], [ -95.248618098970155, 28.97863764357998 ], [ -95.526807295460912, 28.803496685085971 ], [ -95.544759521988397, 28.830483179710406 ], [ -95.582068783013938, 28.833400104879704 ], [ -95.591452646141818, 28.862736205431851 ], [ -95.650283880150027, 28.912458239670247 ], [ -95.655844967037012, 28.945759498691647 ], [ -95.68424971059801, 28.960684492074815 ], [ -95.768861705363975, 28.977363244511793 ], [ -95.770478325473562, 29.007282888375936 ], [ -95.799340776849704, 29.034592128501274 ], [ -95.78907094508611, 29.072768553528082 ], [ -95.807465712804287, 29.090933980348638 ], [ -95.823296741355193, 29.129202319817178 ], [ -95.851815947134469, 29.154176908343597 ], [ -95.853509540592768, 29.172605270842773 ], [ -95.840653592885644, 29.178998381110301 ], [ -95.846833248274379, 29.212290399204207 ], [ -95.876680091604726, 29.232252552775645 ], [ -95.844368545987777, 29.261771451089068 ], [ -95.847496717789909, 29.272448526156353 ], [ -95.805274572283167, 29.311208139630182 ], [ -95.792456811952547, 29.30612315167425 ], [ -95.768362578859751, 29.327211873653994 ], [ -95.685344793129218, 29.303281706527233 ], [ -95.644213602122477, 29.299338659464713 ], [ -95.639887714672113, 29.322113688819208 ], [ -95.630053194557377, 29.329979254914246 ], [ -95.593370085663253, 29.330787395641366 ], [ -95.578942762682971, 29.385732835521736 ], [ -95.555962502084697, 29.404067460718519 ], [ -95.564332305909943, 29.433779588667505 ], [ -95.468718002879768, 29.438087099815544 ], [ -95.421231102055117, 29.586585088601996 ], [ -95.398288809696965, 29.583781194835602 ], [ -95.385203963236563, 29.592402050379903 ], [ -95.345186545529373, 29.594366259095029 ], [ -95.332071191175999, 29.603435339941175 ], [ -95.289955636328614, 29.605288920827775 ], [ -95.272842383031843, 29.601334972042437 ], [ -95.25293669804006, 29.572940905867458 ], [ -95.25516455874714, 29.561567716645982 ], [ -95.216543381900692, 29.5667550085644 ], [ -95.236013957994146, 29.474462882428206 ], [ -95.060613509575774, 29.204924677476697 ], [ -95.066572336912202, 29.196116811741586 ] ] ] ] } },
{ "type": "Feature", "properties": { "fid": 221, "OBJECTID": 2862.0, "NAME": "Galveston", "STATE_NAME": "Texas", "STATE_FIPS": "48", "CNTY_FIPS": "167", "FIPS": "48167", "AREA": 408.8877, "POP1990": 217399.0, "POP1999": 248452.0, "POP90_SQMI": 532.0, "HOUSEHOLDS": 81451.0, "MALES": 106950.0, "FEMALES": 110449.0, "WHITE": 164210.0, "BLACK": 38154.0, "AMERI_ES": 752.0, "ASIAN_PI": 3569.0, "OTHER": 10714.0, "HISPANIC": 30962.0, "AGE_UNDER5": 16605.0, "AGE_5_17": 43296.0, "AGE_18_29": 38594.0, "AGE_30_49": 66871.0, "AGE_50_64": 29262.0, "AGE_65_UP": 22771.0, "NEVERMARRY": 38568.0, "MARRIED": 93912.0, "SEPARATED": 4742.0, "WIDOWED": 11535.0, "DIVORCED": 18030.0, "HSEHLD_1_M": 9416.0, "HSEHLD_1_F": 10364.0, "MARHH_CHD": 22803.0, "MARHH_NO_C": 22076.0, "MHH_CHILD": 1738.0, "FHH_CHILD": 7206.0, "HSE_UNITS": 99451.0, "VACANT": 18000.0, "OWNER_OCC": 50463.0, "RENTER_OCC": 30988.0, "MEDIAN_VAL": 59700.0, "MEDIANRENT": 322, "UNITS_1DET": 66782.0, "UNITS_1ATT": 2212.0, "UNITS2": 3071.0, "UNITS3_9": 6750.0, "UNITS10_49": 8898.0, "UNITS50_UP": 4959.0, "MOBILEHOME": 5805.0, "NO_FARMS87": 471.0, "AVG_SIZE87": 210.0, "CROP_ACR87": 38242.0, "AVG_SALE87": 11906.0, "Shape_Leng": 3.572003153496015, "Shape_Area": 0.098561823911077998, "Datacenter": 1, "GDP_Change": 7.5, "HP_Change": null, "Talent-Bachelor": null, "Talent-Master": null, "Talent-Doctor": null, "NetADD": -336, "NewDatacenter2023": null, "NewDatacenter2024": null, "NewDatacenter2025": null, "NewDatacenter2022": null, "NewDatacenter2021": null, "1_DC": 1, "1_TT": -0.1119605, "1_TPM": -0.5469856, "1_GDP": 0.3119074, "1_TA": 3.108068, "1_WI": -0.4878197, "1_SO": -0.3707, "1_ST": 0.1129372, "1_LP": 1.668696, "1_PF": 0.069318, "1_CP": -0.1614918, "1_T": 1.057507, "1_NR": 1.520305, "1_GW": -0.1660987, "1_SW": 0.608458, "1_RW": -0.0056312, "1_EG": 1.037537, "1_OF": 0.7633862 }, "geometry": { "type": "MultiPolygon", "coordinates": [ [ [ [ -95.066572336912202, 29.196116811741586 ], [ -95.060613509575774, 29.204924677476697 ], [ -95.236013957994146, 29.474462882428206 ], [ -95.216543381900692, 29.5667550085644 ], [ -95.2032907215617, 29.568925316434992 ], [ -95.193761306507554, 29.534088273158098 ], [ -95.174702473756611, 29.509840359714435 ], [ -95.161312463355273, 29.505575364362048 ], [ -95.114870903940698, 29.519095411778416 ], [ -95.107706705540124, 29.533915113628385 ], [ -95.085596058145882, 29.543930051178915 ], [ -95.064919815553708, 29.565018941535989 ], [ -95.014327744271952, 29.559494546343529 ], [ -94.911357625540347, 29.500563942251802 ], [ -94.983014904272011, 29.460758570844575 ], [ -94.943958728795451, 29.464912789003662 ], [ -94.952709413146465, 29.424466813215691 ], [ -94.913645534591524, 29.420345304500984 ], [ -94.917193668702055, 29.448054370949862 ], [ -94.891336181890097, 29.399557851379502 ], [ -94.815550584149946, 29.371166219444937 ], [ -94.891671821150794, 29.394064860456869 ], [ -94.898987628738098, 29.309011231259635 ], [ -94.951334774374402, 29.326157580205539 ], [ -95.066572336912202, 29.196116811741586 ] ] ], [ [ [ -94.533890633570422, 29.55421364580349 ], [ -94.512611757271998, 29.547696551044119 ], [ -94.460417883079572, 29.566618409158618 ], [ -94.436155844659766, 29.568132588355574 ], [ -94.410352708892788, 29.600315894454781 ], [ -94.384602911865272, 29.60036528310868 ], [ -94.377194460929786, 29.552198627531983 ], [ -94.68271212020494, 29.43313833332429 ], [ -94.766743684311223, 29.364227669032733 ], [ -94.785444123465481, 29.383495037081911 ], [ -94.682109759908201, 29.475342872396507 ], [ -94.572885298171741, 29.533282956857153 ], [ -94.501472549276173, 29.517754183674921 ], [ -94.469985351192804, 29.557009599709328 ], [ -94.511001915028487, 29.545377303058658 ], [ -94.533890633570422, 29.55421364580349 ] ] ], [ [ [ -94.913628262177554, 29.257810039054835 ], [ -94.767575119486594, 29.342686745167345 ], [ -94.748600021490915, 29.319726860654285 ], [ -95.105621630169196, 29.097200689056574 ], [ -94.913628262177554, 29.257810039054835 ] ] ] ] } },
{ "type": "Feature", "properties": { "fid": 222, "OBJECTID": 2864.0, "NAME": "Wilson", "STATE_NAME": "Texas", "STATE_FIPS": "48", "CNTY_FIPS": "493", "FIPS": "48493", "AREA": 830.2125, "POP1990": 22650.0, "POP1999": 32698.0, "POP90_SQMI": 27.0, "HOUSEHOLDS": 7481.0, "MALES": 11275.0, "FEMALES": 11375.0, "WHITE": 19652.0, "BLACK": 242.0, "AMERI_ES": 45.0, "ASIAN_PI": 22.0, "OTHER": 2689.0, "HISPANIC": 8054.0, "AGE_UNDER5": 1814.0, "AGE_5_17": 5199.0, "AGE_18_29": 3617.0, "AGE_30_49": 6244.0, "AGE_50_64": 2908.0, "AGE_65_UP": 2868.0, "NEVERMARRY": 3345.0, "MARRIED": 10967.0, "SEPARATED": 306.0, "WIDOWED": 1178.0, "DIVORCED": 977.0, "HSEHLD_1_M": 527.0, "HSEHLD_1_F": 712.0, "MARHH_CHD": 2894.0, "MARHH_NO_C": 2342.0, "MHH_CHILD": 142.0, "FHH_CHILD": 414.0, "HSE_UNITS": 8516.0, "VACANT": 1035.0, "OWNER_OCC": 6031.0, "RENTER_OCC": 1450.0, "MEDIAN_VAL": 49900.0, "MEDIANRENT": 196, "UNITS_1DET": 5872.0, "UNITS_1ATT": 63.0, "UNITS2": 129.0, "UNITS3_9": 110.0, "UNITS10_49": 58.0, "UNITS50_UP": 0.0, "MOBILEHOME": 2162.0, "NO_FARMS87": 1746.0, "AVG_SIZE87": 257.0, "CROP_ACR87": 204251.0, "AVG_SALE87": 32209.0, "Shape_Leng": 1.900869320942417, "Shape_Area": 0.19954722070129, "Datacenter": null, "GDP_Change": 6.7, "HP_Change": null, "Talent-Bachelor": null, "Talent-Master": null, "Talent-Doctor": null, "NetADD": 120, "NewDatacenter2023": null, "NewDatacenter2024": null, "NewDatacenter2025": null, "NewDatacenter2022": null, "NewDatacenter2021": null, "1_DC": 0, "1_TT": -0.1119605, "1_TPM": 0.1942837, "1_GDP": -0.1878162, "1_TA": 0.0493167, "1_WI": -0.4878197, "1_SO": -0.3707, "1_ST": -0.3565562, "1_LP": 0.824338, "1_PF": 0.069318, "1_CP": -0.1614918, "1_T": 1.157139, "1_NR": 0.871685, "1_GW": 0.0613233, "1_SW": -0.2199451, "1_RW": -0.1722456, "1_EG": -0.5346253, "1_OF": -0.3204359 }, "geometry": { "type": "MultiPolygon", "coordinates": [ [ [ [ -98.186862773711141, 28.882197104756113 ], [ -98.319808522845733, 29.022047278362926 ], [ -98.42120579286501, 29.115347099742404 ], [ -98.143207827565561, 29.44389623777511 ], [ -98.133655557499424, 29.426309257037886 ], [ -98.13714223871898, 29.410782087996434 ], [ -98.117984299057809, 29.378354603484954 ], [ -98.101519697490176, 29.389073569902017 ], [ -97.843113517708105, 29.384699599998495 ], [ -97.862057626370927, 29.360312983935504 ], [ -97.731674838939341, 29.230155196948331 ], [ -98.186862773711141, 28.882197104756113 ] ] ] ] } },
{ "type": "Feature", "properties": { "fid": 223, "OBJECTID": 2866.0, "NAME": "De Witt", "STATE_NAME": "Texas", "STATE_FIPS": "48", "CNTY_FIPS": "123", "FIPS": "48123", "AREA": 923.3927, "POP1990": 18840.0, "POP1999": 19671.0, "POP90_SQMI": 20.0, "HOUSEHOLDS": 7195.0, "MALES": 8916.0, "FEMALES": 9924.0, "WHITE": 14356.0, "BLACK": 2114.0, "AMERI_ES": 22.0, "ASIAN_PI": 17.0, "OTHER": 2331.0, "HISPANIC": 4567.0, "AGE_UNDER5": 1299.0, "AGE_5_17": 3758.0, "AGE_18_29": 2539.0, "AGE_30_49": 4504.0, "AGE_50_64": 2765.0, "AGE_65_UP": 3975.0, "NEVERMARRY": 2833.0, "MARRIED": 8550.0, "SEPARATED": 314.0, "WIDOWED": 1867.0, "DIVORCED": 1020.0, "HSEHLD_1_M": 698.0, "HSEHLD_1_F": 1298.0, "MARHH_CHD": 1927.0, "MARHH_NO_C": 2174.0, "MHH_CHILD": 117.0, "FHH_CHILD": 461.0, "HSE_UNITS": 8568.0, "VACANT": 1373.0, "OWNER_OCC": 5320.0, "RENTER_OCC": 1875.0, "MEDIAN_VAL": 35500.0, "MEDIANRENT": 165, "UNITS_1DET": 6779.0, "UNITS_1ATT": 100.0, "UNITS2": 221.0, "UNITS3_9": 249.0, "UNITS10_49": 43.0, "UNITS50_UP": 0.0, "MOBILEHOME": 1020.0, "NO_FARMS87": 1626.0, "AVG_SIZE87": 358.0, "CROP_ACR87": 154615.0, "AVG_SALE87": 22324.0, "Shape_Leng": 2.0232772020368488, "Shape_Area": 0.221633940836338, "Datacenter": null, "GDP_Change": null, "HP_Change": null, "Talent-Bachelor": null, "Talent-Master": null, "Talent-Doctor": null, "NetADD": null, "NewDatacenter2023": null, "NewDatacenter2024": null, "NewDatacenter2025": null, "NewDatacenter2022": null, "NewDatacenter2021": null, "1_DC": 0, "1_TT": -0.1119605, "1_TPM": -0.0007872, "1_GDP": null, "1_TA": -1.511609, "1_WI": -0.4878197, "1_SO": -0.3707, "1_ST": -0.3565562, "1_LP": 1.267626, "1_PF": 0.069318, "1_CP": -0.1614918, "1_T": 1.306586, "1_NR": 0.0370029, "1_GW": -0.1336518, "1_SW": -0.2200954, "1_RW": -0.1722456, "1_EG": -0.5380116, "1_OF": -1.37368 }, "geometry": { "type": "MultiPolygon", "coordinates": [ [ [ [ -97.308725735805751, 28.868421267869845 ], [ -97.324137355011999, 28.874316405632726 ], [ -97.329951016956556, 28.887775930347168 ], [ -97.379390242853844, 28.904141476422858 ], [ -97.385745585259485, 28.917152790902705 ], [ -97.398296143890889, 28.915159502191582 ], [ -97.42348112995694, 28.925406898731818 ], [ -97.576011150365957, 28.816453589337467 ], [ -97.76010401556897, 29.007746588157996 ], [ -97.618910358285007, 29.118079107626802 ], [ -97.494501348487859, 29.213456240115157 ], [ -97.236990814915146, 29.387463304244186 ], [ -96.980113124138995, 29.109913867738253 ], [ -97.308725735805751, 28.868421267869845 ] ] ] ] } },
{ "type": "Feature", "properties": { "fid": 224, "OBJECTID": 2869.0, "NAME": "Jackson", "STATE_NAME": "Texas", "STATE_FIPS": "48", "CNTY_FIPS": "239", "FIPS": "48239", "AREA": 845.2126, "POP1990": 13039.0, "POP1999": 13719.0, "POP90_SQMI": 15.0, "HOUSEHOLDS": 4833.0, "MALES": 6279.0, "FEMALES": 6760.0, "WHITE": 10857.0, "BLACK": 1218.0, "AMERI_ES": 41.0, "ASIAN_PI": 12.0, "OTHER": 911.0, "HISPANIC": 2772.0, "AGE_UNDER5": 914.0, "AGE_5_17": 2762.0, "AGE_18_29": 1790.0, "AGE_30_49": 3392.0, "AGE_50_64": 1944.0, "AGE_65_UP": 2237.0, "NEVERMARRY": 1967.0, "MARRIED": 6201.0, "SEPARATED": 179.0, "WIDOWED": 1043.0, "DIVORCED": 578.0, "HSEHLD_1_M": 399.0, "HSEHLD_1_F": 745.0, "MARHH_CHD": 1427.0, "MARHH_NO_C": 1564.0, "MHH_CHILD": 73.0, "FHH_CHILD": 309.0, "HSE_UNITS": 5841.0, "VACANT": 1008.0, "OWNER_OCC": 3636.0, "RENTER_OCC": 1197.0, "MEDIAN_VAL": 42000.0, "MEDIANRENT": 197, "UNITS_1DET": 4612.0, "UNITS_1ATT": 59.0, "UNITS2": 78.0, "UNITS3_9": 156.0, "UNITS10_49": 70.0, "UNITS50_UP": 0.0, "MOBILEHOME": 790.0, "NO_FARMS87": 783.0, "AVG_SIZE87": 584.0, "CROP_ACR87": 206814.0, "AVG_SALE87": 40550.0, "Shape_Leng": 2.3198896662066262, "Shape_Area": 0.20249138197967601, "Datacenter": null, "GDP_Change": 1.5, "HP_Change": null, "Talent-Bachelor": null, "Talent-Master": null, "Talent-Doctor": null, "NetADD": null, "NewDatacenter2023": null, "NewDatacenter2024": null, "NewDatacenter2025": null, "NewDatacenter2022": null, "NewDatacenter2021": null, "1_DC": 0, "1_TT": -0.1119605, "1_TPM": -0.0007872, "1_GDP": -0.2067519, "1_TA": -0.1935159, "1_WI": -0.4878197, "1_SO": 0.160357, "1_ST": 0.3101244, "1_LP": 0.0855245, "1_PF": 0.069318, "1_CP": -0.1614918, "1_T": 1.206955, "1_NR": 0.745911, "1_GW": -0.1790409, "1_SW": -0.220112, "1_RW": -0.1722456, "1_EG": -0.4563888, "1_OF": -0.7247458 }, "geometry": { "type": "MultiPolygon", "coordinates": [ [ [ [ -96.324764072723895, 28.670677296945435 ], [ -96.392026483434961, 28.670523490763937 ], [ -96.392979740420628, 28.726297978457804 ], [ -96.427335889088852, 28.712283706697715 ], [ -96.449926794444934, 28.755304549122847 ], [ -96.432508857692255, 28.69751952259622 ], [ -96.559190613406429, 28.700968739477322 ], [ -96.570810554818763, 28.692113232626266 ], [ -96.57246541905954, 28.808442011169088 ], [ -96.576738763285562, 28.690961241245638 ], [ -96.591753644510391, 28.717630853274361 ], [ -96.646770722156077, 28.714413375534868 ], [ -96.660091947187482, 28.722994299250839 ], [ -96.669170955919412, 28.755896930883566 ], [ -96.697797166632654, 28.767806031347337 ], [ -96.707471312729126, 28.812661323262539 ], [ -96.726346927578561, 28.82196697176802 ], [ -96.712155727545166, 28.852307837345659 ], [ -96.737264649515851, 28.888895155945221 ], [ -96.791579636079234, 28.924509478747808 ], [ -96.812042055313384, 28.961392194388576 ], [ -96.810340587609232, 28.978790347204484 ], [ -96.838836788752076, 29.02416218037672 ], [ -96.932298905381799, 29.062207706693371 ], [ -96.673821490015882, 29.254655983378537 ], [ -96.653084300960813, 29.237498205787915 ], [ -96.307098903990038, 28.966390778140958 ], [ -96.324764072723895, 28.670677296945435 ] ] ] ] } },
{ "type": "Feature", "properties": { "fid": 225, "OBJECTID": 2870.0, "NAME": "Atascosa", "STATE_NAME": "Texas", "STATE_FIPS": "48", "CNTY_FIPS": "013", "FIPS": "48013", "AREA": 1249.0288, "POP1990": 30533.0, "POP1999": 37371.0, "POP90_SQMI": 24.0, "HOUSEHOLDS": 9940.0, "MALES": 15112.0, "FEMALES": 15421.0, "WHITE": 25019.0, "BLACK": 143.0, "AMERI_ES": 109.0, "ASIAN_PI": 65.0, "OTHER": 5197.0, "HISPANIC": 16064.0, "AGE_UNDER5": 2598.0, "AGE_5_17": 7494.0, "AGE_18_29": 4984.0, "AGE_30_49": 8103.0, "AGE_50_64": 3773.0, "AGE_65_UP": 3581.0, "NEVERMARRY": 4719.0, "MARRIED": 13598.0, "SEPARATED": 545.0, "WIDOWED": 1673.0, "DIVORCED": 1533.0, "HSEHLD_1_M": 806.0, "HSEHLD_1_F": 1050.0, "MARHH_CHD": 3662.0, "MARHH_NO_C": 2746.0, "MHH_CHILD": 215.0, "FHH_CHILD": 797.0, "HSE_UNITS": 11614.0, "VACANT": 1674.0, "OWNER_OCC": 7513.0, "RENTER_OCC": 2427.0, "MEDIAN_VAL": 37800.0, "MEDIANRENT": 199, "UNITS_1DET": 7805.0, "UNITS_1ATT": 130.0, "UNITS2": 212.0, "UNITS3_9": 247.0, "UNITS10_49": 113.0, "UNITS50_UP": 0.0, "MOBILEHOME": 2866.0, "NO_FARMS87": 1341.0, "AVG_SIZE87": 554.0, "CROP_ACR87": 207320.0, "AVG_SALE87": 29509.0, "Shape_Leng": 2.2776976198141519, "Shape_Area": 0.29926820010320798, "Datacenter": null, "GDP_Change": 15.5, "HP_Change": null, "Talent-Bachelor": null, "Talent-Master": null, "Talent-Doctor": null, "NetADD": null, "NewDatacenter2023": null, "NewDatacenter2024": null, "NewDatacenter2025": null, "NewDatacenter2022": null, "NewDatacenter2021": null, "1_DC": 0, "1_TT": -0.1119605, "1_TPM": -0.0007872, "1_GDP": -0.1244249, "1_TA": -0.0813669, "1_WI": -0.4878197, "1_SO": -0.3707, "1_ST": -0.3565562, "1_LP": 0.824338, "1_PF": 0.069318, "1_CP": -0.1614918, "1_T": 1.206955, "1_NR": 0.3862597, "1_GW": 0.0382621, "1_SW": -0.2198617, "1_RW": -0.1356845, "1_EG": -0.2087925, "1_OF": -0.962575 }, "geometry": { "type": "MultiPolygon", "coordinates": [ [ [ [ -98.80819510523844, 28.639248865264122 ], [ -98.80904187312268, 29.09233390560383 ], [ -98.807286872020541, 29.251483259696773 ], [ -98.42120579286501, 29.115347099742404 ], [ -98.319808522845733, 29.022047278362926 ], [ -98.186862773711141, 28.882197104756113 ], [ -98.101144382801692, 28.785677855816939 ], [ -98.34210933329382, 28.606414802446427 ], [ -98.344077842232139, 28.638140431921865 ], [ -98.80819510523844, 28.639248865264122 ] ] ] ] } },
{ "type": "Feature", "properties": { "fid": 226, "OBJECTID": 2871.0, "NAME": "Matagorda", "STATE_NAME": "Texas", "STATE_FIPS": "48", "CNTY_FIPS": "321", "FIPS": "48321", "AREA": 1157.7793, "POP1990": 36928.0, "POP1999": 37977.0, "POP90_SQMI": 32.0, "HOUSEHOLDS": 13164.0, "MALES": 18274.0, "FEMALES": 18654.0, "WHITE": 26622.0, "BLACK": 5106.0, "AMERI_ES": 88.0, "ASIAN_PI": 842.0, "OTHER": 4270.0, "HISPANIC": 9088.0, "AGE_UNDER5": 3187.0, "AGE_5_17": 8416.0, "AGE_18_29": 5983.0, "AGE_30_49": 10268.0, "AGE_50_64": 4802.0, "AGE_65_UP": 4272.0, "NEVERMARRY": 5561.0, "MARRIED": 16381.0, "SEPARATED": 690.0, "WIDOWED": 2156.0, "DIVORCED": 2198.0, "HSEHLD_1_M": 1362.0, "HSEHLD_1_F": 1656.0, "MARHH_CHD": 4277.0, "MARHH_NO_C": 3480.0, "MHH_CHILD": 238.0, "FHH_CHILD": 1120.0, "HSE_UNITS": 18540.0, "VACANT": 5376.0, "OWNER_OCC": 8559.0, "RENTER_OCC": 4605.0, "MEDIAN_VAL": 53000.0, "MEDIANRENT": 269, "UNITS_1DET": 11831.0, "UNITS_1ATT": 229.0, "UNITS2": 404.0, "UNITS3_9": 1079.0, "UNITS10_49": 865.0, "UNITS50_UP": 465.0, "MOBILEHOME": 3361.0, "NO_FARMS87": 721.0, "AVG_SIZE87": 803.0, "CROP_ACR87": 222322.0, "AVG_SALE87": 51342.0, "Shape_Leng": 4.0951622454836016, "Shape_Area": 0.27741396365528798, "Datacenter": null, "GDP_Change": -3.6, "HP_Change": null, "Talent-Bachelor": null, "Talent-Master": null, "Talent-Doctor": null, "NetADD": null, "NewDatacenter2023": null, "NewDatacenter2024": null, "NewDatacenter2025": null, "NewDatacenter2022": null, "NewDatacenter2021": null, "1_DC": 0, "1_TT": -0.1119605, "1_TPM": -0.0007872, "1_GDP": -0.1634838, "1_TA": -0.4390855, "1_WI": -0.0941853, "1_SO": -0.3707, "1_ST": 0.0190385, "1_LP": 0.0855245, "1_PF": 0.069318, "1_CP": -0.1614918, "1_T": 1.107323, "1_NR": 1.028643, "1_GW": -0.0486297, "1_SW": -0.220112, "1_RW": -0.1722456, "1_EG": 4.776524, "1_OF": -0.327231 }, "geometry": { "type": "MultiPolygon", "coordinates": [ [ [ [ -96.326404758689478, 28.63436094324349 ], [ -96.324764072723895, 28.670677296945435 ], [ -96.307098903990038, 28.966390778140958 ], [ -95.964695942936316, 29.152484714263995 ], [ -95.876680091604726, 29.232252552775645 ], [ -95.846833248274379, 29.212290399204207 ], [ -95.840653592885644, 29.178998381110301 ], [ -95.853509540592768, 29.172605270842773 ], [ -95.851815947134469, 29.154176908343597 ], [ -95.823296741355193, 29.129202319817178 ], [ -95.807465712804287, 29.090933980348638 ], [ -95.78907094508611, 29.072768553528082 ], [ -95.799340776849704, 29.034592128501274 ], [ -95.770478325473562, 29.007282888375936 ], [ -95.768861705363975, 28.977363244511793 ], [ -95.68424971059801, 28.960684492074815 ], [ -95.655844967037012, 28.945759498691647 ], [ -95.650283880150027, 28.912458239670247 ], [ -95.591452646141818, 28.862736205431851 ], [ -95.582068783013938, 28.833400104879704 ], [ -95.544759521988397, 28.830483179710406 ], [ -95.526807295460912, 28.803496685085971 ], [ -95.683264328799169, 28.72721409868937 ], [ -95.671552488046757, 28.75294112675434 ], [ -95.786592631623307, 28.739132562620672 ], [ -95.937549339185807, 28.690720616612328 ], [ -95.956387443742017, 28.622942170440137 ], [ -95.702384532802, 28.719247768103696 ], [ -96.206828179501485, 28.488663485912603 ], [ -95.991887904105397, 28.596694866204551 ], [ -95.983990463761813, 28.653401744562284 ], [ -96.237833698452789, 28.57159576839333 ], [ -96.239275408859214, 28.597389672997455 ], [ -96.157715542950712, 28.611502668987033 ], [ -96.240701737616746, 28.635130702440467 ], [ -96.151304805260679, 28.762937961128475 ], [ -96.212418456854607, 28.68698905928688 ], [ -96.286219499451931, 28.661995013236716 ], [ -96.270624167288929, 28.709249352975021 ], [ -96.326404758689478, 28.63436094324349 ] ] ] ] } },
{ "type": "Feature", "properties": { "fid": 227, "OBJECTID": 2872.0, "NAME": "Karnes", "STATE_NAME": "Texas", "STATE_FIPS": "48", "CNTY_FIPS": "255", "FIPS": "48255", "AREA": 758.826, "POP1990": 12455.0, "POP1999": 12324.0, "POP90_SQMI": 16.0, "HOUSEHOLDS": 4337.0, "MALES": 5947.0, "FEMALES": 6508.0, "WHITE": 9548.0, "BLACK": 362.0, "AMERI_ES": 35.0, "ASIAN_PI": 14.0, "OTHER": 2496.0, "HISPANIC": 5916.0, "AGE_UNDER5": 1021.0, "AGE_5_17": 2777.0, "AGE_18_29": 1807.0, "AGE_30_49": 2831.0, "AGE_50_64": 1792.0, "AGE_65_UP": 2227.0, "NEVERMARRY": 2013.0, "MARRIED": 5436.0, "SEPARATED": 218.0, "WIDOWED": 1017.0, "DIVORCED": 548.0, "HSEHLD_1_M": 386.0, "HSEHLD_1_F": 640.0, "MARHH_CHD": 1303.0, "MARHH_NO_C": 1295.0, "MHH_CHILD": 78.0, "FHH_CHILD": 334.0, "HSE_UNITS": 5117.0, "VACANT": 780.0, "OWNER_OCC": 3229.0, "RENTER_OCC": 1108.0, "MEDIAN_VAL": 29600.0, "MEDIANRENT": 154, "UNITS_1DET": 3918.0, "UNITS_1ATT": 56.0, "UNITS2": 162.0, "UNITS3_9": 110.0, "UNITS10_49": 33.0, "UNITS50_UP": 0.0, "MOBILEHOME": 727.0, "NO_FARMS87": 1115.0, "AVG_SIZE87": 362.0, "CROP_ACR87": 162419.0, "AVG_SALE87": 17412.0, "Shape_Leng": 1.9404769868548259, "Shape_Area": 0.181637785249737, "Datacenter": null, "GDP_Change": -0.2, "HP_Change": null, "Talent-Bachelor": null, "Talent-Master": null, "Talent-Doctor": null, "NetADD": null, "NewDatacenter2023": null, "NewDatacenter2024": null, "NewDatacenter2025": null, "NewDatacenter2022": null, "NewDatacenter2021": null, "1_DC": 0, "1_TT": -0.1119605, "1_TPM": -0.0007872, "1_GDP": -0.0797659, "1_TA": 0.1207838, "1_WI": -0.4878197, "1_SO": -0.3357621, "1_ST": -0.3565562, "1_LP": 0.824338, "1_PF": 0.069318, "1_CP": -0.1614918, "1_T": 1.25677, "1_NR": 0.3124584, "1_GW": -0.1136337, "1_SW": -0.220112, "1_RW": -0.1722456, "1_EG": -0.5332144, "1_OF": -1.445029 }, "geometry": { "type": "MultiPolygon", "coordinates": [ [ [ [ -98.007369187474808, 28.6870780487201 ], [ -98.101144382801692, 28.785677855816939 ], [ -98.186862773711141, 28.882197104756113 ], [ -97.731674838939341, 29.230155196948331 ], [ -97.618910358285007, 29.118079107626802 ], [ -97.76010401556897, 29.007746588157996 ], [ -97.576011150365957, 28.816453589337467 ], [ -97.784151951327146, 28.669841280918355 ], [ -97.793864374905809, 28.675553490842365 ], [ -97.831416881058033, 28.668050134698433 ], [ -97.876621926099517, 28.685949580035945 ], [ -97.918927777537647, 28.717093051591167 ], [ -98.007369187474808, 28.6870780487201 ] ] ] ] } },
{ "type": "Feature", "properties": { "fid": 228, "OBJECTID": 2874.0, "NAME": "Victoria", "STATE_NAME": "Texas", "STATE_FIPS": "48", "CNTY_FIPS": "469", "FIPS": "48469", "AREA": 911.7021, "POP1990": 74361.0, "POP1999": 83436.0, "POP90_SQMI": 82.0, "HOUSEHOLDS": 26228.0, "MALES": 36182.0, "FEMALES": 38179.0, "WHITE": 59251.0, "BLACK": 4906.0, "AMERI_ES": 208.0, "ASIAN_PI": 257.0, "OTHER": 9739.0, "HISPANIC": 25372.0, "AGE_UNDER5": 6141.0, "AGE_5_17": 16396.0, "AGE_18_29": 12617.0, "AGE_30_49": 21695.0, "AGE_50_64": 9394.0, "AGE_65_UP": 8118.0, "NEVERMARRY": 11837.0, "MARRIED": 33669.0, "SEPARATED": 1255.0, "WIDOWED": 3813.0, "DIVORCED": 4639.0, "HSEHLD_1_M": 2391.0, "HSEHLD_1_F": 3171.0, "MARHH_CHD": 8834.0, "MARHH_NO_C": 7300.0, "MHH_CHILD": 450.0, "FHH_CHILD": 2095.0, "HSE_UNITS": 29162.0, "VACANT": 2934.0, "OWNER_OCC": 16943.0, "RENTER_OCC": 9285.0, "MEDIAN_VAL": 54700.0, "MEDIANRENT": 276, "UNITS_1DET": 20351.0, "UNITS_1ATT": 493.0, "UNITS2": 864.0, "UNITS3_9": 2471.0, "UNITS10_49": 1250.0, "UNITS50_UP": 1041.0, "MOBILEHOME": 2374.0, "NO_FARMS87": 1119.0, "AVG_SIZE87": 382.0, "CROP_ACR87": 155473.0, "AVG_SALE87": 19046.0, "Shape_Leng": 2.1929442825048819, "Shape_Area": 0.21816217861526299, "Datacenter": null, "GDP_Change": 1.8, "HP_Change": null, "Talent-Bachelor": null, "Talent-Master": null, "Talent-Doctor": null, "NetADD": null, "NewDatacenter2023": null, "NewDatacenter2024": null, "NewDatacenter2025": null, "NewDatacenter2022": null, "NewDatacenter2021": null, "1_DC": 0, "1_TT": -0.1119605, "1_TPM": -0.0007872, "1_GDP": -0.0964187, "1_TA": 0.2816619, "1_WI": -0.4878197, "1_SO": -0.3707, "1_ST": -0.2626576, "1_LP": 0.0855245, "1_PF": 0.069318, "1_CP": -0.1614918, "1_T": 1.306586, "1_NR": 1.229257, "1_GW": -0.1053478, "1_SW": -0.0139584, "1_RW": -0.1722456, "1_EG": 0.0733952, "1_OF": 0.8992887 }, "geometry": { "type": "MultiPolygon", "coordinates": [ [ [ [ -97.156045346893961, 28.538778538333393 ], [ -97.16137049238813, 28.580740563420328 ], [ -97.176492042414452, 28.59354788988329 ], [ -97.166298367795378, 28.726977334770623 ], [ -97.179535496669757, 28.734676966889275 ], [ -97.167717352647514, 28.746309507034923 ], [ -97.164573910931267, 28.777920626455284 ], [ -97.190941384424548, 28.81305815548011 ], [ -97.194801864653016, 28.837499804368139 ], [ -97.229706815788688, 28.86687544846599 ], [ -97.240105837853662, 28.867142428542774 ], [ -97.231751543716655, 28.852233328289444 ], [ -97.24942148421303, 28.852687193589468 ], [ -97.257577455068997, 28.841872853932284 ], [ -97.302202540445421, 28.844837962757886 ], [ -97.308725735805751, 28.868421267869845 ], [ -96.980113124138995, 29.109913867738253 ], [ -96.932298905381799, 29.062207706693371 ], [ -96.838836788752076, 29.02416218037672 ], [ -96.810340587609232, 28.978790347204484 ], [ -96.812042055313384, 28.961392194388576 ], [ -96.791579636079234, 28.924509478747808 ], [ -96.737264649515851, 28.888895155945221 ], [ -96.712155727545166, 28.852307837345659 ], [ -96.726346927578561, 28.82196697176802 ], [ -96.707471312729126, 28.812661323262539 ], [ -96.697797166632654, 28.767806031347337 ], [ -96.669170955919412, 28.755896930883566 ], [ -96.660091947187482, 28.722994299250839 ], [ -96.665234379967615, 28.711207259855861 ], [ -96.657574372334068, 28.694888475535478 ], [ -96.724898237218554, 28.659285158013514 ], [ -96.861735473937188, 28.622016611312834 ], [ -96.927548767859719, 28.581185444285282 ], [ -96.903431854210737, 28.546020808295811 ], [ -96.908299695345193, 28.526396760454507 ], [ -96.899876798581488, 28.50179085130317 ], [ -96.91260303596647, 28.493885147299846 ], [ -96.91243524444053, 28.484226587745908 ], [ -96.92288018946374, 28.481768103985559 ], [ -96.953306958463543, 28.499647215390826 ], [ -97.022835061681747, 28.510797252776136 ], [ -97.02647420734894, 28.525145708578911 ], [ -97.047142418706073, 28.526637137585364 ], [ -97.060036100650507, 28.543079755585509 ], [ -97.060234505374808, 28.537569624056459 ], [ -97.078270546938882, 28.54036182467576 ], [ -97.082260827783045, 28.52990038420662 ], [ -97.113785675692668, 28.547298487387589 ], [ -97.156045346893961, 28.538778538333393 ] ] ] ] } },
{ "type": "Feature", "properties": { "fid": 229, "OBJECTID": 2875.0, "NAME": "Zavala", "STATE_NAME": "Texas", "STATE_FIPS": "48", "CNTY_FIPS": "507", "FIPS": "48507", "AREA": 1327.3297, "POP1990": 12162.0, "POP1999": 11891.0, "POP90_SQMI": 9.0, "HOUSEHOLDS": 3356.0, "MALES": 6141.0, "FEMALES": 6021.0, "WHITE": 6443.0, "BLACK": 296.0, "AMERI_ES": 16.0, "ASIAN_PI": 3.0, "OTHER": 5404.0, "HISPANIC": 10875.0, "AGE_UNDER5": 1169.0, "AGE_5_17": 3178.0, "AGE_18_29": 2325.0, "AGE_30_49": 2820.0, "AGE_50_64": 1370.0, "AGE_65_UP": 1300.0, "NEVERMARRY": 2623.0, "MARRIED": 4597.0, "SEPARATED": 328.0, "WIDOWED": 615.0, "DIVORCED": 455.0, "HSEHLD_1_M": 212.0, "HSEHLD_1_F": 313.0, "MARHH_CHD": 1372.0, "MARHH_NO_C": 694.0, "MHH_CHILD": 81.0, "FHH_CHILD": 388.0, "HSE_UNITS": 4180.0, "VACANT": 824.0, "OWNER_OCC": 2330.0, "RENTER_OCC": 1026.0, "MEDIAN_VAL": 20300.0, "MEDIANRENT": 104, "UNITS_1DET": 3125.0, "UNITS_1ATT": 157.0, "UNITS2": 171.0, "UNITS3_9": 52.0, "UNITS10_49": 16.0, "UNITS50_UP": 0.0, "MOBILEHOME": 604.0, "NO_FARMS87": 272.0, "AVG_SIZE87": 3036.0, "CROP_ACR87": 67278.0, "AVG_SALE87": 168937.0, "Shape_Leng": 2.310089657396118, "Shape_Area": 0.31792497471536701, "Datacenter": null, "GDP_Change": 2.2, "HP_Change": null, "Talent-Bachelor": null, "Talent-Master": null, "Talent-Doctor": null, "NetADD": null, "NewDatacenter2023": null, "NewDatacenter2024": null, "NewDatacenter2025": null, "NewDatacenter2022": null, "NewDatacenter2021": null, "1_DC": 0, "1_TT": -0.1119605, "1_TPM": -0.0007872, "1_GDP": -0.2034483, "1_TA": -0.7986503, "1_WI": -0.4878197, "1_SO": -0.3707, "1_ST": -0.3565562, "1_LP": -0.1255651, "1_PF": 0.069318, "1_CP": -0.1614918, "1_T": 1.431126, "1_NR": 0.1555008, "1_GW": -0.1647789, "1_SW": -0.220112, "1_RW": -0.1722456, "1_EG": -0.5380116, "1_OF": -1.448426 }, "geometry": { "type": "MultiPolygon", "coordinates": [ [ [ [ -99.409726634217009, 28.638270478555079 ], [ -100.112859945080288, 28.638459039687305 ], [ -100.115029426530157, 29.089209187617662 ], [ -99.413301415115427, 29.092720574584575 ], [ -99.409726634217009, 28.638270478555079 ] ] ] ] } },
{ "type": "Feature", "properties": { "fid": 230, "OBJECTID": 2876.0, "NAME": "Frio", "STATE_NAME": "Texas", "STATE_FIPS": "48", "CNTY_FIPS": "163", "FIPS": "48163", "AREA": 1144.101, "POP1990": 13472.0, "POP1999": 15764.0, "POP90_SQMI": 12.0, "HOUSEHOLDS": 4129.0, "MALES": 6672.0, "FEMALES": 6800.0, "WHITE": 9119.0, "BLACK": 183.0, "AMERI_ES": 23.0, "ASIAN_PI": 38.0, "OTHER": 4109.0, "HISPANIC": 9749.0, "AGE_UNDER5": 1225.0, "AGE_5_17": 3460.0, "AGE_18_29": 2351.0, "AGE_30_49": 3411.0, "AGE_50_64": 1537.0, "AGE_65_UP": 1488.0, "NEVERMARRY": 2401.0, "MARRIED": 5523.0, "SEPARATED": 311.0, "WIDOWED": 716.0, "DIVORCED": 632.0, "HSEHLD_1_M": 328.0, "HSEHLD_1_F": 419.0, "MARHH_CHD": 1517.0, "MARHH_NO_C": 1010.0, "MHH_CHILD": 127.0, "FHH_CHILD": 422.0, "HSE_UNITS": 4879.0, "VACANT": 750.0, "OWNER_OCC": 2791.0, "RENTER_OCC": 1338.0, "MEDIAN_VAL": 26800.0, "MEDIANRENT": 167, "UNITS_1DET": 3528.0, "UNITS_1ATT": 96.0, "UNITS2": 114.0, "UNITS3_9": 176.0, "UNITS10_49": 39.0, "UNITS50_UP": 0.0, "MOBILEHOME": 797.0, "NO_FARMS87": 523.0, "AVG_SIZE87": 1221.0, "CROP_ACR87": 175261.0, "AVG_SALE87": 148439.0, "Shape_Leng": 2.1134131218116621, "Shape_Area": 0.27402408846359499, "Datacenter": null, "GDP_Change": -0.2, "HP_Change": null, "Talent-Bachelor": null, "Talent-Master": null, "Talent-Doctor": null, "NetADD": null, "NewDatacenter2023": null, "NewDatacenter2024": null, "NewDatacenter2025": null, "NewDatacenter2022": null, "NewDatacenter2021": null, "1_DC": 0, "1_TT": -0.1119605, "1_TPM": -0.0007872, "1_GDP": -0.1923848, "1_TA": -0.3490086, "1_WI": -0.4878197, "1_SO": 1.508962, "1_ST": -0.3565562, "1_LP": -0.1255651, "1_PF": 0.069318, "1_CP": -0.1614918, "1_T": 1.331494, "1_NR": 0.231381, "1_GW": -0.0948254, "1_SW": -0.220112, "1_RW": -0.1722456, "1_EG": -0.2793395, "1_OF": -0.6466018 }, "geometry": { "type": "MultiPolygon", "coordinates": [ [ [ [ -98.80819510523844, 28.639248865264122 ], [ -99.393666141174776, 28.636803766779614 ], [ -99.409726634217009, 28.638270478555079 ], [ -99.413301415115427, 29.092720574584575 ], [ -98.80904187312268, 29.09233390560383 ], [ -98.80819510523844, 28.639248865264122 ] ] ] ] } },
{ "type": "Feature", "properties": { "fid": 231, "OBJECTID": 2877.0, "NAME": "Maverick", "STATE_NAME": "Texas", "STATE_FIPS": "48", "CNTY_FIPS": "323", "FIPS": "48323", "AREA": 1305.5027, "POP1990": 36378.0, "POP1999": 49338.0, "POP90_SQMI": 28.0, "HOUSEHOLDS": 9756.0, "MALES": 17292.0, "FEMALES": 19086.0, "WHITE": 23748.0, "BLACK": 32.0, "AMERI_ES": 714.0, "ASIAN_PI": 71.0, "OTHER": 11813.0, "HISPANIC": 34024.0, "AGE_UNDER5": 3476.0, "AGE_5_17": 10358.0, "AGE_18_29": 6515.0, "AGE_30_49": 8850.0, "AGE_50_64": 4097.0, "AGE_65_UP": 3082.0, "NEVERMARRY": 6977.0, "MARRIED": 14864.0, "SEPARATED": 712.0, "WIDOWED": 1503.0, "DIVORCED": 1061.0, "HSEHLD_1_M": 586.0, "HSEHLD_1_F": 869.0, "MARHH_CHD": 4589.0, "MARHH_NO_C": 1927.0, "MHH_CHILD": 165.0, "FHH_CHILD": 1055.0, "HSE_UNITS": 11143.0, "VACANT": 1387.0, "OWNER_OCC": 6533.0, "RENTER_OCC": 3223.0, "MEDIAN_VAL": 36200.0, "MEDIANRENT": 176, "UNITS_1DET": 7758.0, "UNITS_1ATT": 590.0, "UNITS2": 439.0, "UNITS3_9": 680.0, "UNITS10_49": 448.0, "UNITS50_UP": 81.0, "MOBILEHOME": 956.0, "NO_FARMS87": 202.0, "AVG_SIZE87": 3329.0, "CROP_ACR87": 25560.0, "AVG_SALE87": 263157.0, "Shape_Leng": 2.6555602025572882, "Shape_Area": 0.31221717527979798, "Datacenter": 1, "GDP_Change": 2.6, "HP_Change": null, "Talent-Bachelor": null, "Talent-Master": null, "Talent-Doctor": null, "NetADD": null, "NewDatacenter2023": null, "NewDatacenter2024": null, "NewDatacenter2025": null, "NewDatacenter2022": null, "NewDatacenter2021": null, "1_DC": 1, "1_TT": -0.1119605, "1_TPM": -0.0007872, "1_GDP": -0.1710034, "1_TA": -0.8285024, "1_WI": -0.4878197, "1_SO": -0.3707, "1_ST": -0.1687589, "1_LP": -0.1255651, "1_PF": 0.069318, "1_CP": -0.1614918, "1_T": 1.630389, "1_NR": 0.4995602, "1_GW": -0.2461713, "1_SW": -0.058704, "1_RW": -0.1722456, "1_EG": -0.5380116, "1_OF": -1.309126 }, "geometry": { "type": "MultiPolygon", "coordinates": [ [ [ [ -100.110729141135607, 28.20328466469493 ], [ -100.214416160266524, 28.202206333646664 ], [ -100.223808569713867, 28.241727227231411 ], [ -100.298266448713093, 28.280622092711965 ], [ -100.293238864271416, 28.320627611021198 ], [ -100.351918855023087, 28.394447054822542 ], [ -100.377120196208239, 28.478913290060259 ], [ -100.346151756506288, 28.501072447433632 ], [ -100.41988447781074, 28.544451314309686 ], [ -100.403526636740935, 28.589991762541256 ], [ -100.498264037924514, 28.661243704799592 ], [ -100.590148889683348, 28.89446944915203 ], [ -100.647584957273807, 28.922595624415028 ], [ -100.669132304446123, 29.080312726233316 ], [ -100.115029426530157, 29.089209187617662 ], [ -100.112859945080288, 28.638459039687305 ], [ -100.110729141135607, 28.20328466469493 ] ] ] ] } },
{ "type": "Feature", "properties": { "fid": 232, "OBJECTID": 2880.0, "NAME": "Goliad", "STATE_NAME": "Texas", "STATE_FIPS": "48", "CNTY_FIPS": "175", "FIPS": "48175", "AREA": 883.1999, "POP1990": 5980.0, "POP1999": 7211.0, "POP90_SQMI": 7.0, "HOUSEHOLDS": 2208.0, "MALES": 2881.0, "FEMALES": 3099.0, "WHITE": 4953.0, "BLACK": 407.0, "AMERI_ES": 19.0, "ASIAN_PI": 5.0, "OTHER": 596.0, "HISPANIC": 2145.0, "AGE_UNDER5": 425.0, "AGE_5_17": 1212.0, "AGE_18_29": 814.0, "AGE_30_49": 1592.0, "AGE_50_64": 923.0, "AGE_65_UP": 1014.0, "NEVERMARRY": 854.0, "MARRIED": 2957.0, "SEPARATED": 63.0, "WIDOWED": 447.0, "DIVORCED": 298.0, "HSEHLD_1_M": 191.0, "HSEHLD_1_F": 315.0, "MARHH_CHD": 701.0, "MARHH_NO_C": 717.0, "MHH_CHILD": 38.0, "FHH_CHILD": 105.0, "HSE_UNITS": 2835.0, "VACANT": 627.0, "OWNER_OCC": 1722.0, "RENTER_OCC": 486.0, "MEDIAN_VAL": 39900.0, "MEDIANRENT": 201, "UNITS_1DET": 2045.0, "UNITS_1ATT": 24.0, "UNITS2": 53.0, "UNITS3_9": 24.0, "UNITS10_49": 17.0, "UNITS50_UP": 0.0, "MOBILEHOME": 617.0, "NO_FARMS87": 747.0, "AVG_SIZE87": 659.0, "CROP_ACR87": 68466.0, "AVG_SALE87": 23835.0, "Shape_Leng": 1.943327906368864, "Shape_Area": 0.21112445836728699, "Datacenter": null, "GDP_Change": -5.0, "HP_Change": null, "Talent-Bachelor": null, "Talent-Master": null, "Talent-Doctor": null, "NetADD": null, "NewDatacenter2023": null, "NewDatacenter2024": null, "NewDatacenter2025": null, "NewDatacenter2022": null, "NewDatacenter2021": null, "1_DC": 0, "1_TT": -0.1119605, "1_TPM": -0.0007872, "1_GDP": -0.2152085, "1_TA": -0.4522896, "1_WI": -0.4878197, "1_SO": -0.3707, "1_ST": -0.3565562, "1_LP": -0.1213433, "1_PF": 0.069318, "1_CP": -0.1614918, "1_T": 1.331494, "1_NR": -0.8590069, "1_GW": -0.213101, "1_SW": -0.220112, "1_RW": -0.1722456, "1_EG": 0.4026142, "1_OF": -1.448426 }, "geometry": { "type": "MultiPolygon", "coordinates": [ [ [ [ -97.375942120050524, 28.382131598534951 ], [ -97.385982439640429, 28.392032205818442 ], [ -97.393329606885231, 28.388534177623225 ], [ -97.401119223676289, 28.404353097163266 ], [ -97.424739974764066, 28.409981241951993 ], [ -97.443752591543159, 28.397104999533571 ], [ -97.484997283875487, 28.43623811338772 ], [ -97.500919939797768, 28.440288995920163 ], [ -97.51922318132489, 28.433819340753452 ], [ -97.523037921482228, 28.444940634720819 ], [ -97.545163536791563, 28.449128802875055 ], [ -97.554105321786437, 28.462203093486188 ], [ -97.557958234553666, 28.507790737319304 ], [ -97.574049035691985, 28.524700421579663 ], [ -97.641448296164924, 28.522529245059371 ], [ -97.672203012132684, 28.534230006179314 ], [ -97.702744026746359, 28.534889596687194 ], [ -97.729798678100053, 28.588308001987745 ], [ -97.738618652702996, 28.626628676662452 ], [ -97.784151951327146, 28.669841280918355 ], [ -97.576011150365957, 28.816453589337467 ], [ -97.42348112995694, 28.925406898731818 ], [ -97.398296143890889, 28.915159502191582 ], [ -97.385745585259485, 28.917152790902705 ], [ -97.379390242853844, 28.904141476422858 ], [ -97.329951016956556, 28.887775930347168 ], [ -97.324137355011999, 28.874316405632726 ], [ -97.308725735805751, 28.868421267869845 ], [ -97.302202540445421, 28.844837962757886 ], [ -97.257577455068997, 28.841872853932284 ], [ -97.24942148421303, 28.852687193589468 ], [ -97.231751543716655, 28.852233328289444 ], [ -97.240105837853662, 28.867142428542774 ], [ -97.229706815788688, 28.86687544846599 ], [ -97.194801864653016, 28.837499804368139 ], [ -97.190941384424548, 28.81305815548011 ], [ -97.164573910931267, 28.777920626455284 ], [ -97.167717352647514, 28.746309507034923 ], [ -97.179535496669757, 28.734676966889275 ], [ -97.166298367795378, 28.726977334770623 ], [ -97.176492042414452, 28.59354788988329 ], [ -97.16137049238813, 28.580740563420328 ], [ -97.156045346893961, 28.538778538333393 ], [ -97.375942120050524, 28.382131598534951 ] ] ] ] } },
{ "type": "Feature", "properties": { "fid": 233, "OBJECTID": 2882.0, "NAME": "Live Oak", "STATE_NAME": "Texas", "STATE_FIPS": "48", "CNTY_FIPS": "297", "FIPS": "48297", "AREA": 1072.662, "POP1990": 9556.0, "POP1999": 10149.0, "POP90_SQMI": 9.0, "HOUSEHOLDS": 3550.0, "MALES": 4696.0, "FEMALES": 4860.0, "WHITE": 8316.0, "BLACK": 10.0, "AMERI_ES": 36.0, "ASIAN_PI": 31.0, "OTHER": 1163.0, "HISPANIC": 3324.0, "AGE_UNDER5": 651.0, "AGE_5_17": 1964.0, "AGE_18_29": 1303.0, "AGE_30_49": 2501.0, "AGE_50_64": 1573.0, "AGE_65_UP": 1564.0, "NEVERMARRY": 1291.0, "MARRIED": 4839.0, "SEPARATED": 116.0, "WIDOWED": 638.0, "DIVORCED": 469.0, "HSEHLD_1_M": 333.0, "HSEHLD_1_F": 468.0, "MARHH_CHD": 1083.0, "MARHH_NO_C": 1232.0, "MHH_CHILD": 62.0, "FHH_CHILD": 168.0, "HSE_UNITS": 5519.0, "VACANT": 1969.0, "OWNER_OCC": 2838.0, "RENTER_OCC": 712.0, "MEDIAN_VAL": 42000.0, "MEDIANRENT": 202, "UNITS_1DET": 3950.0, "UNITS_1ATT": 40.0, "UNITS2": 62.0, "UNITS3_9": 64.0, "UNITS10_49": 20.0, "UNITS50_UP": 0.0, "MOBILEHOME": 1303.0, "NO_FARMS87": 803.0, "AVG_SIZE87": 644.0, "CROP_ACR87": 143128.0, "AVG_SALE87": 19674.0, "Shape_Leng": 2.2287156258939249, "Shape_Area": 0.25554038354999398, "Datacenter": null, "GDP_Change": 10.6, "HP_Change": null, "Talent-Bachelor": null, "Talent-Master": null, "Talent-Doctor": null, "NetADD": -49, "NewDatacenter2023": null, "NewDatacenter2024": null, "NewDatacenter2025": null, "NewDatacenter2022": null, "NewDatacenter2021": null, "1_DC": 0, "1_TT": -0.1119605, "1_TPM": -0.0804411, "1_GDP": -0.1652453, "1_TA": 0.1389316, "1_WI": -0.4878197, "1_SO": -0.3707, "1_ST": -0.3565562, "1_LP": -0.1213433, "1_PF": 0.069318, "1_CP": -0.1614918, "1_T": 1.480942, "1_NR": -0.4941584, "1_GW": -0.2012955, "1_SW": -0.1991161, "1_RW": -0.1631053, "1_EG": -0.5380116, "1_OF": -0.3917847 }, "geometry": { "type": "MultiPolygon", "coordinates": [ [ [ [ -98.23893986451327, 28.060933033785812 ], [ -98.339367826323155, 28.061628565965545 ], [ -98.34210933329382, 28.606414802446427 ], [ -98.101144382801692, 28.785677855816939 ], [ -98.007369187474808, 28.6870780487201 ], [ -98.092660003422111, 28.656016069422254 ], [ -97.813226567854031, 28.169877705491597 ], [ -97.89721993616979, 28.110853637100874 ], [ -97.897990326459933, 28.058882627234841 ], [ -98.23893986451327, 28.060933033785812 ] ] ] ] } },
{ "type": "Feature", "properties": { "fid": 234, "OBJECTID": 2884.0, "NAME": "Bee", "STATE_NAME": "Texas", "STATE_FIPS": "48", "CNTY_FIPS": "025", "FIPS": "48025", "AREA": 906.1441, "POP1990": 25135.0, "POP1999": 30191.0, "POP90_SQMI": 28.0, "HOUSEHOLDS": 8592.0, "MALES": 12433.0, "FEMALES": 12702.0, "WHITE": 19443.0, "BLACK": 727.0, "AMERI_ES": 103.0, "ASIAN_PI": 231.0, "OTHER": 4631.0, "HISPANIC": 12909.0, "AGE_UNDER5": 2189.0, "AGE_5_17": 5736.0, "AGE_18_29": 4833.0, "AGE_30_49": 6445.0, "AGE_50_64": 3070.0, "AGE_65_UP": 2862.0, "NEVERMARRY": 4179.0, "MARRIED": 10932.0, "SEPARATED": 492.0, "WIDOWED": 1495.0, "DIVORCED": 1323.0, "HSEHLD_1_M": 798.0, "HSEHLD_1_F": 1070.0, "MARHH_CHD": 2912.0, "MARHH_NO_C": 2240.0, "MHH_CHILD": 175.0, "FHH_CHILD": 723.0, "HSE_UNITS": 10208.0, "VACANT": 1616.0, "OWNER_OCC": 5480.0, "RENTER_OCC": 3112.0, "MEDIAN_VAL": 39400.0, "MEDIANRENT": 233, "UNITS_1DET": 7267.0, "UNITS_1ATT": 198.0, "UNITS2": 275.0, "UNITS3_9": 764.0, "UNITS10_49": 244.0, "UNITS50_UP": 0.0, "MOBILEHOME": 1285.0, "NO_FARMS87": 743.0, "AVG_SIZE87": 648.0, "CROP_ACR87": 141710.0, "AVG_SALE87": 26477.0, "Shape_Leng": 2.065484947034069, "Shape_Area": 0.216314311863155, "Datacenter": null, "GDP_Change": 8.0, "HP_Change": null, "Talent-Bachelor": null, "Talent-Master": null, "Talent-Doctor": null, "NetADD": null, "NewDatacenter2023": null, "NewDatacenter2024": null, "NewDatacenter2025": null, "NewDatacenter2022": null, "NewDatacenter2021": null, "1_DC": 0, "1_TT": -0.1119605, "1_TPM": -0.0007872, "1_GDP": -0.2000731, "1_TA": -0.201923, "1_WI": 0.8364603, "1_SO": 0.6809326, "1_ST": -0.3565562, "1_LP": -0.1213433, "1_PF": 0.069318, "1_CP": -0.1614918, "1_T": 1.38131, "1_NR": 0.4517453, "1_GW": -0.1340184, "1_SW": -0.1797892, "1_RW": -0.1722456, "1_EG": -0.0912143, "1_OF": -0.0384383 }, "geometry": { "type": "MultiPolygon", "coordinates": [ [ [ [ -97.531476582044206, 28.156364251662865 ], [ -97.557233769923073, 28.121535437155291 ], [ -97.813226567854031, 28.169877705491597 ], [ -98.092660003422111, 28.656016069422254 ], [ -98.007369187474808, 28.6870780487201 ], [ -97.918927777537647, 28.717093051591167 ], [ -97.876621926099517, 28.685949580035945 ], [ -97.831416881058033, 28.668050134698433 ], [ -97.793864374905809, 28.675553490842365 ], [ -97.784151951327146, 28.669841280918355 ], [ -97.738618652702996, 28.626628676662452 ], [ -97.729798678100053, 28.588308001987745 ], [ -97.702744026746359, 28.534889596687194 ], [ -97.672203012132684, 28.534230006179314 ], [ -97.641448296164924, 28.522529245059371 ], [ -97.574049035691985, 28.524700421579663 ], [ -97.557958234553666, 28.507790737319304 ], [ -97.554105321786437, 28.462203093486188 ], [ -97.545163536791563, 28.449128802875055 ], [ -97.523037921482228, 28.444940634720819 ], [ -97.51922318132489, 28.433819340753452 ], [ -97.500919939797768, 28.440288995920163 ], [ -97.484997283875487, 28.43623811338772 ], [ -97.443752591543159, 28.397104999533571 ], [ -97.424739974764066, 28.409981241951993 ], [ -97.401119223676289, 28.404353097163266 ], [ -97.393329606885231, 28.388534177623225 ], [ -97.385982439640429, 28.392032205818442 ], [ -97.375942120050524, 28.382131598534951 ], [ -97.531476582044206, 28.156364251662865 ] ] ] ] } },
{ "type": "Feature", "properties": { "fid": 235, "OBJECTID": 2886.0, "NAME": "La Salle", "STATE_NAME": "Texas", "STATE_FIPS": "48", "CNTY_FIPS": "283", "FIPS": "48283", "AREA": 1447.1014, "POP1990": 5254.0, "POP1999": 6056.0, "POP90_SQMI": 4.0, "HOUSEHOLDS": 1701.0, "MALES": 2606.0, "FEMALES": 2648.0, "WHITE": 3567.0, "BLACK": 53.0, "AMERI_ES": 9.0, "ASIAN_PI": 10.0, "OTHER": 1615.0, "HISPANIC": 4068.0, "AGE_UNDER5": 450.0, "AGE_5_17": 1295.0, "AGE_18_29": 868.0, "AGE_30_49": 1315.0, "AGE_50_64": 620.0, "AGE_65_UP": 706.0, "NEVERMARRY": 929.0, "MARRIED": 2188.0, "SEPARATED": 93.0, "WIDOWED": 343.0, "DIVORCED": 214.0, "HSEHLD_1_M": 176.0, "HSEHLD_1_F": 191.0, "MARHH_CHD": 600.0, "MARHH_NO_C": 393.0, "MHH_CHILD": 39.0, "FHH_CHILD": 148.0, "HSE_UNITS": 2244.0, "VACANT": 543.0, "OWNER_OCC": 1152.0, "RENTER_OCC": 549.0, "MEDIAN_VAL": 18300.0, "MEDIANRENT": 149, "UNITS_1DET": 1679.0, "UNITS_1ATT": 32.0, "UNITS2": 55.0, "UNITS3_9": 44.0, "UNITS10_49": 17.0, "UNITS50_UP": 0.0, "MOBILEHOME": 361.0, "NO_FARMS87": 265.0, "AVG_SIZE87": 2894.0, "CROP_ACR87": 48886.0, "AVG_SALE87": 99547.0, "Shape_Leng": 2.3482296466640449, "Shape_Area": 0.34493076580079401, "Datacenter": null, "GDP_Change": 6.1, "HP_Change": null, "Talent-Bachelor": null, "Talent-Master": null, "Talent-Doctor": null, "NetADD": null, "NewDatacenter2023": null, "NewDatacenter2024": null, "NewDatacenter2025": null, "NewDatacenter2022": null, "NewDatacenter2021": null, "1_DC": 0, "1_TT": -0.1119605, "1_TPM": -0.0007872, "1_GDP": -0.1413084, "1_TA": -0.7280476, "1_WI": -0.4878197, "1_SO": -0.3707, "1_ST": -0.3565562, "1_LP": -0.5899621, "1_PF": 0.069318, "1_CP": -0.1614918, "1_T": 1.754928, "1_NR": -0.8600464, "1_GW": -0.1754845, "1_SW": -0.220112, "1_RW": -0.1722456, "1_EG": -0.5380116, "1_OF": -1.203802 }, "geometry": { "type": "MultiPolygon", "coordinates": [ [ [ [ -98.807045234460361, 28.060999448125628 ], [ -99.390228650999688, 28.036036697377128 ], [ -99.392632756877788, 28.203913299843283 ], [ -99.393666141174776, 28.636803766779614 ], [ -98.80819510523844, 28.639248865264122 ], [ -98.807045234460361, 28.060999448125628 ] ] ] ] } },
{ "type": "Feature", "properties": { "fid": 236, "OBJECTID": 2887.0, "NAME": "McMullen", "STATE_NAME": "Texas", "STATE_FIPS": "48", "CNTY_FIPS": "311", "FIPS": "48311", "AREA": 1130.5384, "POP1990": 817.0, "POP1999": 787.0, "POP90_SQMI": 1.0, "HOUSEHOLDS": 319.0, "MALES": 410.0, "FEMALES": 407.0, "WHITE": 713.0, "BLACK": 0.0, "AMERI_ES": 3.0, "ASIAN_PI": 0.0, "OTHER": 101.0, "HISPANIC": 320.0, "AGE_UNDER5": 65.0, "AGE_5_17": 137.0, "AGE_18_29": 111.0, "AGE_30_49": 222.0, "AGE_50_64": 160.0, "AGE_65_UP": 122.0, "NEVERMARRY": 126.0, "MARRIED": 435.0, "SEPARATED": 4.0, "WIDOWED": 46.0, "DIVORCED": 31.0, "HSEHLD_1_M": 42.0, "HSEHLD_1_F": 35.0, "MARHH_CHD": 89.0, "MARHH_NO_C": 123.0, "MHH_CHILD": 5.0, "FHH_CHILD": 5.0, "HSE_UNITS": 565.0, "VACANT": 246.0, "OWNER_OCC": 242.0, "RENTER_OCC": 77.0, "MEDIAN_VAL": 40000.0, "MEDIANRENT": 150, "UNITS_1DET": 419.0, "UNITS_1ATT": 6.0, "UNITS2": 0.0, "UNITS3_9": 1.0, "UNITS10_49": 0.0, "UNITS50_UP": 0.0, "MOBILEHOME": 124.0, "NO_FARMS87": 211.0, "AVG_SIZE87": 2575.0, "CROP_ACR87": 30596.0, "AVG_SALE87": 33506.0, "Shape_Leng": 2.0866267545048802, "Shape_Area": 0.26949212059969102, "Datacenter": null, "GDP_Change": 19.3, "HP_Change": null, "Talent-Bachelor": null, "Talent-Master": null, "Talent-Doctor": null, "NetADD": null, "NewDatacenter2023": null, "NewDatacenter2024": null, "NewDatacenter2025": null, "NewDatacenter2022": null, "NewDatacenter2021": null, "1_DC": 0, "1_TT": -0.1119605, "1_TPM": -0.0007872, "1_GDP": -0.1775241, "1_TA": -1.009764, "1_WI": -0.4878197, "1_SO": -0.3707, "1_ST": -0.3565562, "1_LP": -0.5899621, "1_PF": 0.069318, "1_CP": -0.1614918, "1_T": 1.605481, "1_NR": -1.57831, "1_GW": -0.2433115, "1_SW": -0.2194945, "1_RW": -0.1719845, "1_EG": -0.5380116, "1_OF": 0.4270276 }, "geometry": { "type": "MultiPolygon", "coordinates": [ [ [ [ -98.339367826323155, 28.061628565965545 ], [ -98.807045234460361, 28.060999448125628 ], [ -98.80819510523844, 28.639248865264122 ], [ -98.344077842232139, 28.638140431921865 ], [ -98.34210933329382, 28.606414802446427 ], [ -98.339367826323155, 28.061628565965545 ] ] ] ] } },
{ "type": "Feature", "properties": { "fid": 237, "OBJECTID": 2888.0, "NAME": "Dimmit", "STATE_NAME": "Texas", "STATE_FIPS": "48", "CNTY_FIPS": "127", "FIPS": "48127", "AREA": 1309.722, "POP1990": 10433.0, "POP1999": 10333.0, "POP90_SQMI": 8.0, "HOUSEHOLDS": 3072.0, "MALES": 5096.0, "FEMALES": 5337.0, "WHITE": 7599.0, "BLACK": 60.0, "AMERI_ES": 16.0, "ASIAN_PI": 12.0, "OTHER": 2746.0, "HISPANIC": 8688.0, "AGE_UNDER5": 920.0, "AGE_5_17": 2871.0, "AGE_18_29": 1704.0, "AGE_30_49": 2539.0, "AGE_50_64": 1190.0, "AGE_65_UP": 1209.0, "NEVERMARRY": 1964.0, "MARRIED": 4238.0, "SEPARATED": 201.0, "WIDOWED": 548.0, "DIVORCED": 384.0, "HSEHLD_1_M": 192.0, "HSEHLD_1_F": 283.0, "MARHH_CHD": 1230.0, "MARHH_NO_C": 741.0, "MHH_CHILD": 82.0, "FHH_CHILD": 341.0, "HSE_UNITS": 3991.0, "VACANT": 919.0, "OWNER_OCC": 2281.0, "RENTER_OCC": 791.0, "MEDIAN_VAL": 21600.0, "MEDIANRENT": 167, "UNITS_1DET": 3043.0, "UNITS_1ATT": 63.0, "UNITS2": 33.0, "UNITS3_9": 91.0, "UNITS10_49": 28.0, "UNITS50_UP": 0.0, "MOBILEHOME": 675.0, "NO_FARMS87": 249.0, "AVG_SIZE87": 2793.0, "CROP_ACR87": 36262.0, "AVG_SALE87": 101326.0, "Shape_Leng": 2.3054286147073069, "Shape_Area": 0.31242859064626399, "Datacenter": null, "GDP_Change": -3.8, "HP_Change": null, "Talent-Bachelor": null, "Talent-Master": null, "Talent-Doctor": null, "NetADD": null, "NewDatacenter2023": null, "NewDatacenter2024": null, "NewDatacenter2025": null, "NewDatacenter2022": null, "NewDatacenter2021": null, "1_DC": 0, "1_TT": -0.1119605, "1_TPM": -0.0007872, "1_GDP": -0.148543, "1_TA": -0.8356349, "1_WI": -0.4878197, "1_SO": 0.3525158, "1_ST": -0.2626576, "1_LP": -0.5899621, "1_PF": 0.069318, "1_CP": -0.1614918, "1_T": 1.605481, "1_NR": -0.4245149, "1_GW": -0.1585094, "1_SW": -0.220112, "1_RW": -0.1722456, "1_EG": -0.4465357, "1_OF": -1.445029 }, "geometry": { "type": "MultiPolygon", "coordinates": [ [ [ [ -99.392632756877788, 28.203913299843283 ], [ -100.110729141135607, 28.20328466469493 ], [ -100.112859945080288, 28.638459039687305 ], [ -99.409726634217009, 28.638270478555079 ], [ -99.393666141174776, 28.636803766779614 ], [ -99.392632756877788, 28.203913299843283 ] ] ] ] } },
{ "type": "Feature", "properties": { "fid": 238, "OBJECTID": 2890.0, "NAME": "Refugio", "STATE_NAME": "Texas", "STATE_FIPS": "48", "CNTY_FIPS": "391", "FIPS": "48391", "AREA": 775.7907, "POP1990": 7976.0, "POP1999": 7954.0, "POP90_SQMI": 10.0, "HOUSEHOLDS": 2937.0, "MALES": 3821.0, "FEMALES": 4155.0, "WHITE": 6201.0, "BLACK": 645.0, "AMERI_ES": 25.0, "ASIAN_PI": 5.0, "OTHER": 1100.0, "HISPANIC": 3164.0, "AGE_UNDER5": 520.0, "AGE_5_17": 1674.0, "AGE_18_29": 1193.0, "AGE_30_49": 2063.0, "AGE_50_64": 1230.0, "AGE_65_UP": 1296.0, "NEVERMARRY": 1368.0, "MARRIED": 3598.0, "SEPARATED": 133.0, "WIDOWED": 622.0, "DIVORCED": 452.0, "HSEHLD_1_M": 294.0, "HSEHLD_1_F": 406.0, "MARHH_CHD": 842.0, "MARHH_NO_C": 886.0, "MHH_CHILD": 55.0, "FHH_CHILD": 228.0, "HSE_UNITS": 3739.0, "VACANT": 802.0, "OWNER_OCC": 2097.0, "RENTER_OCC": 840.0, "MEDIAN_VAL": 39300.0, "MEDIANRENT": 193, "UNITS_1DET": 2987.0, "UNITS_1ATT": 28.0, "UNITS2": 45.0, "UNITS3_9": 55.0, "UNITS10_49": 21.0, "UNITS50_UP": 0.0, "MOBILEHOME": 529.0, "NO_FARMS87": 254.0, "AVG_SIZE87": 2083.0, "CROP_ACR87": 106373.0, "AVG_SALE87": 57502.0, "Shape_Leng": 2.571923351058798, "Shape_Area": 0.18487005040366, "Datacenter": null, "GDP_Change": 1.6, "HP_Change": null, "Talent-Bachelor": null, "Talent-Master": null, "Talent-Doctor": null, "NetADD": null, "NewDatacenter2023": null, "NewDatacenter2024": null, "NewDatacenter2025": null, "NewDatacenter2022": null, "NewDatacenter2021": null, "1_DC": 0, "1_TT": -0.1119605, "1_TPM": -0.0007872, "1_GDP": -0.2125908, "1_TA": -0.4044568, "1_WI": 0.0856874, "1_SO": -0.3707, "1_ST": -0.3565562, "1_LP": -0.1213433, "1_PF": 0.069318, "1_CP": -0.1614918, "1_T": 1.456034, "1_NR": -0.3725422, "1_GW": -0.2121111, "1_SW": -0.220112, "1_RW": -0.1722456, "1_EG": -0.4119207, "1_OF": -1.448426 }, "geometry": { "type": "MultiPolygon", "coordinates": [ [ [ [ -97.26055404702322, 28.065017600583438 ], [ -97.26315576707384, 28.080334838800834 ], [ -97.280383145128326, 28.089520105912044 ], [ -97.285090583102487, 28.103443119193972 ], [ -97.296084620964109, 28.098201868153279 ], [ -97.309741392462684, 28.106368685271832 ], [ -97.304782277449704, 28.116366616388802 ], [ -97.311381830128198, 28.135855025444393 ], [ -97.320201478933882, 28.134237599698004 ], [ -97.318278786126712, 28.113486544328051 ], [ -97.332393321898394, 28.123501503279019 ], [ -97.340442374969996, 28.113581745797479 ], [ -97.370822932410874, 28.131359170007219 ], [ -97.382534130000067, 28.119225045175025 ], [ -97.396305315620623, 28.124162863233227 ], [ -97.390995191664899, 28.112532378900493 ], [ -97.396465500325348, 28.10208432217868 ], [ -97.421993696148206, 28.11006605362104 ], [ -97.421322324754044, 28.132133158856377 ], [ -97.445065201560624, 28.13132430653156 ], [ -97.443134954333971, 28.144160241633127 ], [ -97.469128513448993, 28.154440240172313 ], [ -97.469159029173056, 28.170541409041132 ], [ -97.496319888642688, 28.159223482553049 ], [ -97.508107449019008, 28.144319996656407 ], [ -97.516057374388311, 28.154624923296957 ], [ -97.531476582044206, 28.156364251662865 ], [ -97.375942120050524, 28.382131598534951 ], [ -97.156045346893961, 28.538778538333393 ], [ -97.113785675692668, 28.547298487387589 ], [ -97.082260827783045, 28.52990038420662 ], [ -97.078270546938882, 28.54036182467576 ], [ -97.060234505374808, 28.537569624056459 ], [ -97.060036100650507, 28.543079755585509 ], [ -97.047142418706073, 28.526637137585364 ], [ -97.02647420734894, 28.525145708578911 ], [ -97.022835061681747, 28.510797252776136 ], [ -96.953306958463543, 28.499647215390826 ], [ -96.92288018946374, 28.481768103985559 ], [ -96.91243524444053, 28.484226587745908 ], [ -96.91260303596647, 28.493885147299846 ], [ -96.899876798581488, 28.50179085130317 ], [ -96.845287221740477, 28.465718049881424 ], [ -96.83615472849101, 28.447057078723194 ], [ -96.814578362890757, 28.428945415750952 ], [ -96.788599432751653, 28.446534432813714 ], [ -96.759363121994681, 28.411192361508579 ], [ -96.775621957897556, 28.39191157351058 ], [ -96.853756520740092, 28.40527781464418 ], [ -96.788493412637649, 28.352752994319609 ], [ -96.786532945605131, 28.313142407785275 ], [ -97.117578804280356, 28.269705152077325 ], [ -97.125162535822653, 28.244153243508322 ], [ -97.100656582835086, 28.220953202923191 ], [ -97.088792771464625, 28.220628915356116 ], [ -97.059503165537251, 28.201886148653301 ], [ -97.023835427778977, 28.200083643454548 ], [ -97.132104716008996, 28.130716969575371 ], [ -97.135683107119803, 28.162099068617419 ], [ -97.168260896873676, 28.159749428097427 ], [ -97.157327645530813, 28.116671953423051 ], [ -97.26055404702322, 28.065017600583438 ] ] ] ] } },
{ "type": "Feature", "properties": { "fid": 239, "OBJECTID": 2894.0, "NAME": "Calhoun", "STATE_NAME": "Texas", "STATE_FIPS": "48", "CNTY_FIPS": "057", "FIPS": "48057", "AREA": 577.6393, "POP1990": 19053.0, "POP1999": 20614.0, "POP90_SQMI": 33.0, "HOUSEHOLDS": 6777.0, "MALES": 9439.0, "FEMALES": 9614.0, "WHITE": 14819.0, "BLACK": 556.0, "AMERI_ES": 35.0, "ASIAN_PI": 556.0, "OTHER": 3087.0, "HISPANIC": 6893.0, "AGE_UNDER5": 1432.0, "AGE_5_17": 4186.0, "AGE_18_29": 3093.0, "AGE_30_49": 5234.0, "AGE_50_64": 3003.0, "AGE_65_UP": 2105.0, "NEVERMARRY": 2877.0, "MARRIED": 8980.0, "SEPARATED": 321.0, "WIDOWED": 1006.0, "DIVORCED": 1148.0, "HSEHLD_1_M": 716.0, "HSEHLD_1_F": 771.0, "MARHH_CHD": 2197.0, "MARHH_NO_C": 2095.0, "MHH_CHILD": 134.0, "FHH_CHILD": 425.0, "HSE_UNITS": 9559.0, "VACANT": 2782.0, "OWNER_OCC": 4813.0, "RENTER_OCC": 1964.0, "MEDIAN_VAL": 45000.0, "MEDIANRENT": 249, "UNITS_1DET": 6697.0, "UNITS_1ATT": 185.0, "UNITS2": 182.0, "UNITS3_9": 397.0, "UNITS10_49": 328.0, "UNITS50_UP": 100.0, "MOBILEHOME": 1579.0, "NO_FARMS87": 277.0, "AVG_SIZE87": 682.0, "CROP_ACR87": 75636.0, "AVG_SALE87": 37413.0, "Shape_Leng": 4.1188691185133948, "Shape_Area": 0.13799230812635599, "Datacenter": null, "GDP_Change": 11.1, "HP_Change": null, "Talent-Bachelor": null, "Talent-Master": null, "Talent-Doctor": null, "NetADD": null, "NewDatacenter2023": null, "NewDatacenter2024": null, "NewDatacenter2025": null, "NewDatacenter2022": null, "NewDatacenter2021": null, "1_DC": 0, "1_TT": -0.1119605, "1_TPM": -0.0007872, "1_GDP": -0.1184029, "1_TA": -0.189507, "1_WI": -0.4878197, "1_SO": 0.314084, "1_ST": -0.2626576, "1_LP": 0.0855245, "1_PF": 0.069318, "1_CP": -0.1614918, "1_T": 1.356402, "1_NR": 0.5681642, "1_GW": -0.2316893, "1_SW": -0.2037726, "1_RW": -0.1722456, "1_EG": 1.084568, "1_OF": 0.0159227 }, "geometry": { "type": "MultiPolygon", "coordinates": [ [ [ [ -96.899876798581488, 28.50179085130317 ], [ -96.908299695345193, 28.526396760454507 ], [ -96.903431854210737, 28.546020808295811 ], [ -96.927548767859719, 28.581185444285282 ], [ -96.861735473937188, 28.622016611312834 ], [ -96.724898237218554, 28.659285158013514 ], [ -96.657574372334068, 28.694888475535478 ], [ -96.665234379967615, 28.711207259855861 ], [ -96.660091947187482, 28.722994299250839 ], [ -96.646770722156077, 28.714413375534868 ], [ -96.66026772909072, 28.679347884203061 ], [ -96.60696006493572, 28.623908696391073 ], [ -96.610599818598985, 28.559217321030253 ], [ -96.566958370250802, 28.574374583264813 ], [ -96.486832742311663, 28.506500124281768 ], [ -96.563449566373777, 28.469906701175951 ], [ -96.518755433753483, 28.461106534870975 ], [ -96.476754135592785, 28.499733035742729 ], [ -96.390975586092736, 28.434339135720027 ], [ -96.661567945245736, 28.306547047186207 ], [ -96.702622462733302, 28.340479672585118 ], [ -96.704071549783748, 28.39616678792337 ], [ -96.741029265376653, 28.403738693840594 ], [ -96.787355542540126, 28.477785373286778 ], [ -96.824138085266782, 28.449919912144516 ], [ -96.788599432751653, 28.446534432813714 ], [ -96.814578362890757, 28.428945415750952 ], [ -96.83615472849101, 28.447057078723194 ], [ -96.845287221740477, 28.465718049881424 ], [ -96.899876798581488, 28.50179085130317 ] ] ], [ [ [ -96.398132984678284, 28.346128707915881 ], [ -96.834889372348584, 28.06661568214275 ], [ -96.80410430551575, 28.172450029520402 ], [ -96.739169086834522, 28.183823256591047 ], [ -96.532391155175844, 28.318528529925469 ], [ -96.463305119350764, 28.326115633994601 ], [ -96.422806597294255, 28.391720755725377 ], [ -96.398132984678284, 28.346128707915881 ] ] ], [ [ [ -96.432508857692255, 28.69751952259622 ], [ -96.403645958335062, 28.719763774940816 ], [ -96.419035446177702, 28.638937337950338 ], [ -96.375646259565201, 28.610362143889184 ], [ -96.491455936184366, 28.557220500145988 ], [ -96.437407774468511, 28.597265370443456 ], [ -96.454634945939006, 28.656206176233791 ], [ -96.483520917483759, 28.598329995795208 ], [ -96.512147066604314, 28.6084558871501 ], [ -96.511986586175055, 28.649815321925914 ], [ -96.570650694933533, 28.636540649072792 ], [ -96.570810554818763, 28.692113232626266 ], [ -96.559190613406429, 28.700968739477322 ], [ -96.432508857692255, 28.69751952259622 ] ] ], [ [ [ -96.392026483434961, 28.670523490763937 ], [ -96.324764072723895, 28.670677296945435 ], [ -96.326404758689478, 28.63436094324349 ], [ -96.364407827620425, 28.618254352855427 ], [ -96.392026483434961, 28.670523490763937 ] ] ], [ [ [ -96.803951755245407, 28.211734042180254 ], [ -96.793598285817552, 28.271656912800616 ], [ -96.778194349555349, 28.229635807405007 ], [ -96.803951755245407, 28.211734042180254 ] ] ] ] } },
{ "type": "Feature", "properties": { "fid": 240, "OBJECTID": 2895.0, "NAME": "Webb", "STATE_NAME": "Texas", "STATE_FIPS": "48", "CNTY_FIPS": "479", "FIPS": "48479", "AREA": 3390.2651, "POP1990": 133239.0, "POP1999": 194502.0, "POP90_SQMI": 39.0, "HOUSEHOLDS": 34438.0, "MALES": 63927.0, "FEMALES": 69312.0, "WHITE": 93657.0, "BLACK": 156.0, "AMERI_ES": 201.0, "ASIAN_PI": 484.0, "OTHER": 38741.0, "HISPANIC": 125069.0, "AGE_UNDER5": 13521.0, "AGE_5_17": 35356.0, "AGE_18_29": 27510.0, "AGE_30_49": 32882.0, "AGE_50_64": 13477.0, "AGE_65_UP": 10493.0, "NEVERMARRY": 28151.0, "MARRIED": 50952.0, "SEPARATED": 2636.0, "WIDOWED": 5710.0, "DIVORCED": 5273.0, "HSEHLD_1_M": 1849.0, "HSEHLD_1_F": 2519.0, "MARHH_CHD": 15855.0, "MARHH_NO_C": 6223.0, "MHH_CHILD": 779.0, "FHH_CHILD": 4123.0, "HSE_UNITS": 37197.0, "VACANT": 2759.0, "OWNER_OCC": 20884.0, "RENTER_OCC": 13554.0, "MEDIAN_VAL": 49800.0, "MEDIANRENT": 243, "UNITS_1DET": 24293.0, "UNITS_1ATT": 2560.0, "UNITS2": 1025.0, "UNITS3_9": 2112.0, "UNITS10_49": 2266.0, "UNITS50_UP": 672.0, "MOBILEHOME": 3590.0, "NO_FARMS87": 494.0, "AVG_SIZE87": 4093.0, "CROP_ACR87": 49974.0, "AVG_SALE87": 47624.0, "Shape_Leng": 4.4165930743805477, "Shape_Area": 0.80346471362585603, "Datacenter": 3, "GDP_Change": 0.0, "HP_Change": null, "Talent-Bachelor": null, "Talent-Master": null, "Talent-Doctor": null, "NetADD": null, "NewDatacenter2023": null, "NewDatacenter2024": null, "NewDatacenter2025": null, "NewDatacenter2022": null, "NewDatacenter2021": null, "1_DC": 3, "1_TT": -0.1119605, "1_TPM": -0.0007872, "1_GDP": 0.1048501, "1_TA": -0.880954, "1_WI": 1.316121, "1_SO": 0.3734785, "1_ST": 1.145823, "1_LP": -0.5899621, "1_PF": 0.069318, "1_CP": -0.1614918, "1_T": 1.85456, "1_NR": 1.31969, "1_GW": -0.234659, "1_SW": 0.4870723, "1_RW": 0.3845286, "1_EG": 0.4731612, "1_OF": 0.556135 }, "geometry": { "type": "MultiPolygon", "coordinates": [ [ [ [ -98.958373515404162, 27.27100466406311 ], [ -99.335466978463273, 27.271289605001847 ], [ -99.371425184934083, 27.308386305358006 ], [ -99.465590142954625, 27.270186558615876 ], [ -99.543907864728226, 27.318953861467818 ], [ -99.490813182605621, 27.491051458270658 ], [ -99.527061434986877, 27.50457977818893 ], [ -99.549506989007284, 27.612919652930316 ], [ -99.71481792474475, 27.66184911284039 ], [ -99.816055433304882, 27.780394852472394 ], [ -99.875063021634048, 27.797972053975805 ], [ -99.942189123451953, 27.987161925897375 ], [ -99.993643483512471, 28.003739620301143 ], [ -100.09726250227726, 28.154555477697425 ], [ -100.214416160266524, 28.202206333646664 ], [ -100.110729141135607, 28.20328466469493 ], [ -99.392632756877788, 28.203913299843283 ], [ -99.390228650999688, 28.036036697377128 ], [ -98.807045234460361, 28.060999448125628 ], [ -98.808114925759185, 27.361141680835289 ], [ -98.80882535549955, 27.273570389358028 ], [ -98.958373515404162, 27.27100466406311 ] ] ] ] } },
{ "type": "Feature", "properties": { "fid": 241, "OBJECTID": 2898.0, "NAME": "San Patricio", "STATE_NAME": "Texas", "STATE_FIPS": "48", "CNTY_FIPS": "409", "FIPS": "48409", "AREA": 696.6922, "POP1990": 58749.0, "POP1999": 72725.0, "POP90_SQMI": 84.0, "HOUSEHOLDS": 18776.0, "MALES": 29076.0, "FEMALES": 29673.0, "WHITE": 44834.0, "BLACK": 968.0, "AMERI_ES": 219.0, "ASIAN_PI": 163.0, "OTHER": 12565.0, "HISPANIC": 29809.0, "AGE_UNDER5": 4827.0, "AGE_5_17": 14165.0, "AGE_18_29": 9854.0, "AGE_30_49": 16116.0, "AGE_50_64": 7690.0, "AGE_65_UP": 6097.0, "NEVERMARRY": 9535.0, "MARRIED": 26059.0, "SEPARATED": 1092.0, "WIDOWED": 3090.0, "DIVORCED": 3125.0, "HSEHLD_1_M": 1429.0, "HSEHLD_1_F": 1839.0, "MARHH_CHD": 7000.0, "MARHH_NO_C": 5183.0, "MHH_CHILD": 445.0, "FHH_CHILD": 1565.0, "HSE_UNITS": 22126.0, "VACANT": 3350.0, "OWNER_OCC": 12824.0, "RENTER_OCC": 5952.0, "MEDIAN_VAL": 47000.0, "MEDIANRENT": 254, "UNITS_1DET": 16452.0, "UNITS_1ATT": 415.0, "UNITS2": 687.0, "UNITS3_9": 1042.0, "UNITS10_49": 789.0, "UNITS50_UP": 212.0, "MOBILEHOME": 2155.0, "NO_FARMS87": 549.0, "AVG_SIZE87": 619.0, "CROP_ACR87": 259005.0, "AVG_SALE87": 122031.0, "Shape_Leng": 2.4536585059967271, "Shape_Area": 0.16553154994948599, "Datacenter": null, "GDP_Change": -4.9, "HP_Change": null, "Talent-Bachelor": null, "Talent-Master": null, "Talent-Doctor": null, "NetADD": null, "NewDatacenter2023": null, "NewDatacenter2024": null, "NewDatacenter2025": null, "NewDatacenter2022": null, "NewDatacenter2021": null, "1_DC": 0, "1_TT": -0.1119605, "1_TPM": -0.0007872, "1_GDP": -0.1456985, "1_TA": 0.9858046, "1_WI": 2.249373, "1_SO": -0.3707, "1_ST": -0.2626576, "1_LP": -0.1213433, "1_PF": 0.069318, "1_CP": -0.1614918, "1_T": 1.580573, "1_NR": 1.193916, "1_GW": -0.1492703, "1_SW": -0.1023481, "1_RW": 0.0053371, "1_EG": 1.061052, "1_OF": -0.1811359 }, "geometry": { "type": "MultiPolygon", "coordinates": [ [ [ [ -97.49980594181477, 27.843544506764218 ], [ -97.509319896652585, 27.839691778808035 ], [ -97.543782375600131, 27.856147379954521 ], [ -97.592840033319874, 27.866020939701404 ], [ -97.614385795376734, 27.885841045587338 ], [ -97.643438924345844, 27.8947744669907 ], [ -97.653609127488266, 27.917554722698533 ], [ -97.668273039897031, 27.926623656451124 ], [ -97.715705545517153, 27.922591413758568 ], [ -97.757416052994245, 27.940050288664391 ], [ -97.767448839231918, 27.930136361017052 ], [ -97.771248384955129, 27.942182635763235 ], [ -97.784485624154684, 27.94752108998992 ], [ -97.79534242687231, 27.945446011131548 ], [ -97.806542518005585, 27.930029630669829 ], [ -97.821900813831007, 27.952897742092528 ], [ -97.819756985430331, 27.976322739318004 ], [ -97.806680015144082, 27.984337026555096 ], [ -97.804711649931846, 28.000863453071993 ], [ -97.802491514522899, 28.027046391142541 ], [ -97.81147911212264, 28.037812923591911 ], [ -97.825776846121187, 28.042708900895182 ], [ -97.848146578160595, 28.03396032100958 ], [ -97.870752852729254, 28.03579706144648 ], [ -97.897990326459933, 28.058882627234841 ], [ -97.89721993616979, 28.110853637100874 ], [ -97.813226567854031, 28.169877705491597 ], [ -97.557233769923073, 28.121535437155291 ], [ -97.531476582044206, 28.156364251662865 ], [ -97.516057374388311, 28.154624923296957 ], [ -97.508107449019008, 28.144319996656407 ], [ -97.496319888642688, 28.159223482553049 ], [ -97.469159029173056, 28.170541409041132 ], [ -97.469128513448993, 28.154440240172313 ], [ -97.443134954333971, 28.144160241633127 ], [ -97.445065201560624, 28.13132430653156 ], [ -97.421322324754044, 28.132133158856377 ], [ -97.421993696148206, 28.11006605362104 ], [ -97.396465500325348, 28.10208432217868 ], [ -97.390995191664899, 28.112532378900493 ], [ -97.396305315620623, 28.124162863233227 ], [ -97.382534130000067, 28.119225045175025 ], [ -97.370822932410874, 28.131359170007219 ], [ -97.340442374969996, 28.113581745797479 ], [ -97.332393321898394, 28.123501503279019 ], [ -97.318278786126712, 28.113486544328051 ], [ -97.320201478933882, 28.134237599698004 ], [ -97.311381830128198, 28.135855025444393 ], [ -97.304782277449704, 28.116366616388802 ], [ -97.309741392462684, 28.106368685271832 ], [ -97.296084620964109, 28.098201868153279 ], [ -97.285090583102487, 28.103443119193972 ], [ -97.280383145128326, 28.089520105912044 ], [ -97.26315576707384, 28.080334838800834 ], [ -97.26055404702322, 28.065017600583438 ], [ -97.241503184430712, 28.048947043384072 ], [ -97.270563741173476, 28.026227533457927 ], [ -97.236482955052168, 28.040814456398849 ], [ -97.136368168430067, 27.89749738692635 ], [ -97.114891313298074, 27.915686864266362 ], [ -97.195732638350421, 27.81252543395598 ], [ -97.247292773261961, 27.822624382706643 ], [ -97.213608637758966, 27.831414890405437 ], [ -97.283754335667595, 27.871447850833654 ], [ -97.361315517447679, 27.840257757413003 ], [ -97.345888866471626, 27.873480393784654 ], [ -97.479626000836333, 27.853264093109782 ], [ -97.496952666833579, 27.875769576720632 ], [ -97.521969702719275, 27.86392723356122 ], [ -97.49980594181477, 27.843544506764218 ] ] ] ] } },
{ "type": "Feature", "properties": { "fid": 242, "OBJECTID": 2899.0, "NAME": "Aransas", "STATE_NAME": "Texas", "STATE_FIPS": "48", "CNTY_FIPS": "007", "FIPS": "48007", "AREA": 301.0633, "POP1990": 17892.0, "POP1999": 23464.0, "POP90_SQMI": 59.0, "HOUSEHOLDS": 6938.0, "MALES": 8868.0, "FEMALES": 9024.0, "WHITE": 15282.0, "BLACK": 319.0, "AMERI_ES": 111.0, "ASIAN_PI": 589.0, "OTHER": 1591.0, "HISPANIC": 3588.0, "AGE_UNDER5": 1201.0, "AGE_5_17": 3305.0, "AGE_18_29": 2441.0, "AGE_30_49": 4481.0, "AGE_50_64": 3153.0, "AGE_65_UP": 3311.0, "NEVERMARRY": 2296.0, "MARRIED": 9084.0, "SEPARATED": 276.0, "WIDOWED": 1107.0, "DIVORCED": 1312.0, "HSEHLD_1_M": 761.0, "HSEHLD_1_F": 835.0, "MARHH_CHD": 1742.0, "MARHH_NO_C": 2588.0, "MHH_CHILD": 120.0, "FHH_CHILD": 405.0, "HSE_UNITS": 10889.0, "VACANT": 3951.0, "OWNER_OCC": 5071.0, "RENTER_OCC": 1867.0, "MEDIAN_VAL": 56700.0, "MEDIANRENT": 278, "UNITS_1DET": 6651.0, "UNITS_1ATT": 181.0, "UNITS2": 86.0, "UNITS3_9": 534.0, "UNITS10_49": 402.0, "UNITS50_UP": 0.0, "MOBILEHOME": 2621.0, "NO_FARMS87": 54.0, "AVG_SIZE87": 424.0, "CROP_ACR87": 7501.0, "AVG_SALE87": 12416.0, "Shape_Leng": 2.642339387104351, "Shape_Area": 0.071616808920151001, "Datacenter": null, "GDP_Change": -0.8, "HP_Change": null, "Talent-Bachelor": null, "Talent-Master": null, "Talent-Doctor": null, "NetADD": 73, "NewDatacenter2023": null, "NewDatacenter2024": null, "NewDatacenter2025": null, "NewDatacenter2022": null, "NewDatacenter2021": null, "1_DC": 0, "1_TT": -0.1119605, "1_TPM": 0.1178809, "1_GDP": -0.2029131, "1_TA": -0.1696029, "1_WI": -0.4878197, "1_SO": -0.3707, "1_ST": -0.3565562, "1_LP": -0.1213433, "1_PF": 0.069318, "1_CP": -0.1614918, "1_T": 1.605481, "1_NR": 0.402891, "1_GW": -0.2248699, "1_SW": -0.1626654, "1_RW": -0.1552708, "1_EG": -0.5380116, "1_OF": -0.1845334 }, "geometry": { "type": "MultiPolygon", "coordinates": [ [ [ [ -96.793598285817552, 28.271656912800616 ], [ -96.803951755245407, 28.211734042180254 ], [ -96.951171366157723, 28.114646162690207 ], [ -96.912985980814653, 28.257082603483976 ], [ -96.975571190978883, 28.211037044895676 ], [ -96.941337220445121, 28.187059135859002 ], [ -96.975372288656445, 28.115336544695662 ], [ -97.033883049267843, 28.137687734914785 ], [ -97.023835427778977, 28.200083643454548 ], [ -97.059503165537251, 28.201886148653301 ], [ -97.088792771464625, 28.220628915356116 ], [ -97.100656582835086, 28.220953202923191 ], [ -97.125162535822653, 28.244153243508322 ], [ -97.117578804280356, 28.269705152077325 ], [ -96.786532945605131, 28.313142407785275 ], [ -96.793598285817552, 28.271656912800616 ] ] ], [ [ [ -97.114891313298074, 27.915686864266362 ], [ -97.136368168430067, 27.89749738692635 ], [ -97.236482955052168, 28.040814456398849 ], [ -97.123345667704939, 28.054559992129942 ], [ -97.026673026192668, 28.108041298633594 ], [ -97.024070844503342, 28.020532492948455 ], [ -97.114891313298074, 27.915686864266362 ] ] ], [ [ [ -96.94023027987248, 28.046227029428881 ], [ -96.872686279297284, 28.131695347674796 ], [ -96.837689480686095, 28.102132799880309 ], [ -96.85406998557562, 28.049696321779113 ], [ -97.049872311644208, 27.841258116321399 ], [ -97.024695622994159, 27.914681705866496 ], [ -96.949652380879797, 27.9848228167365 ], [ -96.973265903678168, 28.001148984961851 ], [ -96.94023027987248, 28.046227029428881 ] ] ] ] } },
{ "type": "Feature", "properties": { "fid": 243, "OBJECTID": 2900.0, "NAME": "Duval", "STATE_NAME": "Texas", "STATE_FIPS": "48", "CNTY_FIPS": "131", "FIPS": "48131", "AREA": 1796.5599, "POP1990": 12918.0, "POP1999": 13748.0, "POP90_SQMI": 7.0, "HOUSEHOLDS": 4159.0, "MALES": 6306.0, "FEMALES": 6612.0, "WHITE": 10183.0, "BLACK": 12.0, "AMERI_ES": 12.0, "ASIAN_PI": 17.0, "OTHER": 2694.0, "HISPANIC": 11267.0, "AGE_UNDER5": 1123.0, "AGE_5_17": 3105.0, "AGE_18_29": 2226.0, "AGE_30_49": 3075.0, "AGE_50_64": 1697.0, "AGE_65_UP": 1692.0, "NEVERMARRY": 2403.0, "MARRIED": 5285.0, "SEPARATED": 260.0, "WIDOWED": 846.0, "DIVORCED": 639.0, "HSEHLD_1_M": 348.0, "HSEHLD_1_F": 484.0, "MARHH_CHD": 1476.0, "MARHH_NO_C": 987.0, "MHH_CHILD": 107.0, "FHH_CHILD": 390.0, "HSE_UNITS": 5127.0, "VACANT": 968.0, "OWNER_OCC": 3322.0, "RENTER_OCC": 837.0, "MEDIAN_VAL": 23400.0, "MEDIANRENT": 172, "UNITS_1DET": 3874.0, "UNITS_1ATT": 89.0, "UNITS2": 59.0, "UNITS3_9": 82.0, "UNITS10_49": 23.0, "UNITS50_UP": 0.0, "MOBILEHOME": 884.0, "NO_FARMS87": 1151.0, "AVG_SIZE87": 866.0, "CROP_ACR87": 153539.0, "AVG_SALE87": 17099.0, "Shape_Leng": 2.7524700580275892, "Shape_Area": 0.42561816186242801, "Datacenter": null, "GDP_Change": -13.2, "HP_Change": null, "Talent-Bachelor": null, "Talent-Master": null, "Talent-Doctor": null, "NetADD": null, "NewDatacenter2023": null, "NewDatacenter2024": null, "NewDatacenter2025": null, "NewDatacenter2022": null, "NewDatacenter2021": null, "1_DC": 0, "1_TT": -0.1119605, "1_TPM": -0.0007872, "1_GDP": -0.2153856, "1_TA": -0.8870744, "1_WI": 0.2968423, "1_SO": -0.3707, "1_ST": -0.3565562, "1_LP": -0.5899621, "1_PF": 0.069318, "1_CP": -0.1614918, "1_T": 1.779836, "1_NR": 0.1814871, "1_GW": -0.1408378, "1_SW": -0.220112, "1_RW": -0.1722456, "1_EG": -0.5380116, "1_OF": -0.4597359 }, "geometry": { "type": "MultiPolygon", "coordinates": [ [ [ [ -98.534784301062416, 27.273338064017924 ], [ -98.537576689557341, 27.348977441516386 ], [ -98.56055707768968, 27.349293975005057 ], [ -98.560785938357242, 27.36588931921915 ], [ -98.598102345798338, 27.364548364375789 ], [ -98.596835880805372, 27.348401241180614 ], [ -98.6371812627944, 27.348929425798964 ], [ -98.637455859969464, 27.363682318573794 ], [ -98.808114925759185, 27.361141680835289 ], [ -98.807045234460361, 28.060999448125628 ], [ -98.339367826323155, 28.061628565965545 ], [ -98.23893986451327, 28.060933033785812 ], [ -98.238916642526021, 27.266956106997217 ], [ -98.534784301062416, 27.273338064017924 ] ] ] ] } },
{ "type": "Feature", "properties": { "fid": 244, "OBJECTID": 2901.0, "NAME": "Jim Wells", "STATE_NAME": "Texas", "STATE_FIPS": "48", "CNTY_FIPS": "249", "FIPS": "48249", "AREA": 864.0257, "POP1990": 37679.0, "POP1999": 40230.0, "POP90_SQMI": 44.0, "HOUSEHOLDS": 11979.0, "MALES": 18539.0, "FEMALES": 19140.0, "WHITE": 28504.0, "BLACK": 218.0, "AMERI_ES": 82.0, "ASIAN_PI": 103.0, "OTHER": 8772.0, "HISPANIC": 27201.0, "AGE_UNDER5": 3260.0, "AGE_5_17": 8994.0, "AGE_18_29": 6253.0, "AGE_30_49": 9748.0, "AGE_50_64": 5029.0, "AGE_65_UP": 4395.0, "NEVERMARRY": 6198.0, "MARRIED": 16488.0, "SEPARATED": 738.0, "WIDOWED": 2180.0, "DIVORCED": 1859.0, "HSEHLD_1_M": 896.0, "HSEHLD_1_F": 1285.0, "MARHH_CHD": 4516.0, "MARHH_NO_C": 3185.0, "MHH_CHILD": 242.0, "FHH_CHILD": 987.0, "HSE_UNITS": 13948.0, "VACANT": 1969.0, "OWNER_OCC": 8898.0, "RENTER_OCC": 3081.0, "MEDIAN_VAL": 33700.0, "MEDIANRENT": 201, "UNITS_1DET": 10267.0, "UNITS_1ATT": 231.0, "UNITS2": 268.0, "UNITS3_9": 504.0, "UNITS10_49": 403.0, "UNITS50_UP": 58.0, "MOBILEHOME": 1899.0, "NO_FARMS87": 771.0, "AVG_SIZE87": 651.0, "CROP_ACR87": 193229.0, "AVG_SALE87": 50106.0, "Shape_Leng": 2.3596206586173509, "Shape_Area": 0.20478812169834201, "Datacenter": null, "GDP_Change": -1.8, "HP_Change": null, "Talent-Bachelor": null, "Talent-Master": null, "Talent-Doctor": null, "NetADD": null, "NewDatacenter2023": null, "NewDatacenter2024": null, "NewDatacenter2025": null, "NewDatacenter2022": null, "NewDatacenter2021": null, "1_DC": 0, "1_TT": -0.1119605, "1_TPM": -0.0007872, "1_GDP": -0.1847835, "1_TA": -0.0650117, "1_WI": -0.4878197, "1_SO": -0.3707, "1_ST": -0.3565562, "1_LP": -0.1213433, "1_PF": 0.069318, "1_CP": -0.1614918, "1_T": 1.754928, "1_NR": 1.230297, "1_GW": -0.1524234, "1_SW": -0.1678893, "1_RW": -0.1270665, "1_EG": -0.4879467, "1_OF": 0.2163788 }, "geometry": { "type": "MultiPolygon", "coordinates": [ [ [ [ -98.238916642526021, 27.266956106997217 ], [ -98.23893986451327, 28.060933033785812 ], [ -97.897990326459933, 28.058882627234841 ], [ -97.870752852729254, 28.03579706144648 ], [ -97.848146578160595, 28.03396032100958 ], [ -97.825776846121187, 28.042708900895182 ], [ -97.81147911212264, 28.037812923591911 ], [ -97.802491514522899, 28.027046391142541 ], [ -97.804711649931846, 28.000863453071993 ], [ -97.939303808053012, 27.884823904621431 ], [ -97.948268238406854, 27.640962114724783 ], [ -98.062635265482584, 27.638053223284405 ], [ -98.062414504069068, 27.263852986096605 ], [ -98.238916642526021, 27.266956106997217 ] ] ] ] } },
{ "type": "Feature", "properties": { "fid": 245, "OBJECTID": 2903.0, "NAME": "Nueces", "STATE_NAME": "Texas", "STATE_FIPS": "48", "CNTY_FIPS": "355", "FIPS": "48355", "AREA": 855.3732, "POP1990": 291145.0, "POP1999": 317608.0, "POP90_SQMI": 340.0, "HOUSEHOLDS": 99740.0, "MALES": 142414.0, "FEMALES": 148731.0, "WHITE": 220168.0, "BLACK": 12691.0, "AMERI_ES": 1175.0, "ASIAN_PI": 2483.0, "OTHER": 54628.0, "HISPANIC": 152051.0, "AGE_UNDER5": 24043.0, "AGE_5_17": 64781.0, "AGE_18_29": 53974.0, "AGE_30_49": 83751.0, "AGE_50_64": 35174.0, "AGE_65_UP": 29422.0, "NEVERMARRY": 53540.0, "MARRIED": 120626.0, "SEPARATED": 6703.0, "WIDOWED": 14577.0, "DIVORCED": 21059.0, "HSEHLD_1_M": 9821.0, "HSEHLD_1_F": 11987.0, "MARHH_CHD": 32125.0, "MARHH_NO_C": 24532.0, "MHH_CHILD": 2160.0, "FHH_CHILD": 9721.0, "HSE_UNITS": 114326.0, "VACANT": 14586.0, "OWNER_OCC": 58066.0, "RENTER_OCC": 41674.0, "MEDIAN_VAL": 54700.0, "MEDIANRENT": 300, "UNITS_1DET": 73819.0, "UNITS_1ATT": 3543.0, "UNITS2": 2728.0, "UNITS3_9": 13718.0, "UNITS10_49": 9503.0, "UNITS50_UP": 4895.0, "MOBILEHOME": 4095.0, "NO_FARMS87": 656.0, "AVG_SIZE87": 710.0, "CROP_ACR87": 341891.0, "AVG_SALE87": 77529.0, "Shape_Leng": 3.1473661300045599, "Shape_Area": 0.202865191384281, "Datacenter": 1, "GDP_Change": 7.8, "HP_Change": null, "Talent-Bachelor": 9, "Talent-Master": null, "Talent-Doctor": null, "NetADD": -209, "NewDatacenter2023": null, "NewDatacenter2024": null, "NewDatacenter2025": null, "NewDatacenter2022": null, "NewDatacenter2021": null, "1_DC": 1, "1_TT": -0.0979124, "1_TPM": -0.3405356, "1_GDP": 0.3426441, "1_TA": 1.813276, "1_WI": 0.7738959, "1_SO": -0.3707, "1_ST": -0.2626576, "1_LP": -0.1213433, "1_PF": 0.069318, "1_CP": -0.1614918, "1_T": 1.779836, "1_NR": 1.560843, "1_GW": -0.1613692, "1_SW": 0.6140324, "1_RW": -0.1299391, "1_EG": 1.131599, "1_OF": 1.130323 }, "geometry": { "type": "MultiPolygon", "coordinates": [ [ [ [ -97.331727130190757, 27.562636502880789 ], [ -97.838646736378166, 27.557242348082315 ], [ -97.875650120650221, 27.593003708505332 ], [ -97.87964041521451, 27.617960426342577 ], [ -97.948268238406854, 27.640962114724783 ], [ -97.939303808053012, 27.884823904621431 ], [ -97.804711649931846, 28.000863453071993 ], [ -97.806680015144082, 27.984337026555096 ], [ -97.819756985430331, 27.976322739318004 ], [ -97.821900813831007, 27.952897742092528 ], [ -97.806542518005585, 27.930029630669829 ], [ -97.79534242687231, 27.945446011131548 ], [ -97.784485624154684, 27.94752108998992 ], [ -97.771248384955129, 27.942182635763235 ], [ -97.767448839231918, 27.930136361017052 ], [ -97.757416052994245, 27.940050288664391 ], [ -97.715705545517153, 27.922591413758568 ], [ -97.668273039897031, 27.926623656451124 ], [ -97.653609127488266, 27.917554722698533 ], [ -97.643438924345844, 27.8947744669907 ], [ -97.614385795376734, 27.885841045587338 ], [ -97.592840033319874, 27.866020939701404 ], [ -97.543782375600131, 27.856147379954521 ], [ -97.509319896652585, 27.839691778808035 ], [ -97.49980594181477, 27.843544506764218 ], [ -97.480083614304135, 27.820585125081312 ], [ -97.38881213860941, 27.831730142995021 ], [ -97.39683042845013, 27.771146057707536 ], [ -97.318063327614766, 27.712534750742751 ], [ -97.349779166119049, 27.715637507964299 ], [ -97.320283410013133, 27.690944432039956 ], [ -97.353631822278828, 27.64111274654946 ], [ -97.399485249754889, 27.633498291064438 ], [ -97.34777231556086, 27.631751939897171 ], [ -97.309480118386432, 27.708172927073264 ], [ -97.250061417835752, 27.689142925313647 ], [ -97.331727130190757, 27.562636502880789 ] ] ], [ [ [ -97.223982776641776, 27.57432348125301 ], [ -97.248939030861379, 27.581449125786513 ], [ -97.25894951696597, 27.652061738138919 ], [ -97.203848789852884, 27.612379117133578 ], [ -97.170447693015717, 27.707771058247072 ], [ -97.075560561604334, 27.811579340255189 ], [ -97.113303697062634, 27.819521178547809 ], [ -97.053831931244645, 27.830777752431086 ], [ -97.223982776641776, 27.57432348125301 ] ] ] ] } },
{ "type": "Feature", "properties": { "fid": 246, "OBJECTID": 2908.0, "NAME": "Kleberg", "STATE_NAME": "Texas", "STATE_FIPS": "48", "CNTY_FIPS": "273", "FIPS": "48273", "AREA": 873.4196, "POP1990": 30274.0, "POP1999": 30105.0, "POP90_SQMI": 35.0, "HOUSEHOLDS": 10058.0, "MALES": 15070.0, "FEMALES": 15204.0, "WHITE": 20650.0, "BLACK": 998.0, "AMERI_ES": 81.0, "ASIAN_PI": 414.0, "OTHER": 8131.0, "HISPANIC": 18529.0, "AGE_UNDER5": 2554.0, "AGE_5_17": 6291.0, "AGE_18_29": 7553.0, "AGE_30_49": 7353.0, "AGE_50_64": 3550.0, "AGE_65_UP": 2973.0, "NEVERMARRY": 6996.0, "MARRIED": 12175.0, "SEPARATED": 515.0, "WIDOWED": 1537.0, "DIVORCED": 1603.0, "HSEHLD_1_M": 1040.0, "HSEHLD_1_F": 1152.0, "MARHH_CHD": 3232.0, "MARHH_NO_C": 2465.0, "MHH_CHILD": 189.0, "FHH_CHILD": 895.0, "HSE_UNITS": 12008.0, "VACANT": 1950.0, "OWNER_OCC": 6000.0, "RENTER_OCC": 4058.0, "MEDIAN_VAL": 40800.0, "MEDIANRENT": 273, "UNITS_1DET": 8121.0, "UNITS_1ATT": 379.0, "UNITS2": 475.0, "UNITS3_9": 866.0, "UNITS10_49": 563.0, "UNITS50_UP": 336.0, "MOBILEHOME": 1064.0, "NO_FARMS87": 274.0, "AVG_SIZE87": 3424.0, "CROP_ACR87": 81408.0, "AVG_SALE87": 178267.0, "Shape_Leng": 3.2744281718089971, "Shape_Area": 0.206427196754008, "Datacenter": 1, "GDP_Change": 3.4, "HP_Change": null, "Talent-Bachelor": null, "Talent-Master": null, "Talent-Doctor": null, "NetADD": null, "NewDatacenter2023": null, "NewDatacenter2024": null, "NewDatacenter2025": 1, "NewDatacenter2022": null, "NewDatacenter2021": null, "1_DC": 1, "1_TT": -0.1119605, "1_TPM": -0.0007872, "1_GDP": -0.190697, "1_TA": -0.7542743, "1_WI": -0.4878197, "1_SO": -0.3707, "1_ST": -0.3565562, "1_LP": -0.1213433, "1_PF": 0.069318, "1_CP": -0.1614918, "1_T": 1.879468, "1_NR": 1.161693, "1_GW": -0.0913424, "1_SW": -0.2062093, "1_RW": -0.1722456, "1_EG": -0.5380116, "1_OF": 0.9774326 }, "geometry": { "type": "MultiPolygon", "coordinates": [ [ [ [ -97.785017752344004, 27.288040290364563 ], [ -97.820167301218191, 27.277555865761233 ], [ -97.826248053555219, 27.259236334921738 ], [ -97.84015681916452, 27.253989364036865 ], [ -97.885820019870323, 27.243852090298041 ], [ -97.930148059205408, 27.246577548292404 ], [ -97.9568593186724, 27.238801514272641 ], [ -97.967540759523729, 27.2187177792879 ], [ -97.984974420518142, 27.214903178970221 ], [ -97.98486759691383, 27.262858090881846 ], [ -98.062414504069068, 27.263852986096605 ], [ -98.062635265482584, 27.638053223284405 ], [ -97.948268238406854, 27.640962114724783 ], [ -97.87964041521451, 27.617960426342577 ], [ -97.875650120650221, 27.593003708505332 ], [ -97.838646736378166, 27.557242348082315 ], [ -97.331727130190757, 27.562636502880789 ], [ -97.412528368104631, 27.32134499851065 ], [ -97.50070316236895, 27.319987960399963 ], [ -97.50780849161589, 27.439531735602223 ], [ -97.528650555173044, 27.344420399533259 ], [ -97.600382701142735, 27.300455144692187 ], [ -97.750349437971067, 27.419982952668132 ], [ -97.680279172265955, 27.294693079854078 ], [ -97.785017752344004, 27.288040290364563 ] ] ], [ [ [ -97.248939030861379, 27.581449125786513 ], [ -97.223982776641776, 27.57432348125301 ], [ -97.359380185770817, 27.284040521200566 ], [ -97.376355967441214, 27.284965404059559 ], [ -97.335769491668202, 27.441138264068055 ], [ -97.248939030861379, 27.581449125786513 ] ] ] ] } },
{ "type": "Feature", "properties": { "fid": 247, "OBJECTID": 2911.0, "NAME": "Jim Hogg", "STATE_NAME": "Texas", "STATE_FIPS": "48", "CNTY_FIPS": "247", "FIPS": "48247", "AREA": 1116.3622, "POP1990": 5109.0, "POP1999": 5027.0, "POP90_SQMI": 5.0, "HOUSEHOLDS": 1675.0, "MALES": 2496.0, "FEMALES": 2613.0, "WHITE": 4375.0, "BLACK": 4.0, "AMERI_ES": 12.0, "ASIAN_PI": 4.0, "OTHER": 714.0, "HISPANIC": 4659.0, "AGE_UNDER5": 475.0, "AGE_5_17": 1193.0, "AGE_18_29": 849.0, "AGE_30_49": 1219.0, "AGE_50_64": 681.0, "AGE_65_UP": 692.0, "NEVERMARRY": 928.0, "MARRIED": 2128.0, "SEPARATED": 91.0, "WIDOWED": 339.0, "DIVORCED": 209.0, "HSEHLD_1_M": 150.0, "HSEHLD_1_F": 191.0, "MARHH_CHD": 606.0, "MARHH_NO_C": 399.0, "MHH_CHILD": 32.0, "FHH_CHILD": 139.0, "HSE_UNITS": 2103.0, "VACANT": 428.0, "OWNER_OCC": 1308.0, "RENTER_OCC": 367.0, "MEDIAN_VAL": 28300.0, "MEDIANRENT": 173, "UNITS_1DET": 1670.0, "UNITS_1ATT": 66.0, "UNITS2": 34.0, "UNITS3_9": 27.0, "UNITS10_49": 5.0, "UNITS50_UP": 0.0, "MOBILEHOME": 262.0, "NO_FARMS87": 202.0, "AVG_SIZE87": 3891.0, "CROP_ACR87": 18078.0, "AVG_SALE87": 58971.0, "Shape_Leng": 2.2171242888106608, "Shape_Area": 0.26312941248780303, "Datacenter": null, "GDP_Change": -2.1, "HP_Change": null, "Talent-Bachelor": null, "Talent-Master": null, "Talent-Doctor": null, "NetADD": null, "NewDatacenter2023": null, "NewDatacenter2024": null, "NewDatacenter2025": null, "NewDatacenter2022": null, "NewDatacenter2021": null, "1_DC": 0, "1_TT": -0.1119605, "1_TPM": -0.0007872, "1_GDP": -0.2180292, "1_TA": -1.060535, "1_WI": -0.2896991, "1_SO": -0.3707, "1_ST": -0.3565562, "1_LP": -0.5899621, "1_PF": 0.069318, "1_CP": -0.1614918, "1_T": 2.004008, "1_NR": -0.1116391, "1_GW": -0.2124044, "1_SW": -0.220112, "1_RW": -0.1722456, "1_EG": -0.4774117, "1_OF": 1.439501 }, "geometry": { "type": "MultiPolygon", "coordinates": [ [ [ [ -98.43797573024591, 26.787982611728626 ], [ -98.960132448500417, 26.78894451766288 ], [ -98.958373515404162, 27.27100466406311 ], [ -98.80882535549955, 27.273570389358028 ], [ -98.808114925759185, 27.361141680835289 ], [ -98.637455859969464, 27.363682318573794 ], [ -98.6371812627944, 27.348929425798964 ], [ -98.596835880805372, 27.348401241180614 ], [ -98.598102345798338, 27.364548364375789 ], [ -98.560785938357242, 27.36588931921915 ], [ -98.56055707768968, 27.349293975005057 ], [ -98.537576689557341, 27.348977441516386 ], [ -98.534784301062416, 27.273338064017924 ], [ -98.543482084703783, 27.272075412028546 ], [ -98.541040607610626, 27.265588719071136 ], [ -98.506737839856896, 27.242514362394687 ], [ -98.509355782006992, 27.150786597487365 ], [ -98.484918125109175, 27.149516357910425 ], [ -98.484362011163853, 27.065099300390166 ], [ -98.435540149389794, 27.062535939002888 ], [ -98.43797573024591, 26.787982611728626 ] ] ] ] } },
{ "type": "Feature", "properties": { "fid": 248, "OBJECTID": 2913.0, "NAME": "Zapata", "STATE_NAME": "Texas", "STATE_FIPS": "48", "CNTY_FIPS": "505", "FIPS": "48505", "AREA": 1057.9869, "POP1990": 9279.0, "POP1999": 11730.0, "POP90_SQMI": 9.0, "HOUSEHOLDS": 2862.0, "MALES": 4560.0, "FEMALES": 4719.0, "WHITE": 6680.0, "BLACK": 1.0, "AMERI_ES": 9.0, "ASIAN_PI": 8.0, "OTHER": 2581.0, "HISPANIC": 7519.0, "AGE_UNDER5": 879.0, "AGE_5_17": 2349.0, "AGE_18_29": 1540.0, "AGE_30_49": 2079.0, "AGE_50_64": 1046.0, "AGE_65_UP": 1386.0, "NEVERMARRY": 1428.0, "MARRIED": 4223.0, "SEPARATED": 113.0, "WIDOWED": 507.0, "DIVORCED": 300.0, "HSEHLD_1_M": 216.0, "HSEHLD_1_F": 246.0, "MARHH_CHD": 1172.0, "MARHH_NO_C": 807.0, "MHH_CHILD": 52.0, "FHH_CHILD": 195.0, "HSE_UNITS": 4225.0, "VACANT": 1363.0, "OWNER_OCC": 2346.0, "RENTER_OCC": 516.0, "MEDIAN_VAL": 35500.0, "MEDIANRENT": 163, "UNITS_1DET": 2405.0, "UNITS_1ATT": 49.0, "UNITS2": 13.0, "UNITS3_9": 60.0, "UNITS10_49": 55.0, "UNITS50_UP": 0.0, "MOBILEHOME": 1472.0, "NO_FARMS87": 360.0, "AVG_SIZE87": 1199.0, "CROP_ACR87": 31221.0, "AVG_SALE87": 16423.0, "Shape_Leng": 2.1233831899320652, "Shape_Area": 0.249158313568108, "Datacenter": null, "GDP_Change": -8.3, "HP_Change": null, "Talent-Bachelor": null, "Talent-Master": null, "Talent-Doctor": null, "NetADD": null, "NewDatacenter2023": null, "NewDatacenter2024": null, "NewDatacenter2025": null, "NewDatacenter2022": null, "NewDatacenter2021": null, "1_DC": 0, "1_TT": -0.1119605, "1_TPM": -0.0007872, "1_GDP": -0.2088569, "1_TA": -1.033848, "1_WI": 0.057012, "1_SO": -0.3707, "1_ST": -0.0748602, "1_LP": -0.5899621, "1_PF": 0.069318, "1_CP": -0.1614918, "1_T": 2.203271, "1_NR": -0.5721174, "1_GW": -0.2433115, "1_SW": -0.171461, "1_RW": -0.1722456, "1_EG": -0.2558238, "1_OF": -0.8062872 }, "geometry": { "type": "MultiPolygon", "coordinates": [ [ [ [ -99.166128451556972, 26.580220710274748 ], [ -99.285836994753822, 26.857678733223221 ], [ -99.390835046796269, 26.946943735974251 ], [ -99.393032622792646, 26.995861544725798 ], [ -99.455381382662949, 27.028958159955636 ], [ -99.437475006832415, 27.199502465290706 ], [ -99.465590142954625, 27.270186558615876 ], [ -99.371425184934083, 27.308386305358006 ], [ -99.335466978463273, 27.271289605001847 ], [ -98.958373515404162, 27.27100466406311 ], [ -98.960132448500417, 26.78894451766288 ], [ -99.012623749722138, 26.680488262385769 ], [ -99.166128451556972, 26.580220710274748 ] ] ] ] } },
{ "type": "Feature", "properties": { "fid": 249, "OBJECTID": 2914.0, "NAME": "Brooks", "STATE_NAME": "Texas", "STATE_FIPS": "48", "CNTY_FIPS": "047", "FIPS": "48047", "AREA": 971.0392, "POP1990": 8204.0, "POP1999": 8559.0, "POP90_SQMI": 8.0, "HOUSEHOLDS": 2673.0, "MALES": 3975.0, "FEMALES": 4229.0, "WHITE": 6748.0, "BLACK": 3.0, "AMERI_ES": 13.0, "ASIAN_PI": 10.0, "OTHER": 1430.0, "HISPANIC": 7338.0, "AGE_UNDER5": 750.0, "AGE_5_17": 1964.0, "AGE_18_29": 1362.0, "AGE_30_49": 1939.0, "AGE_50_64": 1113.0, "AGE_65_UP": 1076.0, "NEVERMARRY": 1447.0, "MARRIED": 3322.0, "SEPARATED": 122.0, "WIDOWED": 560.0, "DIVORCED": 468.0, "HSEHLD_1_M": 211.0, "HSEHLD_1_F": 345.0, "MARHH_CHD": 915.0, "MARHH_NO_C": 636.0, "MHH_CHILD": 61.0, "FHH_CHILD": 291.0, "HSE_UNITS": 3104.0, "VACANT": 431.0, "OWNER_OCC": 1917.0, "RENTER_OCC": 756.0, "MEDIAN_VAL": 26700.0, "MEDIANRENT": 99, "UNITS_1DET": 2340.0, "UNITS_1ATT": 91.0, "UNITS2": 164.0, "UNITS3_9": 36.0, "UNITS10_49": 42.0, "UNITS50_UP": 0.0, "MOBILEHOME": 378.0, "NO_FARMS87": 330.0, "AVG_SIZE87": 1603.0, "CROP_ACR87": 33396.0, "AVG_SALE87": 35516.0, "Shape_Leng": 2.0543546330265419, "Shape_Area": 0.228771942843848, "Datacenter": null, "GDP_Change": -10.6, "HP_Change": null, "Talent-Bachelor": null, "Talent-Master": null, "Talent-Doctor": null, "NetADD": null, "NewDatacenter2023": null, "NewDatacenter2024": null, "NewDatacenter2025": null, "NewDatacenter2022": null, "NewDatacenter2021": null, "1_DC": 0, "1_TT": -0.1119605, "1_TPM": -0.0007872, "1_GDP": -0.2160865, "1_TA": -0.8739232, "1_WI": -0.4878197, "1_SO": -0.3707, "1_ST": -0.2626576, "1_LP": -0.5899621, "1_PF": 0.069318, "1_CP": -0.1614918, "1_T": 2.028915, "1_NR": 0.3904175, "1_GW": -0.2288662, "1_SW": -0.1075053, "1_RW": -0.1722456, "1_EG": -0.5350956, "1_OF": 1.205069 }, "geometry": { "type": "MultiPolygon", "coordinates": [ [ [ [ -98.341567147072396, 26.787420244335468 ], [ -98.43797573024591, 26.787982611728626 ], [ -98.435540149389794, 27.062535939002888 ], [ -98.484362011163853, 27.065099300390166 ], [ -98.484918125109175, 27.149516357910425 ], [ -98.509355782006992, 27.150786597487365 ], [ -98.506737839856896, 27.242514362394687 ], [ -98.541040607610626, 27.265588719071136 ], [ -98.543482084703783, 27.272075412028546 ], [ -98.534784301062416, 27.273338064017924 ], [ -98.238916642526021, 27.266956106997217 ], [ -98.062414504069068, 27.263852986096605 ], [ -97.98486759691383, 27.262858090881846 ], [ -97.984974420518142, 27.214903178970221 ], [ -97.990902873439495, 26.786807965544948 ], [ -98.341567147072396, 26.787420244335468 ] ] ] ] } },
{ "type": "Feature", "properties": { "fid": 250, "OBJECTID": 2917.0, "NAME": "Kenedy", "STATE_NAME": "Texas", "STATE_FIPS": "48", "CNTY_FIPS": "261", "FIPS": "48261", "AREA": 1405.3786, "POP1990": 460.0, "POP1999": 442.0, "POP90_SQMI": 0.0, "HOUSEHOLDS": 145.0, "MALES": 225.0, "FEMALES": 235.0, "WHITE": 378.0, "BLACK": 0.0, "AMERI_ES": 0.0, "ASIAN_PI": 0.0, "OTHER": 82.0, "HISPANIC": 362.0, "AGE_UNDER5": 36.0, "AGE_5_17": 102.0, "AGE_18_29": 76.0, "AGE_30_49": 114.0, "AGE_50_64": 91.0, "AGE_65_UP": 41.0, "NEVERMARRY": 77.0, "MARRIED": 221.0, "SEPARATED": 5.0, "WIDOWED": 22.0, "DIVORCED": 15.0, "HSEHLD_1_M": 14.0, "HSEHLD_1_F": 10.0, "MARHH_CHD": 53.0, "MARHH_NO_C": 51.0, "MHH_CHILD": 2.0, "FHH_CHILD": 3.0, "HSE_UNITS": 213.0, "VACANT": 68.0, "OWNER_OCC": 29.0, "RENTER_OCC": 116.0, "MEDIAN_VAL": 22500.0, "MEDIANRENT": 135, "UNITS_1DET": 180.0, "UNITS_1ATT": 1.0, "UNITS2": 1.0, "UNITS3_9": 4.0, "UNITS10_49": 0.0, "UNITS50_UP": 0.0, "MOBILEHOME": 11.0, "NO_FARMS87": 24.0, "AVG_SIZE87": 25912.0, "CROP_ACR87": 2667.0, "AVG_SALE87": 261441.0, "Shape_Leng": 3.946773146642129, "Shape_Area": 0.33080868825194198, "Datacenter": null, "GDP_Change": -11.9, "HP_Change": null, "Talent-Bachelor": null, "Talent-Master": null, "Talent-Doctor": null, "NetADD": null, "NewDatacenter2023": null, "NewDatacenter2024": null, "NewDatacenter2025": null, "NewDatacenter2022": null, "NewDatacenter2021": null, "1_DC": 0, "1_TT": -0.1119605, "1_TPM": -0.0007872, "1_GDP": -0.2170053, "1_TA": -1.272521, "1_WI": 2.35104, "1_SO": -0.3707, "1_ST": -0.3565562, "1_LP": -0.5899621, "1_PF": 0.069318, "1_CP": -0.1614918, "1_T": 2.004008, "1_NR": -0.6698261, "1_GW": -0.2439715, "1_SW": -0.220112, "1_RW": -0.1722456, "1_EG": -0.0206674, "1_OF": -1.414451 }, "geometry": { "type": "MultiPolygon", "coordinates": [ [ [ [ -97.964032286392012, 26.613095446974977 ], [ -97.991788976562304, 26.617329492261529 ], [ -97.990902873439495, 26.786807965544948 ], [ -97.984974420518142, 27.214903178970221 ], [ -97.967540759523729, 27.2187177792879 ], [ -97.9568593186724, 27.238801514272641 ], [ -97.930148059205408, 27.246577548292404 ], [ -97.885820019870323, 27.243852090298041 ], [ -97.84015681916452, 27.253989364036865 ], [ -97.826248053555219, 27.259236334921738 ], [ -97.820167301218191, 27.277555865761233 ], [ -97.785017752344004, 27.288040290364563 ], [ -97.548424568446876, 27.230530017347537 ], [ -97.427481269691498, 27.26545510181095 ], [ -97.50376733150847, 27.081868609566332 ], [ -97.479260251397307, 26.996838041608797 ], [ -97.568831786521741, 26.978188612597748 ], [ -97.558317325895814, 26.846386862875921 ], [ -97.495837653022704, 26.794117316759618 ], [ -97.45195800721001, 26.601326868332379 ], [ -97.866654930430229, 26.597749884995174 ], [ -97.964032286392012, 26.613095446974977 ] ] ], [ [ [ -97.296092397949053, 26.601012474797209 ], [ -97.301387360259241, 26.601365312651765 ], [ -97.358282303241708, 26.706985056689732 ], [ -97.381591899695991, 26.820711063721859 ], [ -97.395570399765631, 26.92232022604485 ], [ -97.401172637213449, 27.111554075650499 ], [ -97.389050332905242, 27.201974963293647 ], [ -97.378796233724984, 27.204773032280226 ], [ -97.387187445673476, 27.097571796432369 ], [ -97.381593233479919, 26.949354249550112 ], [ -97.358283210129116, 26.802999997857828 ], [ -97.296092397949053, 26.601012474797209 ] ] ], [ [ [ -97.359380185770817, 27.284040521200566 ], [ -97.379643189593935, 27.210777178121248 ], [ -97.376355967441214, 27.284965404059559 ], [ -97.359380185770817, 27.284040521200566 ] ] ] ] } },
{ "type": "Feature", "properties": { "fid": 251, "OBJECTID": 2921.0, "NAME": "Starr", "STATE_NAME": "Texas", "STATE_FIPS": "48", "CNTY_FIPS": "427", "FIPS": "48427", "AREA": 1195.7012, "POP1990": 40518.0, "POP1999": 57412.0, "POP90_SQMI": 34.0, "HOUSEHOLDS": 10331.0, "MALES": 19927.0, "FEMALES": 20591.0, "WHITE": 25067.0, "BLACK": 25.0, "AMERI_ES": 31.0, "ASIAN_PI": 25.0, "OTHER": 15370.0, "HISPANIC": 39390.0, "AGE_UNDER5": 4019.0, "AGE_5_17": 11946.0, "AGE_18_29": 8049.0, "AGE_30_49": 9536.0, "AGE_50_64": 4110.0, "AGE_65_UP": 2858.0, "NEVERMARRY": 7726.0, "MARRIED": 16688.0, "SEPARATED": 567.0, "WIDOWED": 1523.0, "DIVORCED": 951.0, "HSEHLD_1_M": 429.0, "HSEHLD_1_F": 634.0, "MARHH_CHD": 5495.0, "MARHH_NO_C": 1863.0, "MHH_CHILD": 228.0, "FHH_CHILD": 1036.0, "HSE_UNITS": 12209.0, "VACANT": 1878.0, "OWNER_OCC": 8137.0, "RENTER_OCC": 2194.0, "MEDIAN_VAL": 21900.0, "MEDIANRENT": 163, "UNITS_1DET": 9680.0, "UNITS_1ATT": 449.0, "UNITS2": 238.0, "UNITS3_9": 370.0, "UNITS10_49": 111.0, "UNITS50_UP": 0.0, "MOBILEHOME": 1138.0, "NO_FARMS87": 885.0, "AVG_SIZE87": 677.0, "CROP_ACR87": 194544.0, "AVG_SALE87": 71304.0, "Shape_Leng": 2.2812035851449082, "Shape_Area": 0.28060786787707798, "Datacenter": null, "GDP_Change": -2.9, "HP_Change": -4.1, "Talent-Bachelor": null, "Talent-Master": null, "Talent-Doctor": null, "NetADD": null, "NewDatacenter2023": null, "NewDatacenter2024": null, "NewDatacenter2025": null, "NewDatacenter2022": null, "NewDatacenter2021": null, "1_DC": 0, "1_TT": -0.1119605, "1_TPM": -0.0007872, "1_GDP": -0.1907842, "1_TA": -0.7124521, "1_WI": 3.036642, "1_SO": -0.3357621, "1_ST": -0.1687589, "1_LP": -0.5899621, "1_PF": 0.069318, "1_CP": -0.1614918, "1_T": 2.277994, "1_NR": 1.174166, "1_GW": -0.2392419, "1_SW": -0.0678668, "1_RW": -0.1722456, "1_EG": 0.0969108, "1_OF": 1.062372 }, "geometry": { "type": "MultiPolygon", "coordinates": [ [ [ [ -98.600268339678053, 26.260802899343748 ], [ -98.678219047693233, 26.242404686276053 ], [ -98.820136438419979, 26.375413754289522 ], [ -98.909203200129241, 26.360671503330657 ], [ -98.939576655792791, 26.395650905573106 ], [ -99.107036489358279, 26.419869146539462 ], [ -99.101780761521013, 26.488676721752334 ], [ -99.168989257228304, 26.546061521898107 ], [ -99.166128451556972, 26.580220710274748 ], [ -99.012623749722138, 26.680488262385769 ], [ -98.960132448500417, 26.78894451766288 ], [ -98.43797573024591, 26.787982611728626 ], [ -98.341567147072396, 26.787420244335468 ], [ -98.600268339678053, 26.260802899343748 ] ] ] ] } },
{ "type": "Feature", "properties": { "fid": 252, "OBJECTID": 2922.0, "NAME": "Hidalgo", "STATE_NAME": "Texas", "STATE_FIPS": "48", "CNTY_FIPS": "215", "FIPS": "48215", "AREA": 1630.4827, "POP1990": 383544.99999999994, "POP1999": 537944.0, "POP90_SQMI": 235.0, "HOUSEHOLDS": 103479.0, "MALES": 185199.0, "FEMALES": 198346.0, "WHITE": 286858.0, "BLACK": 806.0, "AMERI_ES": 668.0, "ASIAN_PI": 1088.0, "OTHER": 94125.0, "HISPANIC": 326972.0, "AGE_UNDER5": 35765.0, "AGE_5_17": 104656.0, "AGE_18_29": 73209.0, "AGE_30_49": 92724.0, "AGE_50_64": 38753.0, "AGE_65_UP": 38438.0, "NEVERMARRY": 77105.0, "MARRIED": 154740.0, "SEPARATED": 7337.0, "WIDOWED": 15837.0, "DIVORCED": 13080.0, "HSEHLD_1_M": 5316.0, "HSEHLD_1_F": 8563.0, "MARHH_CHD": 44986.0, "MARHH_NO_C": 23886.0, "MHH_CHILD": 2123.0, "FHH_CHILD": 11371.0, "HSE_UNITS": 128241.0, "VACANT": 24762.0, "OWNER_OCC": 72715.0, "RENTER_OCC": 30764.0, "MEDIAN_VAL": 35900.0, "MEDIANRENT": 221, "UNITS_1DET": 78579.0, "UNITS_1ATT": 4058.0, "UNITS2": 2973.0, "UNITS3_9": 7183.0, "UNITS10_49": 5562.0, "UNITS50_UP": 1270.0, "MOBILEHOME": 24727.0, "NO_FARMS87": 1929.0, "AVG_SIZE87": 395.0, "CROP_ACR87": 448449.0, "AVG_SALE87": 120837.0, "Shape_Leng": 2.7349174415209951, "Shape_Area": 0.38182846327427, "Datacenter": 4, "GDP_Change": 2.6, "HP_Change": -1.2, "Talent-Bachelor": null, "Talent-Master": null, "Talent-Doctor": null, "NetADD": 34, "NewDatacenter2023": null, "NewDatacenter2024": null, "NewDatacenter2025": null, "NewDatacenter2022": null, "NewDatacenter2021": null, "1_DC": 4, "1_TT": -0.1119605, "1_TPM": 0.0544829, "1_GDP": 0.413771, "1_TA": 1.204689, "1_WI": 0.9198795, "1_SO": -0.3707, "1_ST": 6.056724, "1_LP": 0.0855245, "1_PF": 0.069318, "1_CP": -0.1614918, "1_T": 2.302902, "1_NR": 1.638803, "1_GW": 0.2215416, "1_SW": 1.795043, "1_RW": 6.359666, "1_EG": 1.34324, "1_OF": 1.052179 }, "geometry": { "type": "MultiPolygon", "coordinates": [ [ [ [ -98.600268339678053, 26.260802899343748 ], [ -98.341567147072396, 26.787420244335468 ], [ -97.990902873439495, 26.786807965544948 ], [ -97.991788976562304, 26.617329492261529 ], [ -97.964032286392012, 26.613095446974977 ], [ -97.976476666531767, 26.557436676704775 ], [ -97.973928501163925, 26.536593764374896 ], [ -97.989599861776583, 26.537360406227634 ], [ -98.004943358600144, 26.464179249773167 ], [ -97.873888104657226, 26.447254690073798 ], [ -97.869233688608517, 26.348695147856084 ], [ -97.867707876917336, 26.060496075930704 ], [ -98.040352573657799, 26.059750514614763 ], [ -98.076631552845981, 26.03498247024994 ], [ -98.083498246619286, 26.066113321947924 ], [ -98.200979572582128, 26.055732144249522 ], [ -98.292237688853902, 26.098459148429789 ], [ -98.271645628726901, 26.121249430279274 ], [ -98.292566044396096, 26.133162288433898 ], [ -98.328226532846543, 26.112000772381794 ], [ -98.347484076480953, 26.159032608075627 ], [ -98.384815651122381, 26.156383268167538 ], [ -98.453688914982479, 26.221261616810242 ], [ -98.488815348835715, 26.201894863273932 ], [ -98.600268339678053, 26.260802899343748 ] ] ] ] } },
{ "type": "Feature", "properties": { "fid": 253, "OBJECTID": 2924.0, "NAME": "Willacy", "STATE_NAME": "Texas", "STATE_FIPS": "48", "CNTY_FIPS": "489", "FIPS": "48489", "AREA": 576.2957, "POP1990": 17705.0, "POP1999": 19769.0, "POP90_SQMI": 31.0, "HOUSEHOLDS": 5049.0, "MALES": 8560.0, "FEMALES": 9145.0, "WHITE": 13820.0, "BLACK": 79.0, "AMERI_ES": 29.0, "ASIAN_PI": 13.0, "OTHER": 3764.0, "HISPANIC": 14937.0, "AGE_UNDER5": 1571.0, "AGE_5_17": 4903.0, "AGE_18_29": 3013.0, "AGE_30_49": 4105.0, "AGE_50_64": 2137.0, "AGE_65_UP": 1976.0, "NEVERMARRY": 3404.0, "MARRIED": 7159.0, "SEPARATED": 336.0, "WIDOWED": 896.0, "DIVORCED": 605.0, "HSEHLD_1_M": 306.0, "HSEHLD_1_F": 532.0, "MARHH_CHD": 2066.0, "MARHH_NO_C": 1217.0, "MHH_CHILD": 101.0, "FHH_CHILD": 520.0, "HSE_UNITS": 6072.0, "VACANT": 1023.0, "OWNER_OCC": 3813.0, "RENTER_OCC": 1236.0, "MEDIAN_VAL": 25800.0, "MEDIANRENT": 155, "UNITS_1DET": 4845.0, "UNITS_1ATT": 99.0, "UNITS2": 112.0, "UNITS3_9": 183.0, "UNITS10_49": 114.0, "UNITS50_UP": 0.0, "MOBILEHOME": 602.0, "NO_FARMS87": 293.0, "AVG_SIZE87": 776.0, "CROP_ACR87": 200833.0, "AVG_SALE87": 164523.0, "Shape_Leng": 2.088224263529221, "Shape_Area": 0.13507459382286899, "Datacenter": 1, "GDP_Change": -3.5, "HP_Change": -3.2, "Talent-Bachelor": null, "Talent-Master": null, "Talent-Doctor": null, "NetADD": null, "NewDatacenter2023": null, "NewDatacenter2024": null, "NewDatacenter2025": 1, "NewDatacenter2022": null, "NewDatacenter2021": null, "1_DC": 1, "1_TT": -0.1119605, "1_TPM": -0.0007872, "1_GDP": -0.2085305, "1_TA": 0.0800811, "1_WI": 4.397418, "1_SO": -0.3707, "1_ST": -0.3565562, "1_LP": 0.0855245, "1_PF": 0.069318, "1_CP": -0.1614918, "1_T": 2.128547, "1_NR": 0.9350917, "1_GW": -0.2026153, "1_SW": -0.1941426, "1_RW": -0.1722456, "1_EG": 0.4261299, "1_OF": 1.544825 }, "geometry": { "type": "MultiPolygon", "coordinates": [ [ [ [ -97.869233688608517, 26.348695147856084 ], [ -97.873888104657226, 26.447254690073798 ], [ -98.004943358600144, 26.464179249773167 ], [ -97.989599861776583, 26.537360406227634 ], [ -97.973928501163925, 26.536593764374896 ], [ -97.976476666531767, 26.557436676704775 ], [ -97.964032286392012, 26.613095446974977 ], [ -97.866654930430229, 26.597749884995174 ], [ -97.45195800721001, 26.601326868332379 ], [ -97.42611578164076, 26.518569762746669 ], [ -97.474968244819649, 26.477150830666549 ], [ -97.421446845873959, 26.385407658073884 ], [ -97.446037330327727, 26.365958784427068 ], [ -97.46024398414562, 26.329317478926907 ], [ -97.499345969172111, 26.339052207938078 ], [ -97.543644053453932, 26.326238993644456 ], [ -97.541797808347269, 26.302147813939069 ], [ -97.869233688608517, 26.348695147856084 ] ] ], [ [ [ -97.232361289034543, 26.418490252491662 ], [ -97.251503999756437, 26.419651852336553 ], [ -97.267503434756236, 26.479251096577215 ], [ -97.278803221449039, 26.54030732517381 ], [ -97.301387360259241, 26.601365312651765 ], [ -97.296092397949053, 26.601012474797209 ], [ -97.232361289034543, 26.418490252491662 ] ] ] ] } },
{ "type": "Feature", "properties": { "fid": 254, "OBJECTID": 2926.0, "NAME": "Cameron", "STATE_NAME": "Texas", "STATE_FIPS": "48", "CNTY_FIPS": "061", "FIPS": "48061", "AREA": 919.2784, "POP1990": 260120.0, "POP1999": 334004.0, "POP90_SQMI": 283.0, "HOUSEHOLDS": 73278.0, "MALES": 124681.0, "FEMALES": 135439.0, "WHITE": 214424.0, "BLACK": 825.0, "AMERI_ES": 413.0, "ASIAN_PI": 750.0, "OTHER": 43708.0, "HISPANIC": 212995.0, "AGE_UNDER5": 23151.0, "AGE_5_17": 68689.0, "AGE_18_29": 48197.0, "AGE_30_49": 63710.0, "AGE_50_64": 28858.0, "AGE_65_UP": 27515.0, "NEVERMARRY": 53329.0, "MARRIED": 103088.0, "SEPARATED": 5781.0, "WIDOWED": 12259.0, "DIVORCED": 10651.0, "HSEHLD_1_M": 4681.0, "HSEHLD_1_F": 7060.0, "MARHH_CHD": 28604.0, "MARHH_NO_C": 17234.0, "MHH_CHILD": 1609.0, "FHH_CHILD": 8568.0, "HSE_UNITS": 88759.0, "VACANT": 15481.0, "OWNER_OCC": 47172.0, "RENTER_OCC": 26106.0, "MEDIAN_VAL": 38400.0, "MEDIANRENT": 235, "UNITS_1DET": 53207.0, "UNITS_1ATT": 3577.0, "UNITS2": 2887.0, "UNITS3_9": 7062.0, "UNITS10_49": 5362.0, "UNITS50_UP": 3678.0, "MOBILEHOME": 11331.0, "NO_FARMS87": 1002.0, "AVG_SIZE87": 389.0, "CROP_ACR87": 257421.0, "AVG_SALE87": 86932.0, "Shape_Leng": 3.0188774854028808, "Shape_Area": 0.21488177862609201, "Datacenter": 3, "GDP_Change": 5.7, "HP_Change": 0.4, "Talent-Bachelor": 2, "Talent-Master": null, "Talent-Doctor": null, "NetADD": 56, "NewDatacenter2023": null, "NewDatacenter2024": null, "NewDatacenter2025": 1, "NewDatacenter2022": null, "NewDatacenter2021": null, "1_DC": 3, "1_TT": -0.1088387, "1_TPM": 0.0902459, "1_GDP": 0.1303329, "1_TA": 2.153425, "1_WI": 1.086718, "1_SO": 0.2686647, "1_ST": 0.2725649, "1_LP": 0.0855245, "1_PF": 0.069318, "1_CP": -0.1614918, "1_T": 2.228179, "1_NR": 1.582672, "1_GW": -0.2029453, "1_SW": -0.2142372, "1_RW": -0.1722456, "1_EG": 0.0969108, "1_OF": 0.9502521 }, "geometry": { "type": "MultiPolygon", "coordinates": [ [ [ [ -97.172474773923625, 25.954927368505125 ], [ -97.307398811058249, 25.965482386936117 ], [ -97.304689812692516, 25.939022205382532 ], [ -97.381246025134033, 25.9173794515869 ], [ -97.385898887513406, 25.845721660465518 ], [ -97.434606965340322, 25.845557420478702 ], [ -97.590353110964713, 25.933589059207367 ], [ -97.575201018555845, 25.954529400255684 ], [ -97.613189147237961, 25.962358934533661 ], [ -97.648240311768291, 26.023801057622407 ], [ -97.867707876917336, 26.060496075930704 ], [ -97.869233688608517, 26.348695147856084 ], [ -97.541797808347269, 26.302147813939069 ], [ -97.543644053453932, 26.326238993644456 ], [ -97.499345969172111, 26.339052207938078 ], [ -97.46024398414562, 26.329317478926907 ], [ -97.446037330327727, 26.365958784427068 ], [ -97.421446845873959, 26.385407658073884 ], [ -97.368954897938806, 26.35940938527083 ], [ -97.353619711777242, 26.182802641091182 ], [ -97.253373235331026, 26.068672011523645 ], [ -97.276575318821529, 26.002633303375422 ], [ -97.213347882329003, 26.009425263222475 ], [ -97.172474773923625, 25.954927368505125 ] ] ], [ [ [ -97.251503999756437, 26.419651852336553 ], [ -97.232361289034543, 26.418490252491662 ], [ -97.195242726292861, 26.259593077215285 ], [ -97.172048371895301, 26.078076660909453 ], [ -97.179586497454238, 26.072276572885301 ], [ -97.20916679717493, 26.250893934623925 ], [ -97.226562615733997, 26.348900534693218 ], [ -97.251503999756437, 26.419651852336553 ] ] ] ] } }
]
}
